-- MySQL dump 10.13  Distrib 5.5.29, for debian-linux-gnu (i686)
--
-- Host: localhost    Database: analyst
-- ------------------------------------------------------
-- Server version	5.5.29-0ubuntu0.12.04.2

/*!40101 SET @OLD_CHARACTER_SET_CLIENT=@@CHARACTER_SET_CLIENT */;
/*!40101 SET @OLD_CHARACTER_SET_RESULTS=@@CHARACTER_SET_RESULTS */;
/*!40101 SET @OLD_COLLATION_CONNECTION=@@COLLATION_CONNECTION */;
/*!40101 SET NAMES utf8 */;
/*!40103 SET @OLD_TIME_ZONE=@@TIME_ZONE */;
/*!40103 SET TIME_ZONE='+00:00' */;
/*!40014 SET @OLD_UNIQUE_CHECKS=@@UNIQUE_CHECKS, UNIQUE_CHECKS=0 */;
/*!40014 SET @OLD_FOREIGN_KEY_CHECKS=@@FOREIGN_KEY_CHECKS, FOREIGN_KEY_CHECKS=0 */;
/*!40101 SET @OLD_SQL_MODE=@@SQL_MODE, SQL_MODE='NO_AUTO_VALUE_ON_ZERO' */;
/*!40111 SET @OLD_SQL_NOTES=@@SQL_NOTES, SQL_NOTES=0 */;

--
-- Table structure for table `analysis`
--

DROP TABLE IF EXISTS `analysis`;
/*!40101 SET @saved_cs_client     = @@character_set_client */;
/*!40101 SET character_set_client = utf8 */;
CREATE TABLE `analysis` (
  `id` bigint(20) NOT NULL AUTO_INCREMENT,
  `description` text,
  `name` varchar(127) NOT NULL,
  `project` bigint(20) NOT NULL,
  `version` int(11) DEFAULT NULL,
  PRIMARY KEY (`id`),
  KEY `FKC2F032DC749CCDC9` (`project`),
  CONSTRAINT `FKC2F032DC749CCDC9` FOREIGN KEY (`project`) REFERENCES `project` (`id`) ON DELETE CASCADE
) ENGINE=InnoDB AUTO_INCREMENT=16 DEFAULT CHARSET=latin1;
/*!40101 SET character_set_client = @saved_cs_client */;

--
-- Dumping data for table `analysis`
--

LOCK TABLES `analysis` WRITE;
/*!40000 ALTER TABLE `analysis` DISABLE KEYS */;
INSERT INTO `analysis` VALUES (13,'Created with project','Default',177,NULL),(14,'Created with project','Default',178,NULL),(15,'Created with project','Default',179,NULL);
/*!40000 ALTER TABLE `analysis` ENABLE KEYS */;
UNLOCK TABLES;

--
-- Table structure for table `approach`
--

DROP TABLE IF EXISTS `approach`;
/*!40101 SET @saved_cs_client     = @@character_set_client */;
/*!40101 SET character_set_client = utf8 */;
CREATE TABLE `approach` (
  `id` bigint(20) NOT NULL AUTO_INCREMENT,
  `name` varchar(127) NOT NULL,
  `description` text,
  `version` int(11) DEFAULT NULL,
  `interview` bigint(20) NOT NULL,
  `start` date DEFAULT NULL,
  `end` date DEFAULT NULL,
  `approved` tinyint(1) NOT NULL DEFAULT '0',
  `cost` int(11) DEFAULT NULL,
  PRIMARY KEY (`id`),
  KEY `fk_approach_interview1` (`interview`),
  CONSTRAINT `fk_approach_interview1` FOREIGN KEY (`interview`) REFERENCES `interview` (`id`) ON DELETE CASCADE ON UPDATE NO ACTION
) ENGINE=InnoDB AUTO_INCREMENT=78 DEFAULT CHARSET=latin1;
/*!40101 SET character_set_client = @saved_cs_client */;

--
-- Dumping data for table `approach`
--

LOCK TABLES `approach` WRITE;
/*!40000 ALTER TABLE `approach` DISABLE KEYS */;
INSERT INTO `approach` VALUES (1,'Decision Statements',NULL,NULL,39,NULL,NULL,0,NULL),(2,'Enterprise Content Management',NULL,NULL,39,NULL,NULL,0,NULL),(3,'Initiative Model Protocols',NULL,NULL,39,NULL,NULL,0,NULL),(4,'KM & Communications Support to Initiatives',NULL,NULL,39,NULL,NULL,0,NULL),(5,'KM Support to Strategic Foundation Communications',NULL,NULL,39,NULL,NULL,0,NULL),(6,'KM Training and Learning',NULL,NULL,39,NULL,NULL,0,NULL),(7,'Knowledge Support Center',NULL,NULL,39,NULL,NULL,0,NULL),(8,'RF Intelligence Network',NULL,NULL,39,NULL,NULL,0,NULL),(9,'Strategic Portfolio Management',NULL,NULL,39,NULL,NULL,0,NULL),(10,'Reflection Sessions',NULL,NULL,39,NULL,NULL,0,NULL),(11,'Exit Interviews',NULL,NULL,39,NULL,NULL,0,NULL),(12,'Template XYZ','',NULL,126,NULL,NULL,0,0),(13,'asd','',NULL,127,'2013-04-01','2013-04-07',1,10),(14,'Sample','test',NULL,128,'2013-04-09','2013-04-30',0,13),(15,'A functional, content managed intranet',NULL,NULL,173,NULL,NULL,0,NULL),(16,'Attending regional and international workshops/ seminars arranged outside the Bank.',NULL,NULL,207,NULL,NULL,0,NULL),(17,'Bank-offered Workshop',NULL,NULL,384,NULL,NULL,0,NULL),(18,'BBL',NULL,NULL,384,NULL,NULL,0,NULL),(19,'Be more client centric and allow clients to participate in the Bank’s learning events for them to appreciate the level of knowl',NULL,NULL,172,NULL,NULL,0,NULL),(20,'Be more proactive, reach out to country offices, be more resourceful in providing options to the TTLs about how it can help.',NULL,NULL,159,NULL,NULL,0,NULL),(21,'Coaching (i.e., task specific, time limited)',NULL,NULL,384,NULL,NULL,0,NULL),(22,'Continue with regular BBLs, including inviting external experts; provide opportunities to country offices for BBLs or hold brea',NULL,NULL,215,NULL,NULL,0,NULL),(23,'Course offered outside the Bank',NULL,NULL,384,NULL,NULL,0,NULL),(24,'Create a more communicable space. A scoop or “Facebook” for the water community. Map out who does what and where. This would be',NULL,NULL,180,NULL,NULL,0,NULL),(25,'Define thematic subjects and let people fill out in which ones are involved, being possible to identify more than one theme for',NULL,NULL,254,NULL,NULL,0,NULL),(26,'Deliberate formulation of learning goals and plan; more frequent knowledge event and exchanges',NULL,NULL,164,NULL,NULL,0,NULL),(27,'Develop a one-stop contact points who oversees all the references produced on the subject.  Basically, a person who will enable',NULL,NULL,167,NULL,NULL,0,NULL),(28,'Dissemination of knowledge products: Creation of a link where the people can access directly to the documents and maybe make co',NULL,NULL,245,NULL,NULL,0,NULL),(29,'e-Learning',NULL,NULL,384,NULL,NULL,0,NULL),(30,'Each day feature a different person from the water practice (not just technical staff by ACS as well) on scoop and get them to ',NULL,NULL,238,NULL,NULL,0,NULL),(31,'Edit all key documents in Spanish',NULL,NULL,205,NULL,NULL,0,NULL),(32,'Effective concise communication will ensure we get the desired behavior change (results) that we seek/',NULL,NULL,235,NULL,NULL,0,NULL),(33,'Enhance anchor in W&S on economics and policy',NULL,NULL,182,NULL,NULL,0,NULL),(34,'Ensure efficient flows of information (projects & regions / corporate and Anchor).   Use communications as a mean for the Water',NULL,NULL,170,NULL,NULL,0,NULL),(35,'Facilitate access to knowledge within World Bank systems - from data bases, as well as between colleagues',NULL,NULL,178,NULL,NULL,0,NULL),(36,'Find ways of incentivising more use of the social media/IT',NULL,NULL,158,NULL,NULL,0,NULL),(37,'Fund the TGs, package best practices in such a way that they are useful to practitioners in the field, and focus on delivering ',NULL,NULL,207,NULL,NULL,0,NULL),(38,'Have trainings on what is available and how to find it. not day long workshops but BBLs, on-line courses (short). it seems ever',NULL,NULL,214,NULL,NULL,0,NULL),(39,'Help the clients to better communicate with citizens and with there staff to be aligned',NULL,NULL,134,NULL,NULL,0,NULL),(40,'HQ and country office work together to identify the knowledge gaps and act together to fulfill the gaps.',NULL,NULL,165,NULL,NULL,0,NULL),(41,'Identification of peer reviewer(s): Create a database with the experience and details of email, phones etc.',NULL,NULL,245,NULL,NULL,0,NULL),(42,'Increase and improve access to materials on-line',NULL,NULL,141,NULL,NULL,0,NULL),(43,'Internal lessons learned, are not real lessons learned until they are published in forms other people have access to: peer-revi',NULL,NULL,208,NULL,NULL,0,NULL),(44,'It is all about capturing and dissemination of knowledge and having it available at people’s fingertips at all times - we need ',NULL,NULL,255,NULL,NULL,0,NULL),(45,'Less clearances, more space for experimentation',NULL,NULL,212,NULL,NULL,0,NULL),(46,'Let’s not forget the need to produce very sound analytical work. We need to generate analytically sound knowledge that can be m',NULL,NULL,225,NULL,NULL,0,NULL),(47,'Master classes and mentoring on specific skills; on the job',NULL,NULL,196,NULL,NULL,0,NULL),(48,'Mentoring',NULL,NULL,384,NULL,NULL,0,NULL),(49,'Mixed between on-line and face-to-face',NULL,NULL,384,NULL,NULL,0,NULL),(50,'More effective keyword search in a unified knowledge product database',NULL,NULL,228,NULL,NULL,0,NULL),(51,'More exchange of information and promote exchange of experiences',NULL,NULL,203,NULL,NULL,0,NULL),(52,'More on-line courses, webinars, BBLs and network to reach out to countries and produce something tangible.',NULL,NULL,147,NULL,NULL,0,NULL),(53,'More than “study tour”, I find that joining other country teams on their daily operations and finding places to contribute and ',NULL,NULL,229,NULL,NULL,0,NULL),(54,'Move away from a 2-day SDN forum into sector days allowing staff to attend other sectors training.',NULL,NULL,216,NULL,NULL,0,NULL),(55,'Peer exchange',NULL,NULL,384,NULL,NULL,0,NULL),(56,'Please stop pushing the blog/Twitter/Facebook BS, knowledge is about substance, not fancy packaging. what about a simple “back ',NULL,NULL,233,NULL,NULL,0,NULL),(57,'Position the KM,L and C as a service to the water practice',NULL,NULL,217,NULL,NULL,0,NULL),(58,'Promote capacity internally on knowledge management, learning and communications.',NULL,NULL,136,NULL,NULL,0,NULL),(59,'Promote the use of ICT platforms and social networks by staff and clients as a way to exchange knowledge across units and regio',NULL,NULL,211,NULL,NULL,0,NULL),(60,'Reading',NULL,NULL,190,NULL,NULL,0,NULL),(61,'Recruit managers that actually know about the topic and are not just recruited to make up quotas (eg gender, race etc)',NULL,NULL,181,NULL,NULL,0,NULL),(62,'Sector Week',NULL,NULL,384,NULL,NULL,0,NULL),(63,'SharePoint Site',NULL,NULL,253,NULL,NULL,0,NULL),(64,'Space in PP to better personalize our profile (giving more examples and descriptions of what we do and what we are interested i',NULL,NULL,176,NULL,NULL,0,NULL),(65,'Study tour',NULL,NULL,384,NULL,NULL,0,NULL),(66,'Support field teams.',NULL,NULL,191,NULL,NULL,0,NULL),(67,'That we keep expand beyond the current group of people who know each other',NULL,NULL,232,NULL,NULL,0,NULL),(68,'The communication and learning need to be strengthened by exposure visit, by BBL, or BBB.',NULL,NULL,154,NULL,NULL,0,NULL),(69,'To be more systematic and link it to incentives.  The fact is that it takes time to prepare and disseminate knowledge products ',NULL,NULL,202,NULL,NULL,0,NULL),(70,'To develop a Newsletter with smart lessons, the period can be quarterly',NULL,NULL,149,NULL,NULL,0,NULL),(71,'To have a council of very experienced (that have worked in the government and in the WB) colleagues',NULL,NULL,193,NULL,NULL,0,NULL),(72,'Translate into other languages',NULL,NULL,148,NULL,NULL,0,NULL),(73,'Translation process: Considerer more languages than English , our stakeholders in LAC appreciated that.',NULL,NULL,245,NULL,NULL,0,NULL),(74,'Webinar',NULL,NULL,384,NULL,NULL,0,NULL);
/*!40000 ALTER TABLE `approach` ENABLE KEYS */;
UNLOCK TABLES;

--
-- Table structure for table `decision`
--

DROP TABLE IF EXISTS `decision`;
/*!40101 SET @saved_cs_client     = @@character_set_client */;
/*!40101 SET character_set_client = utf8 */;
CREATE TABLE `decision` (
  `id` int(11) NOT NULL AUTO_INCREMENT,
  `name` varchar(63) DEFAULT NULL,
  `description` text,
  `importance` tinyint(4) DEFAULT NULL,
  `interview` bigint(20) NOT NULL,
  PRIMARY KEY (`id`),
  KEY `fk_decision_interview1` (`interview`),
  CONSTRAINT `fk_decision_interview1` FOREIGN KEY (`interview`) REFERENCES `interview` (`id`) ON DELETE CASCADE ON UPDATE NO ACTION
) ENGINE=InnoDB AUTO_INCREMENT=2 DEFAULT CHARSET=latin1;
/*!40101 SET character_set_client = @saved_cs_client */;

--
-- Dumping data for table `decision`
--

LOCK TABLES `decision` WRITE;
/*!40000 ALTER TABLE `decision` DISABLE KEYS */;
INSERT INTO `decision` VALUES (1,'Decision','Task',0,128);
/*!40000 ALTER TABLE `decision` ENABLE KEYS */;
UNLOCK TABLES;

--
-- Table structure for table `decision_flow`
--

DROP TABLE IF EXISTS `decision_flow`;
/*!40101 SET @saved_cs_client     = @@character_set_client */;
/*!40101 SET character_set_client = utf8 */;
CREATE TABLE `decision_flow` (
  `decision` int(11) NOT NULL,
  `flow` bigint(20) NOT NULL,
  PRIMARY KEY (`decision`,`flow`),
  KEY `fk_decision_has_flow_flow1` (`flow`),
  KEY `fk_decision_has_flow_decision1` (`decision`),
  CONSTRAINT `fk_decision_has_flow_decision1` FOREIGN KEY (`decision`) REFERENCES `decision` (`id`) ON DELETE CASCADE ON UPDATE NO ACTION,
  CONSTRAINT `fk_decision_has_flow_flow1` FOREIGN KEY (`flow`) REFERENCES `flow` (`id`) ON DELETE CASCADE ON UPDATE NO ACTION
) ENGINE=InnoDB DEFAULT CHARSET=latin1;
/*!40101 SET character_set_client = @saved_cs_client */;

--
-- Dumping data for table `decision_flow`
--

LOCK TABLES `decision_flow` WRITE;
/*!40000 ALTER TABLE `decision_flow` DISABLE KEYS */;
/*!40000 ALTER TABLE `decision_flow` ENABLE KEYS */;
UNLOCK TABLES;

--
-- Table structure for table `document_category`
--

DROP TABLE IF EXISTS `document_category`;
/*!40101 SET @saved_cs_client     = @@character_set_client */;
/*!40101 SET character_set_client = utf8 */;
CREATE TABLE `document_category` (
  `id` int(11) NOT NULL AUTO_INCREMENT,
  `name` varchar(45) NOT NULL,
  `sequence` smallint(6) DEFAULT NULL,
  `tenant_id` int(11) NOT NULL DEFAULT '3',
  PRIMARY KEY (`id`),
  UNIQUE KEY `name_UNIQUE` (`name`)
) ENGINE=InnoDB AUTO_INCREMENT=12 DEFAULT CHARSET=latin1;
/*!40101 SET character_set_client = @saved_cs_client */;

--
-- Dumping data for table `document_category`
--

LOCK TABLES `document_category` WRITE;
/*!40000 ALTER TABLE `document_category` DISABLE KEYS */;
INSERT INTO `document_category` VALUES (1,'Scan',1,2),(2,'Search',2,2),(3,'Development',3,2),(4,'Execution',4,2),(5,'Grant Document',5,2),(11,'Testing',0,3);
/*!40000 ALTER TABLE `document_category` ENABLE KEYS */;
UNLOCK TABLES;

--
-- Table structure for table `documents`
--

DROP TABLE IF EXISTS `documents`;
/*!40101 SET @saved_cs_client     = @@character_set_client */;
/*!40101 SET character_set_client = utf8 */;
CREATE TABLE `documents` (
  `id` int(11) NOT NULL AUTO_INCREMENT,
  `category` int(11) DEFAULT NULL,
  `document` varchar(63) DEFAULT NULL,
  `tenant_id` int(11) NOT NULL DEFAULT '3',
  PRIMARY KEY (`id`),
  KEY `fk_doc_cat` (`category`),
  CONSTRAINT `fk_doc_cat` FOREIGN KEY (`category`) REFERENCES `document_category` (`id`) ON DELETE SET NULL ON UPDATE NO ACTION
) ENGINE=InnoDB AUTO_INCREMENT=53 DEFAULT CHARSET=latin1;
/*!40101 SET character_set_client = @saved_cs_client */;

--
-- Dumping data for table `documents`
--

LOCK TABLES `documents` WRITE;
/*!40000 ALTER TABLE `documents` DISABLE KEYS */;
INSERT INTO `documents` VALUES (1,1,'Searchlight Newsletter',2),(2,1,'Expert interview transcripts',2),(3,1,'Research synthesis doc',2),(4,1,'Problem Space',2),(5,1,'Prioritization doc',2),(6,1,'Search decision memo (8 problem spaces)',2),(7,1,'Shaped search options',2),(8,1,'Scan­-to-search recommendation',2),(9,2,'Background Materials',2),(10,2,'(internal/external)',2),(11,2,'Mid-search memo',2),(12,2,'Search­-to-Development memo',2),(13,2,'Learning Session',2),(14,3,'Development Initiative Outline',2),(15,3,'ME&L Plan',2),(16,3,'Risk/Uncertainties Plan',2),(17,3,'Strategy Soaks',2),(18,3,'Systems Map',2),(19,3,'Reflections Document',2),(20,3,'Execution Document',2),(21,3,'Evaluation',2),(22,3,'End of Development Memo',2),(23,3,'Execution Recommendation',2),(24,3,'Wind Down Plan',2),(25,3,'ET decision',2),(26,4,'ME&L Plan',2),(27,4,'Interim Evaluation',2),(28,4,'Final Evaluation',2),(29,4,'Synthesis Reviews',2),(30,4,'Thematic Briefs',2),(31,5,'Grant Interim Assessment',2),(32,5,'Grant Closing Report',2),(33,5,'Grant Agreement Addendum',2),(34,5,'Assorted Deliverables',2),(36,5,'Proposal & Budget Guidelines',2),(37,5,'Grant Agreement',2),(38,5,'Preproposal Bundle',2),(52,NULL,'A document',3);
/*!40000 ALTER TABLE `documents` ENABLE KEYS */;
UNLOCK TABLES;

--
-- Table structure for table `flow`
--

DROP TABLE IF EXISTS `flow`;
/*!40101 SET @saved_cs_client     = @@character_set_client */;
/*!40101 SET character_set_client = utf8 */;
CREATE TABLE `flow` (
  `id` bigint(20) NOT NULL AUTO_INCREMENT,
  `from_actor` varchar(255) DEFAULT NULL,
  `to_actor` varchar(255) DEFAULT NULL,
  `name` varchar(127) NOT NULL,
  `description` text,
  `document` int(11) DEFAULT NULL,
  `interview` bigint(20) NOT NULL,
  `version` int(11) DEFAULT NULL,
  PRIMARY KEY (`id`),
  KEY `FK30012E674650D9` (`interview`),
  KEY `fk_flow_doc` (`document`),
  CONSTRAINT `FK30012E674650D9` FOREIGN KEY (`interview`) REFERENCES `interview` (`id`) ON DELETE CASCADE,
  CONSTRAINT `fk_flow_doc` FOREIGN KEY (`document`) REFERENCES `documents` (`id`) ON DELETE SET NULL ON UPDATE NO ACTION
) ENGINE=InnoDB AUTO_INCREMENT=325 DEFAULT CHARSET=latin1;
/*!40101 SET character_set_client = @saved_cs_client */;

--
-- Dumping data for table `flow`
--

LOCK TABLES `flow` WRITE;
/*!40000 ALTER TABLE `flow` DISABLE KEYS */;
INSERT INTO `flow` VALUES (1,'Asia Regional Office','','Defined guidelines/policies',NULL,NULL,2,NULL),(2,'Asia Regional Office','','E-access – shared drive',NULL,NULL,2,NULL),(3,'Asia Regional Office','','Information – RF\'s ecosystem',NULL,NULL,2,NULL),(4,'Asia Regional Office','','Interaction',NULL,NULL,2,NULL),(5,'Associate Directors (AD\'s)','Associate Directors (AD\'s)','Grantee performance – past',NULL,NULL,22,NULL),(6,'Associate Directors (AD\'s)','Associate Directors (AD\'s)','Information – grants',NULL,NULL,22,NULL),(7,'Associate Directors (AD\'s)','Associate Directors (AD\'s)','Status – grants',NULL,NULL,22,NULL),(8,'Associate Directors (AD\'s)','Grantees','Defined requirements',NULL,NULL,18,NULL),(9,'Associate Directors (AD\'s)','Systems (Atlas)','Interaction',NULL,NULL,18,NULL),(10,'Associate Directors (AD\'s)','Systems (Atlas)','',NULL,NULL,4,NULL),(11,'Beneficiaries','Evaluation','Information – beneficiaries',NULL,NULL,34,NULL),(12,'Centennial Program','RF Staff','Best practices and lessons learned',NULL,NULL,23,NULL),(13,'Centennial Program','RF Staff','Information – RF\'s ecosystem',NULL,NULL,23,NULL),(14,'Centennial Program','RF Staff','Intelligence products',NULL,NULL,23,NULL),(15,'Communications','Grantees','Analytics',NULL,NULL,19,NULL),(16,'Communications','Grantees','Interaction',NULL,NULL,19,NULL),(17,'Communications','Information Technology','Defined functions',NULL,NULL,35,NULL),(18,'Communications','Information Technology','Defined guidelines/policies',NULL,NULL,5,NULL),(19,'Communications','Information Technology','Defined requirements',NULL,NULL,35,NULL),(20,'Communications','Information Technology','Interaction',NULL,NULL,35,NULL),(21,'Communications','Public','Analytics',NULL,NULL,19,NULL),(22,'Communications','Public','Defined guidelines/policies – intellectual property',NULL,NULL,16,NULL),(23,'Communications','Public','Information – RF\'s work',NULL,NULL,16,NULL),(24,'Communications','Public','Interaction',NULL,NULL,19,NULL),(25,'Communications','Public','',NULL,NULL,20,NULL),(26,'Communications','Senior FI Staff','Intelligence – communications support',NULL,NULL,15,NULL),(27,'Communications','Senior FI Staff','Intelligence – event support',NULL,NULL,15,NULL),(28,'Evaluation','Communications','Compelling stories',NULL,NULL,25,NULL),(29,'Evaluation','Communications','Defined guidelines/policies',NULL,NULL,25,NULL),(30,'Evaluation','Executive Team (ET)','Compelling stories',NULL,NULL,25,NULL),(31,'Evaluation','Executive Team (ET)','Defined guidelines/policies',NULL,NULL,25,NULL),(32,'Executive and Senior Leadership','Associate Directors (AD\'s)','Clear decision making processes',NULL,NULL,4,NULL),(33,'Executive and Senior Leadership','Associate Directors (AD\'s)','Defined guidelines/policies',NULL,NULL,3,NULL),(34,'Executive and Senior Leadership','Associate Directors (AD\'s)','Status – decisions',NULL,NULL,18,NULL),(35,'Executive and Senior Leadership','Human Resources','Defined guidelines/policies – RF strategy',NULL,NULL,7,NULL),(36,'Executive and Senior Leadership','Managing Directors (MDs)','Defined guidelines/policies',NULL,NULL,7,NULL),(37,'Executive Team (ET)','Foundation Initiatives','Information – briefings given to president\'s office',NULL,NULL,12,NULL),(38,'Executive Team (ET)','Foundation Initiatives','Information – meetings',NULL,NULL,12,NULL),(39,'Executive Team (ET)','Research ','Clear decision making processes',NULL,NULL,8,NULL),(40,'Executive Team (ET)','Research ','Defined requirements',NULL,NULL,8,NULL),(41,'Executive Team (ET)','Senior FI Staff','Information – briefings given to president\'s office',NULL,NULL,12,NULL),(42,'Executive Team (ET)','Senior FI Staff','Information – meetings',NULL,NULL,12,NULL),(43,'External Organizations/Individuals','Associate Directors (AD\'s)','Analysis – better trend analysis',NULL,NULL,22,NULL),(44,'External Organizations/Individuals','Associate Directors (AD\'s)','Analysis – subject matter experts',NULL,NULL,22,NULL),(45,'External Organizations/Individuals','Associate Directors (AD\'s)','Information – RF\'s ecosystem',NULL,NULL,22,NULL),(46,'External Organizations/Individuals','Foundation Initiatives (FI) Teams','Analysis – subject matter experts',NULL,NULL,13,NULL),(47,'External Organizations/Individuals','Foundation Initiatives (FI) Teams','Assessments',NULL,NULL,25,NULL),(48,'External Organizations/Individuals','Foundation Initiatives (FI) Teams','Information – RF\'s ecosystem',NULL,NULL,13,NULL),(49,'External Organizations/Individuals','Foundation Initiatives (FI) Teams','Intelligence – people',NULL,NULL,13,NULL),(50,'External Organizations/Individuals','Foundation Initiatives (FI) Teams','Intelligence products',NULL,NULL,13,NULL),(51,'External Organizations/Individuals','Foundation Initiatives (FI) Teams','Interaction',NULL,NULL,13,NULL),(52,'External Organizations/Individuals','President\'s Office','Defined guidelines/policies',NULL,NULL,19,NULL),(53,'External Organizations/Individuals','Program Officers','Analysis – subject matter experts',NULL,NULL,13,NULL),(54,'External Organizations/Individuals','Program Officers','Information – RF\'s ecosystem',NULL,NULL,13,NULL),(55,'External Organizations/Individuals','Program Officers','Intelligence – people',NULL,NULL,13,NULL),(56,'External Organizations/Individuals','Program Officers','Intelligence products',NULL,NULL,13,NULL),(57,'External Organizations/Individuals','Program Officers','Interaction',NULL,NULL,13,NULL),(58,'External Organizations/Individuals','RF Staff','Analysis – subject matter experts',NULL,NULL,12,NULL),(59,'External Organizations/Individuals','RF Staff','Best practices and lessons learned',NULL,NULL,13,NULL),(60,'External Organizations/Individuals','RF Staff','Information – ideas/opportunities',NULL,NULL,12,NULL),(61,'External Organizations/Individuals','RF Staff','Information – RF\'s ecosystem',NULL,NULL,12,NULL),(62,'External Organizations/Individuals','RF Staff','Interaction',NULL,NULL,13,NULL),(63,'External Organizations/Individuals','Senior FI Staff','Analysis – subject matter experts',NULL,NULL,15,NULL),(64,'External Organizations/Individuals','Senior FI Staff','Information – RF\'s work',NULL,NULL,15,NULL),(65,'External Organizations/Individuals','VP – Foundation Initiatives','Analysis – subject matter experts',NULL,NULL,13,NULL),(66,'External Organizations/Individuals','VP – Foundation Initiatives','Information – RF\'s ecosystem',NULL,NULL,13,NULL),(67,'External Organizations/Individuals','VP – Foundation Initiatives','Intelligence – people',NULL,NULL,13,NULL),(68,'External Organizations/Individuals','VP – Foundation Initiatives','Intelligence products',NULL,NULL,13,NULL),(69,'External Organizations/Individuals','VP – Foundation Initiatives','Interaction',NULL,NULL,13,NULL),(70,'External Organizations/Individuals','','Templates',NULL,NULL,17,NULL),(71,'Foundation Initiatives','COO – Operations','Intelligence products',NULL,NULL,30,NULL),(72,'Foundation Initiatives','COO – Operations','Skills – intelligence production',NULL,NULL,30,NULL),(73,'Foundation Initiatives','Executive and Senior Leadership','Intelligence products',NULL,NULL,30,NULL),(74,'Foundation Initiatives','Executive and Senior Leadership','Portfolio – comparable initiative options',NULL,NULL,28,NULL),(75,'Foundation Initiatives','Executive and Senior Leadership','Skills – intelligence production',NULL,NULL,30,NULL),(76,'Foundation Initiatives','Foundation Initiatives (FI) Teams','Best practices and lessons learned',NULL,NULL,17,NULL),(77,'Foundation Initiatives','Foundation Initiatives (FI) Teams','Defined guidelines/policies – grant making',NULL,NULL,27,NULL),(78,'Foundation Initiatives','Foundation Initiatives (FI) Teams','Information – RF\'s work',NULL,NULL,17,NULL),(79,'Foundation Initiatives','Foundation Initiatives (FI) Teams','Reports – FI teams',NULL,NULL,17,NULL),(80,'Foundation Initiatives','RF Staff','Information – RF\'s ecosystem',NULL,NULL,16,NULL),(81,'Foundation Initiatives','Senior FI Staff','Defined guidelines/policies – grant making',NULL,NULL,27,NULL),(82,'Foundation Initiatives','The Board','Portfolio – comparable initiative options',NULL,NULL,28,NULL),(83,'Foundation Initiatives','VP – Strategy and Evaluation','Compelling stories',NULL,NULL,37,NULL),(84,'Foundation Initiatives','VP – Strategy and Evaluation','Information – RF\'s work',NULL,NULL,37,NULL),(85,'Foundation Initiatives','VP – Strategy and Evaluation','Intelligence – event support',NULL,NULL,37,NULL),(86,'Foundation Initiatives','VP – Strategy and Evaluation','Intelligence – people',NULL,NULL,37,NULL),(87,'Foundation Initiatives (FI) Teams','Associate Directors (AD\'s)','Clear decision making processes',NULL,NULL,4,NULL),(88,'Foundation Initiatives (FI) Teams','COO – Operations','Intelligence products',NULL,NULL,30,NULL),(89,'Foundation Initiatives (FI) Teams','COO – Operations','Portfolio – comparable initiative options',NULL,NULL,30,NULL),(90,'Foundation Initiatives (FI) Teams','Evaluation','Status – grants',NULL,NULL,25,NULL),(91,'Foundation Initiatives (FI) Teams','Evaluation','Status – initiatives',NULL,NULL,25,NULL),(92,'Foundation Initiatives (FI) Teams','External Organizations/Individuals','Defined guidelines/policies',NULL,NULL,36,NULL),(93,'Foundation Initiatives (FI) Teams','External Organizations/Individuals','Information – RF\'s work',NULL,NULL,36,NULL),(94,'Foundation Initiatives (FI) Teams','External Organizations/Individuals','Interaction',NULL,NULL,36,NULL),(95,'Foundation Initiatives (FI) Teams','Foundation Initiatives','Information – easily and readily accessible',NULL,NULL,13,NULL),(96,'Foundation Initiatives (FI) Teams','Foundation Initiatives','Information – grants',NULL,NULL,13,NULL),(97,'Foundation Initiatives (FI) Teams','Foundation Initiatives','Status – initiatives and grants (macro to micro)',NULL,NULL,13,NULL),(98,'Foundation Initiatives (FI) Teams','Foundation Initiatives (FI) Teams','Best practices and lessons learned',NULL,NULL,18,NULL),(99,'Foundation Initiatives (FI) Teams','Foundation Initiatives (FI) Teams','Defined guidelines/policies',NULL,NULL,5,NULL),(100,'Foundation Initiatives (FI) Teams','Foundation Initiatives (FI) Teams','Information – cross initiative',NULL,NULL,37,NULL),(101,'Foundation Initiatives (FI) Teams','Foundation Initiatives (FI) Teams','Information – easily and readily accessible',NULL,NULL,18,NULL),(102,'Foundation Initiatives (FI) Teams','Foundation Initiatives (FI) Teams','Information – grants',NULL,NULL,37,NULL),(103,'Foundation Initiatives (FI) Teams','Foundation Initiatives (FI) Teams','Information – RF\'s work',NULL,NULL,18,NULL),(104,'Foundation Initiatives (FI) Teams','Foundation Initiatives (FI) Teams','Interaction',NULL,NULL,37,NULL),(105,'Foundation Initiatives (FI) Teams','Grantees','Analytics',NULL,NULL,19,NULL),(106,'Foundation Initiatives (FI) Teams','Grantees','Interaction',NULL,NULL,19,NULL),(107,'Foundation Initiatives (FI) Teams','Office of Financial Resources','Defined guidelines/policies – financials',NULL,NULL,14,NULL),(108,'Foundation Initiatives (FI) Teams','Office of Financial Resources','Information – grants – projection of new grants and flow of payments on existing grants ',NULL,NULL,10,NULL),(109,'Foundation Initiatives (FI) Teams','Office of General Counsel','Defined guidelines/policies – updating RF.org content',NULL,NULL,36,NULL),(110,'Foundation Initiatives (FI) Teams','Office of General Counsel','E-access –  board dockets',NULL,NULL,36,NULL),(111,'Foundation Initiatives (FI) Teams','Office of Grants Management (OGM)','Defined guidelines/policies – grant making',NULL,NULL,28,NULL),(112,'Foundation Initiatives (FI) Teams','President\'s Office','Information – meetings',NULL,NULL,19,NULL),(113,'Foundation Initiatives (FI) Teams','Program Officers','Information – cross initiative',NULL,NULL,37,NULL),(114,'Foundation Initiatives (FI) Teams','Program Officers','Information – easily and readily accessible',NULL,NULL,13,NULL),(115,'Foundation Initiatives (FI) Teams','Program Officers','Information – grants',NULL,NULL,37,NULL),(116,'Foundation Initiatives (FI) Teams','Program Officers','Interaction',NULL,NULL,37,NULL),(117,'Foundation Initiatives (FI) Teams','Program Officers','Status – initiatives and grants (macro to micro)',NULL,NULL,13,NULL),(118,'Foundation Initiatives (FI) Teams','Public','Analytics',NULL,NULL,19,NULL),(119,'Foundation Initiatives (FI) Teams','Public','Defined guidelines/policies',NULL,NULL,36,NULL),(120,'Foundation Initiatives (FI) Teams','Public','Information – RF\'s work',NULL,NULL,36,NULL),(121,'Foundation Initiatives (FI) Teams','Public','Interaction',NULL,NULL,36,NULL),(122,'Foundation Initiatives (FI) Teams','Regional Offices','E-access – shared drive',NULL,NULL,4,NULL),(123,'Foundation Initiatives (FI) Teams','Regional Offices','Information',NULL,NULL,4,NULL),(124,'Foundation Initiatives (FI) Teams','RF Staff','Defined guidelines/policies',NULL,NULL,27,NULL),(125,'Foundation Initiatives (FI) Teams','RF Staff','Information – RF\'s work',NULL,NULL,27,NULL),(126,'Foundation Initiatives (FI) Teams','Senior FI Staff','Information – cross initiative',NULL,NULL,12,NULL),(127,'Foundation Initiatives (FI) Teams','Senior FI Staff','Interaction',NULL,NULL,27,NULL),(128,'Foundation Initiatives (FI) Teams','Systems (Atlas)','Information – grantees',NULL,NULL,34,NULL),(129,'Foundation Initiatives (FI) Teams','Systems (Atlas)','Information – grants',NULL,NULL,34,NULL),(130,'Foundation Initiatives (FI) Teams','Systems (RF.org)','Defined guidelines/policies – updating RF.org content',NULL,NULL,20,NULL),(131,'Foundation Initiatives (FI) Teams','The Board','Intelligence products',NULL,NULL,36,NULL),(132,'Foundation Initiatives (FI) Teams','The Board','Portfolio – comparable initiative options',NULL,NULL,36,NULL),(133,'Foundation Initiatives (FI) Teams','The Board','Reports – FI teams',NULL,NULL,36,NULL),(134,'Foundation Initiatives (FI) Teams','VP','Information – easily and readily accessible',NULL,NULL,13,NULL),(135,'Foundation Initiatives (FI) Teams','VP','Information – grants',NULL,NULL,13,NULL),(136,'Foundation Initiatives (FI) Teams','VP','Status – initiatives and grants (macro to micro)',NULL,NULL,13,NULL),(137,'Foundation Initiatives (FI) Teams','VP – Global Communications','Intelligence – communications support',NULL,NULL,26,NULL),(138,'Grantees','Associate Directors (AD\'s)','Analysis – subject matter experts',NULL,NULL,22,NULL),(139,'Grantees','Associate Directors (AD\'s)','Information – RF\'s ecosystem',NULL,NULL,22,NULL),(140,'Grantees','Foundation Initiatives','Information – easily and readily accessible',NULL,NULL,13,NULL),(141,'Grantees','Foundation Initiatives','Information – grants',NULL,NULL,13,NULL),(142,'Grantees','Foundation Initiatives','Status – initiatives and grants (macro to micro)',NULL,NULL,13,NULL),(143,'Grantees','Foundation Initiatives (FI) Teams','Analysis – subject matter experts',NULL,NULL,25,NULL),(144,'Grantees','Foundation Initiatives (FI) Teams','Assessments',NULL,NULL,25,NULL),(145,'Grantees','Foundation Initiatives (FI) Teams','Information – RF\'s ecosystem',NULL,NULL,25,NULL),(146,'Grantees','Foundation Initiatives (FI) Teams','Status – grants',NULL,NULL,28,NULL),(147,'Grantees','Office of Grants Management (OGM)','Status – grants',NULL,NULL,28,NULL),(148,'Grantees','President\'s Office','Information – easily and readily accessible',NULL,NULL,17,NULL),(149,'Grantees','President\'s Office','Information – RF\'s work',NULL,NULL,17,NULL),(150,'Grantees','President\'s Office','Intelligence products',NULL,NULL,17,NULL),(151,'Grantees','Program Officers','Information – easily and readily accessible',NULL,NULL,13,NULL),(152,'Grantees','Program Officers','Information – grants',NULL,NULL,13,NULL),(153,'Grantees','Program Officers','Status – initiatives and grants (macro to micro)',NULL,NULL,13,NULL),(154,'Grantees','Program Officers','Templates – grantee reports',NULL,NULL,17,NULL),(155,'Grantees','Research ','Information – ideas/opportunities',NULL,NULL,8,NULL),(156,'Grantees','RF President','Information – easily and readily accessible',NULL,NULL,17,NULL),(157,'Grantees','RF President','Information – RF\'s work',NULL,NULL,17,NULL),(158,'Grantees','RF President','Intelligence products',NULL,NULL,17,NULL),(159,'Grantees','VP','Information – easily and readily accessible',NULL,NULL,13,NULL),(160,'Grantees','VP','Information – grants',NULL,NULL,13,NULL),(161,'Grantees','VP','Status – initiatives and grants (macro to micro)',NULL,NULL,13,NULL),(162,'Grantees (Searchlight)','Associate Directors (AD\'s)','Analysis – subject matter experts',NULL,NULL,22,NULL),(163,'Grantees (Searchlight)','Associate Directors (AD\'s)','Information – RF\'s ecosystem',NULL,NULL,22,NULL),(164,'Grantees (Searchlight)','Foundation Initiatives (FI) Teams','Analysis – subject matter experts',NULL,NULL,25,NULL),(165,'Grantees (Searchlight)','Foundation Initiatives (FI) Teams','Assessments',NULL,NULL,25,NULL),(166,'Grantees (Searchlight)','Foundation Initiatives (FI) Teams','Information – RF\'s ecosystem',NULL,NULL,25,NULL),(167,'Grantees (Searchlight)','Program Officers','Analysis – subject matter experts',NULL,NULL,11,NULL),(168,'Grantees (Searchlight)','Program Officers','Interaction',NULL,NULL,11,NULL),(169,'Human Resources','RF Staff','',NULL,NULL,33,NULL),(170,'IMT','Research ','Clear decision making processes',NULL,NULL,8,NULL),(171,'IMT','Research ','Defined requirements',NULL,NULL,8,NULL),(172,'Managing Directors (MDs)','Managing Directors (MDs)','Information – cross initiative',NULL,NULL,34,NULL),(173,'Managing Directors (MDs)','Managing Directors (MDs)','Interaction',NULL,NULL,34,NULL),(174,'Office of Financial Resources','Executive and Senior Leadership','Intelligence – financial',NULL,NULL,10,NULL),(175,'Office of Financial Resources','RF Staff','Defined guidelines/policies – financials',NULL,NULL,14,NULL),(176,'Office of Financial Resources','RF Staff','Guidebook',NULL,NULL,10,NULL),(177,'Office of Financial Resources','RF Staff','Intelligence – financial',NULL,NULL,10,NULL),(178,'Office of Financial Resources','RF Staff','Skills – financial',NULL,NULL,10,NULL),(179,'Office of General Counsel','Executive and Senior Leadership','E-access –  board dockets',NULL,NULL,36,NULL),(180,'Office of Grants Management (OGM)','Foundation Initiatives (FI) Teams','Defined guidelines/policies –  where to find information',NULL,NULL,28,NULL),(181,'Office of Grants Management (OGM)','Foundation Initiatives (FI) Teams','Defined guidelines/policies – grant making',NULL,NULL,28,NULL),(182,'Office of Grants Management (OGM)','Foundation Initiatives (FI) Teams','Information – grants',NULL,NULL,28,NULL),(183,'Office of Grants Management (OGM)','VP – Foundation Initiatives','Performance reviews – data driven',NULL,NULL,13,NULL),(184,'President\'s Briefers','President\'s Office','Intelligence products',NULL,NULL,17,NULL),(185,'President\'s Briefers','President\'s Office','Templates',NULL,NULL,17,NULL),(186,'President\'s Briefers','RF President','Intelligence products',NULL,NULL,17,NULL),(187,'President\'s Briefers','RF President','Templates',NULL,NULL,17,NULL),(188,'Program Officers','Associate Directors (AD\'s)','Filters',NULL,NULL,3,NULL),(189,'Program Officers','Associate Directors (AD\'s)','Grantee performance – past',NULL,NULL,3,NULL),(190,'Program Officers','Foundation Initiatives (FI) Teams','Information – cross initiative',NULL,NULL,37,NULL),(191,'Program Officers','Foundation Initiatives (FI) Teams','Information – grants',NULL,NULL,37,NULL),(192,'Program Officers','Foundation Initiatives (FI) Teams','Interaction',NULL,NULL,37,NULL),(193,'Program Officers','President\'s Office','Information – easily and readily accessible',NULL,NULL,17,NULL),(194,'Program Officers','President\'s Office','Information – RF\'s work',NULL,NULL,17,NULL),(195,'Program Officers','President\'s Office','Intelligence products',NULL,NULL,17,NULL),(196,'Program Officers','President\'s Office','Templates',NULL,NULL,17,NULL),(197,'Program Officers','Program Officers','Grantee performance – past',NULL,NULL,9,NULL),(198,'Program Officers','Program Officers','Information – cross initiative',NULL,NULL,37,NULL),(199,'Program Officers','Program Officers','Information – grants',NULL,NULL,37,NULL),(200,'Program Officers','Program Officers','Interaction',NULL,NULL,37,NULL),(201,'Program Officers','RF President','Information – easily and readily accessible',NULL,NULL,17,NULL),(202,'Program Officers','RF President','Information – meetings',NULL,NULL,33,NULL),(203,'Program Officers','RF President','Information – RF\'s work',NULL,NULL,17,NULL),(204,'Program Officers','RF President','Intelligence – communications support',NULL,NULL,33,NULL),(205,'Program Officers','RF President','Intelligence products',NULL,NULL,17,NULL),(206,'Program Officers','RF President','Templates',NULL,NULL,17,NULL),(207,'Program Officers','Systems','Information – grantees',NULL,NULL,34,NULL),(208,'Program Officers','Systems','Information – grants',NULL,NULL,34,NULL),(209,'Program Officers','Systems (Atlas)','Grantee performance – current',NULL,NULL,34,NULL),(210,'Program Officers','Systems (Atlas)','Grantee performance – past',NULL,NULL,34,NULL),(211,'Program Officers','Systems (Atlas)','Information – grantees',NULL,NULL,34,NULL),(212,'Program Officers','Systems (Atlas)','Information – grants',NULL,NULL,34,NULL),(213,'Records and Information Management','Associate Directors (AD\'s)','Grantee performance – past',NULL,NULL,4,NULL),(214,'Records and Information Management','Associate Directors (AD\'s)','Information – RF\'s work',NULL,NULL,9,NULL),(215,'Records and Information Management','Centennial Program','Information – RF\'s work',NULL,NULL,23,NULL),(216,'Records and Information Management','Managing Directors (MDs)','Defined guidelines/policies –  where to find information',NULL,NULL,24,NULL),(217,'Records and Information Management','Managing Directors (MDs)','Information – easily and readily accessible',NULL,NULL,24,NULL),(218,'Records and Information Management','Managing Directors (MDs)','Information – RF\'s work',NULL,NULL,24,NULL),(219,'Records and Information Management','RF Staff','Information – RF\'s work',NULL,NULL,23,NULL),(220,'Records and Information Management','RF Staff','',NULL,NULL,4,NULL),(221,'Records and Information Management','VP – Strategy and Evaluation','Compelling stories',NULL,NULL,37,NULL),(222,'Records and Information Management','VP – Strategy and Evaluation','Information – RF\'s work',NULL,NULL,37,NULL),(223,'Records and Information Management','VP – Strategy and Evaluation','Intelligence – event support',NULL,NULL,37,NULL),(224,'Records and Information Management','VP – Strategy and Evaluation','Intelligence – people',NULL,NULL,37,NULL),(225,'Regional Offices','','Defined functions',NULL,NULL,2,NULL),(226,'Regional Offices','','Information – RF\'s ecosystem',NULL,NULL,2,NULL),(227,'Research','Associate Directors (AD\'s)','Analysis – subject matter experts',NULL,NULL,4,NULL),(228,'Research','Associate Directors (AD\'s)','Information – RF\'s ecosystem',NULL,NULL,4,NULL),(229,'Research','Foundation Initiatives (FI) Teams','Analysis – subject matter experts',NULL,NULL,25,NULL),(230,'Research','Foundation Initiatives (FI) Teams','Assessments',NULL,NULL,25,NULL),(231,'Research','Foundation Initiatives (FI) Teams','Information – RF\'s ecosystem',NULL,NULL,25,NULL),(232,'Research ','Associate Directors (AD\'s)','Analysis – subject matter experts',NULL,NULL,18,NULL),(233,'Research ','Associate Directors (AD\'s)','Information – RF\'s ecosystem',NULL,NULL,18,NULL),(234,'Research ','Centennial Program','Information – easily and readily accessible',NULL,NULL,23,NULL),(235,'Research ','Centennial Program','Information – RF\'s work',NULL,NULL,23,NULL),(236,'Research ','Program Officers','',NULL,NULL,8,NULL),(237,'Research ','Senior FI Staff','Support – research',NULL,NULL,16,NULL),(238,'Research ','VP – Strategy and Evaluation','Analysis – better trend analysis',NULL,NULL,8,NULL),(239,'Research ','VP – Strategy and Evaluation','Defined requirements',NULL,NULL,8,NULL),(240,'RF President','President\'s Office','Defined requirements',NULL,NULL,19,NULL),(241,'RF President','President\'s Office','Information – meetings',NULL,NULL,19,NULL),(242,'RF Staff','Associate Directors (AD\'s)','Information – meetings',NULL,NULL,4,NULL),(243,'RF Staff','Associate Directors (AD\'s)','Information – people',NULL,NULL,4,NULL),(244,'RF Staff','Associate Directors (AD\'s)','Interaction',NULL,NULL,4,NULL),(245,'RF Staff','Centennial Program','Information – easily and readily accessible',NULL,NULL,23,NULL),(246,'RF Staff','Centennial Program','Information – RF\'s work',NULL,NULL,23,NULL),(247,'RF Staff','Communications','Information',NULL,NULL,20,NULL),(248,'RF Staff','COO – Operations','Intelligence products',NULL,NULL,30,NULL),(249,'RF Staff','COO – Operations','Skills – intelligence production',NULL,NULL,30,NULL),(250,'RF Staff','Executive and Senior Leadership','Intelligence products',NULL,NULL,30,NULL),(251,'RF Staff','Executive and Senior Leadership','Skills – intelligence production',NULL,NULL,30,NULL),(252,'RF Staff','Human Resources','Assessments',NULL,NULL,7,NULL),(253,'RF Staff','Office of Financial Resources','Defined guidelines/policies – convenings metrics',NULL,NULL,10,NULL),(254,'RF Staff','Records and Information Management','Defined guidelines/policies',NULL,NULL,5,NULL),(255,'RF Staff','RF Staff','Defined guidelines/policies',NULL,NULL,28,NULL),(256,'RF Staff','RF Staff','Information',NULL,NULL,23,NULL),(257,'RF Staff','RF Staff','Information – RF\'s ecosystem',NULL,NULL,16,NULL),(258,'RF Staff','RF Staff','Information – RF\'s work',NULL,NULL,23,NULL),(259,'RF Staff','RF Staff','Interaction',NULL,NULL,26,NULL),(260,'RF Staff','RF Staff','',NULL,NULL,4,NULL),(261,'RF Staff','Systems','Defined guidelines/policies',NULL,NULL,5,NULL),(262,'RF Staff','Systems','Defined guidelines/policies – terminology',NULL,NULL,35,NULL),(263,'Senior FI Staff','Foundation Initiatives (FI) Teams','Information – cross initiative',NULL,NULL,12,NULL),(264,'Senior FI Staff','Foundation Initiatives (FI) Teams','Interaction',NULL,NULL,27,NULL),(265,'Senior FI Staff','Senior FI Staff','Information – cross initiative',NULL,NULL,12,NULL),(266,'Senior FI Staff','Senior FI Staff','Interaction',NULL,NULL,27,NULL),(267,'Senior FI Staff','VP – Foundation Initiatives','Evidence – use of monitoring reports',NULL,NULL,13,NULL),(268,'Senior FI Staff','VP – Foundation Initiatives','Reports – FI teams',NULL,NULL,13,NULL),(269,'Senior FI Staff','VP – Foundation Initiatives','Reports – monitoring',NULL,NULL,13,NULL),(270,'Systems','Bellagio Center','Grantee performance – past',NULL,NULL,32,NULL),(271,'Systems','Bellagio Center','Information – people',NULL,NULL,32,NULL),(272,'Systems','Communications','Information',NULL,NULL,20,NULL),(273,'Systems','Foundation Initiatives (FI) Teams','Information – easily and readily accessible',NULL,NULL,1,NULL),(274,'Systems','Foundation Initiatives (FI) Teams','Status – grants',NULL,NULL,1,NULL),(275,'Systems','Foundation Initiatives (FI) Teams','Status – initiatives',NULL,NULL,1,NULL),(276,'Systems','Human Resources','',NULL,NULL,7,NULL),(277,'Systems','Program Officers','Information – easily and readily accessible',NULL,NULL,1,NULL),(278,'Systems','Program Officers','Status – grants',NULL,NULL,1,NULL),(279,'Systems','Program Officers','Status – initiatives',NULL,NULL,1,NULL),(280,'Systems','Records and Information Management','Filters',NULL,NULL,31,NULL),(281,'Systems','Research ','Information – easily and readily accessible',NULL,NULL,8,NULL),(282,'Systems','RF President','Information – RF\'s work',NULL,NULL,19,NULL),(283,'Systems','RF President','Intelligence – people',NULL,NULL,19,NULL),(284,'Systems','RF Staff','',NULL,NULL,5,NULL),(285,'Systems','Senior FI Staff','Information – easily and readily accessible',NULL,NULL,1,NULL),(286,'Systems','Senior FI Staff','Status – grants',NULL,NULL,1,NULL),(287,'Systems','Senior FI Staff','Status – initiatives',NULL,NULL,1,NULL),(288,'Systems (Atlas)','Associate Directors (AD\'s)','Grantee performance – past',NULL,NULL,22,NULL),(289,'Systems (Atlas)','Associate Directors (AD\'s)','Information – grants',NULL,NULL,22,NULL),(290,'Systems (Atlas)','Associate Directors (AD\'s)','Status – grants',NULL,NULL,22,NULL),(291,'Systems (Atlas)','Foundation Initiatives','Information – easily and readily accessible',NULL,NULL,6,NULL),(292,'Systems (Atlas)','Foundation Initiatives (FI) Teams','Defined guidelines/policies –  where to find information',NULL,NULL,28,NULL),(293,'Systems (Atlas)','Foundation Initiatives (FI) Teams','Filters',NULL,NULL,1,NULL),(294,'Systems (Atlas)','Foundation Initiatives (FI) Teams','Information – grants',NULL,NULL,28,NULL),(295,'Systems (Atlas)','Program Officers','Defined guidelines/policies –  where to find information',NULL,NULL,1,NULL),(296,'Systems (Atlas)','Program Officers','Filters',NULL,NULL,1,NULL),(297,'Systems (RF.org)','Public','Defined requirements',NULL,NULL,26,NULL),(298,'Systems (RF.org)','Public','Interaction',NULL,NULL,26,NULL),(299,'Systems (Rocklink)','Associate Directors (AD\'s)','Information',NULL,NULL,22,NULL),(300,'Systems (Rocklink)','Foundation Initiatives','Information – easily and readily accessible',NULL,NULL,6,NULL),(301,'Systems (Rocklink)','Regional Offices','',NULL,NULL,5,NULL),(302,'Systems (Rocklink)','RF Staff','Information – easily and readily accessible',NULL,NULL,5,NULL),(303,'Systems (Shared Drive)','Executive and Senior Leadership','E-access –  board dockets',NULL,NULL,36,NULL),(304,'The Board','Executive and Senior Leadership','Defined guidelines/policies',NULL,NULL,36,NULL),(305,'The Board','Executive and Senior Leadership','Feedback – board members',NULL,NULL,36,NULL),(306,'The Board','Executive and Senior Leadership','Templates',NULL,NULL,36,NULL),(307,'','Foundation Initiatives (FI) Teams','Best practices and lessons learned',NULL,NULL,29,NULL),(308,'','Foundation Initiatives (FI) Teams','Defined guidelines/policies',NULL,NULL,29,NULL),(309,'','Human Resources','',NULL,NULL,16,NULL),(310,'','Program Officers','Analysis – subject matter experts',NULL,NULL,37,NULL),(311,'','Program Officers','Best practices and lessons learned',NULL,NULL,37,NULL),(312,'','Program Officers','Information – beneficiaries',NULL,NULL,37,NULL),(313,'','Program Officers','Information – ideas/opportunities',NULL,NULL,37,NULL),(314,'','Program Officers','Information – RF\'s ecosystem',NULL,NULL,37,NULL),(315,'','Program Officers','Support – research',NULL,NULL,37,NULL),(316,'','RF Staff','Information – easily and readily accessible',NULL,NULL,35,NULL),(317,'','RF Staff','Information – RF\'s work',NULL,NULL,35,NULL),(318,'','','Defined guidelines/policies','',2,35,NULL),(319,'','','Defined guidelines/policies – terminology',NULL,NULL,34,NULL),(320,'','','',NULL,NULL,10,NULL),(321,'Intern','Consultant','information','',NULL,124,NULL),(322,'Consultant\'s briefer','Consultant','information X','',NULL,126,NULL),(323,'Allan','Tan','123','123123',NULL,127,NULL),(324,'qwqe','123','Sample','adas',NULL,128,NULL);
/*!40000 ALTER TABLE `flow` ENABLE KEYS */;
UNLOCK TABLES;

--
-- Table structure for table `interview`
--

DROP TABLE IF EXISTS `interview`;
/*!40101 SET @saved_cs_client     = @@character_set_client */;
/*!40101 SET character_set_client = utf8 */;
CREATE TABLE `interview` (
  `id` bigint(20) NOT NULL AUTO_INCREMENT,
  `resource` bigint(20) NOT NULL,
  `scheduled` datetime NOT NULL,
  `notes` text,
  `done` bit(1) NOT NULL DEFAULT b'0',
  `version` int(11) DEFAULT NULL,
  PRIMARY KEY (`id`),
  KEY `FK1DFCD1816D624365` (`resource`),
  CONSTRAINT `FK1DFCD1816D624365` FOREIGN KEY (`resource`) REFERENCES `resource` (`id`) ON DELETE CASCADE
) ENGINE=InnoDB AUTO_INCREMENT=385 DEFAULT CHARSET=latin1;
/*!40101 SET character_set_client = @saved_cs_client */;

--
-- Dumping data for table `interview`
--

LOCK TABLES `interview` WRITE;
/*!40000 ALTER TABLE `interview` DISABLE KEYS */;
INSERT INTO `interview` VALUES (1,1,'2012-08-23 00:00:00',NULL,'',NULL),(2,2,'2012-08-21 00:00:00',NULL,'',NULL),(3,3,'2012-08-29 00:00:00',NULL,'',NULL),(4,4,'2012-08-29 00:00:00',NULL,'',NULL),(5,5,'2012-08-20 00:00:00',NULL,'',NULL),(6,6,'2012-08-21 00:00:00',NULL,'',NULL),(7,7,'2012-08-21 00:00:00',NULL,'',NULL),(8,8,'2012-08-24 00:00:00',NULL,'',NULL),(9,9,'2012-08-23 00:00:00',NULL,'',NULL),(10,10,'2012-08-29 00:00:00',NULL,'',NULL),(11,11,'2012-09-12 00:00:00',NULL,'',NULL),(12,12,'2012-08-21 00:00:00',NULL,'',NULL),(13,13,'2012-08-23 00:00:00',NULL,'',NULL),(14,14,'2012-09-11 00:00:00',NULL,'',NULL),(15,15,'2012-08-28 00:00:00',NULL,'',NULL),(16,16,'2012-08-23 00:00:00',NULL,'',NULL),(17,17,'2012-08-28 00:00:00',NULL,'',NULL),(18,18,'2012-08-29 00:00:00',NULL,'',NULL),(19,19,'2012-08-21 00:00:00',NULL,'',NULL),(20,20,'2012-08-29 00:00:00',NULL,'',NULL),(22,22,'2012-08-24 00:00:00',NULL,'',NULL),(23,23,'2012-09-10 00:00:00',NULL,'',NULL),(24,24,'2012-09-12 00:00:00',NULL,'',NULL),(25,25,'2012-09-10 00:00:00',NULL,'',NULL),(26,26,'2012-08-27 00:00:00',NULL,'',NULL),(27,27,'2012-08-30 00:00:00',NULL,'',NULL),(28,28,'2012-08-22 00:00:00',NULL,'',NULL),(29,29,'2012-08-28 00:00:00',NULL,'',NULL),(30,30,'2012-08-23 00:00:00',NULL,'',NULL),(31,31,'2012-08-21 00:00:00',NULL,'',NULL),(32,32,'2012-08-29 00:00:00',NULL,'',NULL),(33,33,'2012-08-29 00:00:00',NULL,'',NULL),(34,34,'2012-09-04 00:00:00',NULL,'',NULL),(35,35,'2012-08-30 00:00:00',NULL,'',NULL),(36,36,'2012-08-20 00:00:00',NULL,'',NULL),(37,37,'2012-08-20 00:00:00',NULL,'',NULL),(39,39,'2012-09-27 00:00:00',NULL,'',NULL),(118,29,'2013-02-26 13:30:00',NULL,'',NULL),(119,29,'2013-02-27 09:30:00',NULL,'',NULL),(121,18,'2013-02-27 11:00:00',NULL,'',NULL),(122,8,'2013-03-01 14:00:00',NULL,'',NULL),(123,108,'2013-03-12 15:00:00',NULL,'',NULL),(124,109,'2013-03-21 11:30:00',NULL,'',NULL),(125,109,'2013-03-22 16:00:00',NULL,'',NULL),(126,109,'2013-03-25 16:00:00',NULL,'',NULL),(127,109,'2013-03-28 17:00:00',NULL,'',NULL),(128,109,'2013-04-01 07:40:00',NULL,'',NULL),(129,110,'2013-03-28 00:00:00',NULL,'',NULL),(130,111,'2013-03-28 06:43:00',NULL,'',NULL),(131,112,'2013-03-28 06:43:00',NULL,'',NULL),(132,113,'2013-03-28 06:43:00',NULL,'',NULL),(133,114,'2013-03-28 06:43:00',NULL,'',NULL),(134,115,'2013-03-28 06:43:00',NULL,'',NULL),(135,116,'2013-03-28 06:43:00',NULL,'',NULL),(136,117,'2013-03-28 06:43:00',NULL,'',NULL),(137,118,'2013-03-28 06:43:00',NULL,'',NULL),(138,119,'2013-03-28 06:43:00',NULL,'',NULL),(139,120,'2013-03-28 06:43:00',NULL,'',NULL),(140,121,'2013-03-28 06:43:00',NULL,'',NULL),(141,122,'2013-03-28 06:43:00',NULL,'',NULL),(142,123,'2013-03-28 06:43:00',NULL,'',NULL),(143,124,'2013-03-28 06:43:00',NULL,'',NULL),(144,125,'2013-03-28 06:43:00',NULL,'',NULL),(145,126,'2013-03-28 06:43:00',NULL,'',NULL),(146,127,'2013-03-28 06:43:00',NULL,'',NULL),(147,128,'2013-03-28 06:43:00',NULL,'',NULL),(148,129,'2013-03-28 06:43:00',NULL,'',NULL),(149,130,'2013-03-28 06:43:00',NULL,'',NULL),(150,131,'2013-03-28 06:43:00',NULL,'',NULL),(151,132,'2013-03-28 06:43:00',NULL,'',NULL),(152,133,'2013-03-28 06:43:00',NULL,'',NULL),(153,134,'2013-03-28 06:43:00',NULL,'',NULL),(154,135,'2013-03-28 06:43:00',NULL,'',NULL),(155,136,'2013-03-28 06:43:00',NULL,'',NULL),(156,137,'2013-03-28 06:43:00',NULL,'',NULL),(157,138,'2013-03-28 06:43:00',NULL,'',NULL),(158,139,'2013-03-28 06:43:00',NULL,'',NULL),(159,140,'2013-03-28 06:43:00',NULL,'',NULL),(160,141,'2013-03-28 06:43:00',NULL,'',NULL),(161,142,'2013-03-28 06:43:00',NULL,'',NULL),(162,143,'2013-03-28 06:43:00',NULL,'',NULL),(163,144,'2013-03-28 06:43:00',NULL,'',NULL),(164,145,'2013-03-28 06:43:00',NULL,'',NULL),(165,146,'2013-03-28 06:43:00',NULL,'',NULL),(166,147,'2013-03-28 06:43:00',NULL,'',NULL),(167,148,'2013-03-28 06:43:00',NULL,'',NULL),(168,149,'2013-03-28 06:43:00',NULL,'',NULL),(169,150,'2013-03-28 06:43:00',NULL,'',NULL),(170,151,'2013-03-28 06:43:00',NULL,'',NULL),(171,152,'2013-03-28 06:43:00',NULL,'',NULL),(172,153,'2013-03-28 06:43:00',NULL,'',NULL),(173,154,'2013-03-28 06:43:00',NULL,'',NULL),(174,155,'2013-03-28 06:43:00',NULL,'',NULL),(175,156,'2013-03-28 06:43:00',NULL,'',NULL),(176,157,'2013-03-28 06:43:00',NULL,'',NULL),(177,158,'2013-03-28 06:43:00',NULL,'',NULL),(178,159,'2013-03-28 06:43:00',NULL,'',NULL),(179,160,'2013-03-28 06:43:00',NULL,'',NULL),(180,161,'2013-03-28 06:43:00',NULL,'',NULL),(181,162,'2013-03-28 06:43:00',NULL,'',NULL),(182,163,'2013-03-28 06:43:00',NULL,'',NULL),(183,164,'2013-03-28 06:43:00',NULL,'',NULL),(184,165,'2013-03-28 06:43:00',NULL,'',NULL),(185,166,'2013-03-28 06:43:00',NULL,'',NULL),(186,167,'2013-03-28 06:43:00',NULL,'',NULL),(187,168,'2013-03-28 06:43:00',NULL,'',NULL),(188,169,'2013-03-28 06:43:00',NULL,'',NULL),(189,170,'2013-03-28 06:43:00',NULL,'',NULL),(190,171,'2013-03-28 06:43:00',NULL,'',NULL),(191,172,'2013-03-28 06:43:00',NULL,'',NULL),(192,173,'2013-03-28 06:43:00',NULL,'',NULL),(193,174,'2013-03-28 06:43:00',NULL,'',NULL),(194,175,'2013-03-28 06:43:00',NULL,'',NULL),(195,176,'2013-03-28 06:43:00',NULL,'',NULL),(196,177,'2013-03-28 06:43:00',NULL,'',NULL),(197,178,'2013-03-28 06:43:00',NULL,'',NULL),(198,179,'2013-03-28 06:43:00',NULL,'',NULL),(199,180,'2013-03-28 06:43:00',NULL,'',NULL),(200,181,'2013-03-28 06:43:00',NULL,'',NULL),(201,182,'2013-03-28 06:43:00',NULL,'',NULL),(202,183,'2013-03-28 06:43:00',NULL,'',NULL),(203,184,'2013-03-28 06:43:00',NULL,'',NULL),(204,185,'2013-03-28 06:43:00',NULL,'',NULL),(205,186,'2013-03-28 06:43:00',NULL,'',NULL),(206,187,'2013-03-28 06:43:00',NULL,'',NULL),(207,188,'2013-03-28 06:43:00',NULL,'',NULL),(208,189,'2013-03-28 06:43:00',NULL,'',NULL),(209,190,'2013-03-28 06:43:00',NULL,'',NULL),(210,191,'2013-03-28 06:43:00',NULL,'',NULL),(211,192,'2013-03-28 06:43:00',NULL,'',NULL),(212,193,'2013-03-28 06:43:00',NULL,'',NULL),(213,194,'2013-03-28 06:43:00',NULL,'',NULL),(214,195,'2013-03-28 06:43:00',NULL,'',NULL),(215,196,'2013-03-28 06:43:00',NULL,'',NULL),(216,197,'2013-03-28 06:43:00',NULL,'',NULL),(217,198,'2013-03-28 06:43:00',NULL,'',NULL),(218,199,'2013-03-28 06:43:00',NULL,'',NULL),(219,200,'2013-03-28 06:43:00',NULL,'',NULL),(220,201,'2013-03-28 06:43:00',NULL,'',NULL),(221,202,'2013-03-28 06:43:00',NULL,'',NULL),(222,203,'2013-03-28 06:43:00',NULL,'',NULL),(223,204,'2013-03-28 06:43:00',NULL,'',NULL),(224,205,'2013-03-28 06:43:00',NULL,'',NULL),(225,206,'2013-03-28 06:43:00',NULL,'',NULL),(226,207,'2013-03-28 06:43:00',NULL,'',NULL),(227,208,'2013-03-28 06:43:00',NULL,'',NULL),(228,209,'2013-03-28 06:43:00',NULL,'',NULL),(229,210,'2013-03-28 06:43:00',NULL,'',NULL),(230,211,'2013-03-28 06:43:00',NULL,'',NULL),(231,212,'2013-03-28 06:43:00',NULL,'',NULL),(232,213,'2013-03-28 06:43:00',NULL,'',NULL),(233,214,'2013-03-28 06:43:00',NULL,'',NULL),(234,215,'2013-03-28 06:43:00',NULL,'',NULL),(235,216,'2013-03-28 06:43:00',NULL,'',NULL),(236,217,'2013-03-28 06:43:00',NULL,'',NULL),(237,218,'2013-03-28 06:43:00',NULL,'',NULL),(238,219,'2013-03-28 06:43:00',NULL,'',NULL),(239,220,'2013-03-28 06:43:00',NULL,'',NULL),(240,221,'2013-03-28 06:43:00',NULL,'',NULL),(241,222,'2013-03-28 06:43:00',NULL,'',NULL),(242,223,'2013-03-28 06:43:00',NULL,'',NULL),(243,224,'2013-03-28 06:43:00',NULL,'',NULL),(244,225,'2013-03-28 06:43:00',NULL,'',NULL),(245,226,'2013-03-28 06:43:00',NULL,'',NULL),(246,227,'2013-03-28 06:43:00',NULL,'',NULL),(247,228,'2013-03-28 06:43:00',NULL,'',NULL),(248,229,'2013-03-28 06:43:00',NULL,'',NULL),(249,230,'2013-03-28 06:43:00',NULL,'',NULL),(250,231,'2013-03-28 06:43:00',NULL,'',NULL),(251,232,'2013-03-28 06:43:00',NULL,'',NULL),(252,233,'2013-03-28 06:43:00',NULL,'',NULL),(253,234,'2013-03-28 06:43:00',NULL,'',NULL),(254,235,'2013-03-28 06:43:00',NULL,'',NULL),(255,236,'2013-03-28 06:43:00',NULL,'',NULL),(256,237,'2013-03-28 06:43:00',NULL,'',NULL),(257,238,'2013-03-28 06:43:00',NULL,'',NULL),(258,239,'2013-03-28 06:43:00',NULL,'',NULL),(384,365,'2013-03-28 06:43:00',NULL,'',NULL);
/*!40000 ALTER TABLE `interview` ENABLE KEYS */;
UNLOCK TABLES;

--
-- Table structure for table `issue`
--

DROP TABLE IF EXISTS `issue`;
/*!40101 SET @saved_cs_client     = @@character_set_client */;
/*!40101 SET character_set_client = utf8 */;
CREATE TABLE `issue` (
  `id` bigint(20) NOT NULL AUTO_INCREMENT,
  `sequence` int(11) NOT NULL,
  `name` varchar(127) NOT NULL,
  `description` text,
  `project` bigint(20) NOT NULL,
  `version` int(11) DEFAULT NULL,
  PRIMARY KEY (`id`),
  KEY `FK5FDA8D9749CCDC9` (`project`),
  CONSTRAINT `FK5FDA8D9749CCDC9` FOREIGN KEY (`project`) REFERENCES `project` (`id`) ON DELETE CASCADE
) ENGINE=InnoDB AUTO_INCREMENT=671 DEFAULT CHARSET=latin1;
/*!40101 SET character_set_client = @saved_cs_client */;

--
-- Dumping data for table `issue`
--

LOCK TABLES `issue` WRITE;
/*!40000 ALTER TABLE `issue` DISABLE KEYS */;
INSERT INTO `issue` VALUES (1,1,'','Dr. Rodin\'s briefers do not know how to collect and provide her with the right intelligence she needs from across the organization to support her decision making and communications.',1,NULL),(2,2,'','Data and information are contained within different parts of the organization, but is not readily accesible to others who need it. There has not been a systematic approach to creating intelligence, nor integrating information. This results in readily-accesible information being randomly extracted, instead of strategic extraction.',1,NULL),(3,3,'','RF is missing a deep level of understanding of the past work across the foundation and thus is not leveraging all of its knowledge.  Some initiative teams don\'t know what has been done before with regard to the initiative they are developing.  RF needs more synthesis and a greater micro-level understanding of its work.',1,NULL),(4,4,'','Program Officers do not have the time to go through multiple pages of grantee reports and extract the relevant information.',1,NULL),(5,5,'','Every funder that works with RF has their own way of reporting.  There is no template which results in excess work and difficulty in extracting needed information.',1,NULL),(6,6,'','Heather and Program Officers face challenges in managing initiatives. She has no dashboards or systems to assist her. She has no easy way of getting answers to fundamental questions surrounding her work:\n•What grant deliverables have come in, but have not been reviewed yet?\n•What grant deliverables are overdue and who is chasing them?\n•What grant deliverables have come in and have catalytic ideas with great potential? \n•Which grant deliverables are important enough to be bumped up the management?\n•What pathway has a deliverable taken before I see it?',1,NULL),(7,7,'','OGM produces data on targets for grant making, but it is not rolled into performance reviews. Heather would like to see performance reviews that are more data-driven.',1,NULL),(8,8,'','Heather sees cross-initiative work at RF as limited and would like cross-initiative meetings to tackle specific questions.',1,NULL),(9,9,'','RF is not casting a wide enough net to bring innovation and new ideas into the Foundation.',1,NULL),(10,10,'','Monitoring at RF is ad-hoc and there are concerns that a lot of the work done every year is not reported on. There are no agreed to monthly or quarterly reports coming up the line and no standard. Heather does not receive initiative team reports and is concerned that decision makers are not using monitoring reports.',1,NULL),(11,11,'','RF needs a better way of finding and working with subject matter experts involved in its various work areas.',1,NULL),(12,12,'','Zia needs better support in preparing for conferences to discuss RF\'s work. He needs these questions answered to create a compelling and impactful story:\n•        Describe the core idea or innovation in terms of real places, people and things?\n•        What is the range of things being done on topic X? \n•        What is hard about making change happen? \n•        Describe policy complications that makes it again look like we are deeply involved and knowledgeable around what needs to happen.  \n•        Provide five reasons why these things always fail, to show we’ve thought things through and our approach will be successful.\n•        What is innovative and compelling about our approach? \n•        What was the theory of change?\n•        How does it actually improves people’s lives? \n•        What  concrete outcomes and impacts resulted from our work on people’s lives – beyond activity or policy change -- have we seen (examples, metrics), or do we expect to see, on people’s lives?  \n•        Details that brings it to life. “ this is how it works on the ground, we know what’s going on.”\n•        Does the work involve partnerships with the public and private sector that supports scaling?\n•        Does the work leverage other funding sources and investments?\n•        How did RF derive  generalizable concepts from this work and share them with others in RF and beyond?\n•        He also needs to know more about the people he will be talking to',1,NULL),(13,13,'','RF lacks a knowledge strategy across different initiatives and has not created the right forums for people to learn or share information. Program Officers are focused on the granularity of the details versus the synthesis of intelligence that is of general use across initiatives.',1,NULL),(14,14,'','Program Officers are missing valuable knowledge support around their initiative ecosystems.',1,NULL),(15,15,'','Peter is not receiving the intelligence he needs to compare initiatives, justify budget requests, or defend his decisions in front of the Board. He receives 40 pages of information where 2 pages of intelligence once a month would better support his decision making.',1,NULL),(16,16,'','RF lacks an understanding of what intelligence is and the skillset needed to turn information into intelligence.',1,NULL),(17,17,'','Getting information into and out of board dockets, making sure the info is preserved, and updating it, is all a challenge for Shari. To draw any information from the dockets, they have to be manually searched.  Producing and searching the dockets is not electronically supported.',1,NULL),(18,18,'','Major portions of board dockets are not being updated by some FI Teams.',1,NULL),(19,19,'','Insight and direction from board members is not being captured.',1,NULL),(20,20,'','Board members want more support in their decision making and have been asking for an artifact that would answer the following questions:\n\"• What’s the theory of change?\n• What leading indicators will indicate to us in 2,3, 5 yrs that your theory havs validity?\n• Whats the ultimate impact on poor and vulnerable people that you expect to achieve?\n• Whats the scale of that?\n• Who has to join with you in order for that to happen?\n• How much is it going to cost?\n• How confident are you in your ability to deliver those results for that much money?\n• How far down the road are we going to have to look to see the actual impact on poor and vulnerable people?\n• Who else is playing in this space?\"',1,NULL),(21,21,'','Shari is concerned that the intellectual assets that have been funded by RF are not as accessible as they should be, and are not being utilized to the greatest possible extent.',1,NULL),(22,22,'','Neill\'s intelligence requirements from FI Team briefings are as follows:\n\n\"• Do RF people have personal connections with reporters they worked with on these issues before?\n• Who are folks that have been working in this area?\n• Who are the experts who can be third party validators?\n• Potential critics. \n• Government and elected officials. Are they supportive? Is this something they are looking for? Will they have reasons to be hesitant or concerned?\n• The political landscape of where we will be doing the work.\n• Background in terms of literature, or research on the topic. \n• Relevant press coverage, they happen to know about \n• Journal articles or books that mentions the very specific issue that the grantee is seeking to address.\n• Statistics that illustrate either the nature of the problem that we are going to address or where the approach that we are thinking about has been successful beforehand. \n• Data and stats that help drive home why it is a problem why there is potential to impact change.\" \n',1,NULL),(23,23,'','To foster formal and informal knowledge sharing across the organization, Neil would like to explore setting up an internal social media network.',1,NULL),(24,24,'','The RF website is currently a one-way communications tool and needs to be designed to be more interactive.',1,NULL),(25,25,'','IT systems at RF could contain better Search features with Vivisimo, but those features have yet to be implemented by the IT department.',1,NULL),(26,26,'','Information and documents tied to initiatives are held in different places throughout the lifetime of the initiative. Before an initiative has been designed and green lighted, FI teams use rocklink. Once an initiative has been signed off on, Atlas takes over.  The result is that there is no single place, and no guidelines, to create and manage information throughout an initiative\'s life cycle (Scan to Execution)',1,NULL),(27,27,'','The intranet (rocklink) has not been strategically planned by the Communications department in consultation with IT.',1,NULL),(28,28,'','RF lacks a mindset on the strategic use and organization of data. ',1,NULL),(29,29,'','Scott is unaware of any formal taxonomies in use at RF.',1,NULL),(30,30,'','The Asia Regional Office does not have access to the shared drive so they store all of their reports and information from site visits on a local drive. ',1,NULL),(31,31,'','The role of regional offices in sensing is unclear. ',1,NULL),(32,32,'','The Asia Regional Office gets sent huge amounts of information from players in the region, but it rests in people\'s inboxes.  ',1,NULL),(33,33,'','RF needs to do more, beyond trip reports, to capture data and information on non-grant making activity.',1,NULL),(34,34,'','FI Staff do not know enough about legal issues they may encounter in carrying out a grant.  There is no single document or guideline and no ongoing learning program for it.',1,NULL),(35,35,'','Senior decision makers do not get a portfolio of initiative options to compare.',1,NULL),(36,36,'','Grant materials sent to Pamela are incomplete and poorly written, resulting in decisions based on incomplete information and Pamela having to expend time on quality control.',1,NULL),(37,37,'','It is difficult for Pamela and FI Teams to get information on the status of grants.',1,NULL),(38,38,'','People are unaware of where and how to find existing information surrounding budgets and grants in the organization.',1,NULL),(39,39,'','Rob lacks a quick and easy way to see the history a person applying for Bellagio has with RF.',1,NULL),(40,40,'','Familiarizing new employees to RF is a big on-boarding challenge for Samantha',1,NULL),(41,41,'','Pres. Rodin is sometimes unaware of RF\'s past interactions with individuals she meets with.',1,NULL),(42,42,'','RF\'s organizational culture can lead to a lack of understanding of others work in the foundation.',1,NULL),(43,43,'','Claudia would like to turn other grantees (in addition to searchlight) into sources of information.',1,NULL),(44,44,'','Claudia said research has offered to support program officers in finding information related to their area or on the evaluation of potential grantees, but that they did not need it.',1,NULL),(45,45,'','Claudia does not have a good database with a good search function and document management functionality for the newsletters she receives from horizon scanners.',1,NULL),(46,46,'','The decision needs of ET and IMT at different stages in the initiative model are unclear to the Research department.',1,NULL),(47,47,'','The research department\'s trend analysis may not be able to answer some senior decision maker\'s needs.',1,NULL),(48,48,'','John noted that the research department has very limited capacity and that he relies on outside research organizations or his own expertise to get answers to the key questions his work revolves around.',1,NULL),(49,49,'','Documents that could be used across initiatives are mostly shared via email. They are not archived and people do not view rocklink and a primary resource.',1,NULL),(50,50,'','Communications needs to do more to ensure that the public is aware of the work RF is doing.  This not only involves getting more content out there, but ensuring that the RF logo is on it through licensing.',1,NULL),(51,51,'','John agreed that others could benefit from more economics training and more use of economic research in grant making and initiative design.',1,NULL),(52,52,'','No systematic pathway exists for evaluation reports to become compelling stories about RF\'s work.',1,NULL),(53,53,'','Nancy thinks there needs to be a much more robust planning process around initiative design.',1,NULL),(54,54,'','Nancy thinks there should be project management tools that allow her to keep track of grantee deliverables, FI team deliverables through a calendar or some other mechanism. ',1,NULL),(55,55,'','Nancy thinks Program Officers should commit to producing a knowledge artifact (synthesis piece) around what they have learned about an initiative in relation to what other outside RF have learned.',1,NULL),(56,56,'','RF is missing knowledge capture opportunities in areas that could be of value to the organization.',1,NULL),(57,57,'','Michael asserted that the structure of the organization leads to a silo effect and that he goes to only a few sources for his information needs.',1,NULL),(58,58,'','Michael encounters challenges in collecting the information necessary in a short amount of time to design successful convenings.',1,NULL),(59,59,'','It is easier for archives to find information on RF\'s work in its first 50 years than RF\'s work since the 1960\'s and 70\'s.',1,NULL),(60,60,'','Scanning and research are not bringing to the fore past activities RF has been engaged in.  RF is unaware that it has already tried something in the past.',1,NULL),(61,61,'','The financial information held by the Office of Financial Resources is not being leveraged enough by RF staff for budgeting, forecasting, or planning.',1,NULL),(62,62,'','Financial management of initiatives happens initiative by initiative and is not strategically managed at a portfolio level.',1,NULL),(63,63,'','The financial knowledge held by the Office of Financial Resources has not been articulated in a document, report, or guidebook for the rest of RF.',1,NULL),(64,64,'','People are inaccurately forecasting their grant budgetary needs to the Office of Financial Resources.',1,NULL),(65,65,'','There are no metrics around the success or failure of getting matching or co-funding for grants.',1,NULL),(66,66,'','There are no standards around budget requests for convenings and no metrics around how successful the convening was.',1,NULL),(67,67,'','RF needs new ways of bringing in ideas and opportunities from outside of the organization.',1,NULL),(68,68,'','Valuable and pertinent information from meetings and briefings is not disseminated to others in the foundation who may find it of use.',1,NULL),(69,69,'','FI Teams are unaware of what other FI Teams are working on and there are missed opportunities to link up and share valuable knowledge.',1,NULL),(70,70,'','There are not as many opportunities for FI staff to keep up to date with goings on in their area of interest or operations.',1,NULL),(71,71,'','Certain organizational frameworks lead to less information sharing across initiatives and reinforce silos.  Nick doesn\'t feel there are many mechanisms that encourage him to look to integrate with peers.',1,NULL),(72,72,'','Knowledge around good grant making art and practice is deficient in RF and difficult to access.',1,NULL),(73,73,'','Memorializing past work on initiatives is lacking. Information is captured in multiple locations (memos, emails) and there is no place to aggregate it making production of chronological journals on the life of an initiative difficult to produce.',1,NULL),(74,74,'','In preparing for projects, speaking engagements, and meetings, Jeanette said that the type of support needed to be able to effectively present stories, study an audience, target key players, and so on is not available at RF.',1,NULL),(75,75,'','Strategic communications about RF\'s work is lacking.  RF\'s profile in the world is not as well known as it should be.',1,NULL),(76,76,'','There is no structured process to get Jeanette the intelligence she needs in her work on Health.',1,NULL),(77,77,'','There is a need for structured mechanisms to connect initiatives and learn from confluences in their work.',1,NULL),(78,78,'','Initiative communication strategies need to be better planned to start outreach earlier on in the initiative design.',1,NULL),(79,79,'','The current scanning process with searchlight grantees and other grantees is inefficient and AD\'s have been calling external experts to try and fill in gaps to shorten the pre-search timeframe.',1,NULL),(80,80,'','Margot has difficulty getting information on trends on the horizon, who outside of RF may be working on that issue, and how high quality they are. She uses google, her networks, and events to hear about trends.',1,NULL),(81,81,'','Margot has difficulty finding things on rocklink.',1,NULL),(82,82,'','ADs are unable to qualitatively comment on grants or append things. Margot would like to see qualitative assessments of grantees and the progression of grants through the process on a regularly updated basis.',1,NULL),(83,83,'','RF is not making effective use of the valuable knowledge it has gained over the years because lessons learned and best practices were either not captured to begin with or they were not organized consistently and are very difficult to find.',1,NULL),(84,84,'','Karl has difficulty understanding the current donor landscape related to his projects.',1,NULL),(85,85,'','Karl thinks the organizational structure of RF leads to unclear decision making processes.',1,NULL),(86,86,'','Atlas is not supporting the intelligence needs of ADs as it was not designed to do so. It does not allow ADs to edit content or capture information that may be useful for future grants. Only OGM can edit.',1,NULL),(87,87,'','Karl has not formalized his intelligence requirements.',1,NULL),(88,88,'','Charlanne finds it difficult to search on rock link.',1,NULL),(89,89,'','Charlanne would like to see the functionality of Atlas increased to: assist in checking on past grants, show the status of those involved with a project, provide deliverable due dates on a shared calendar, action options for documents, and better filtering.',1,NULL),(90,90,'','Program Officers are not involved in Searchlight grantee selection.',1,NULL),(91,91,'','There is no formal structure for horizontal information sharing and Benjamin may not know if any of his program officers are talking to the same grantee at the same time.',1,NULL),(92,92,'','Atlas does not provide for notes or comments from program officers on their interactions with grantees.',1,NULL),(93,93,'','The requirements and criteria of what is needed to move a search into development or end a search is not clear.',1,NULL),(94,94,'','RF has not created enough structure around the entire initiative process - initial idea to execution to exit.',1,NULL),(95,95,'','Edwin faces challenges in retrieving knowledge on past work RF has been engaged in.',1,NULL),(96,96,'','Edwin wants a way to better understand past interactions with grantees and how Program Officers rated their performance.  Current systems do not provide that information.',1,NULL),(97,97,'','There is no online interface that supports cross-initiative knowledge sharing and opportunities to integrate work have been missed.',1,NULL),(98,98,'','Sarah thinks a “Smart Sheet” where different people could input information about conversations/information gained from grantees would be very useful.  This would also make it easier to gather the information needed to produce reports and documents for the ET.',1,NULL),(99,99,'','Atlas needs to enable capturing of grantee performance.',1,NULL),(100,100,'','Sarah and her team have nowhere to capture information from grantees that may not relate to that specific grant, but would be useful for other work.',1,NULL),(101,101,'','There needs to be more consistency in defining target populations. RF lacks a consistent definition of poor and vulnerable.',1,NULL),(102,102,'','Horizontal knowledge sharing and the \"connector role\" should be brought down from ET to the level of MDs in IMTs to make it more effective.',1,NULL),(103,103,'','Gathering information directly from the beneficiaries of RF\'s work (the poor and vulnerable), in the context of the initiative model, is very challenging.',1,NULL),(104,104,'','Program staff need clear and intuitive direction in Atlas of where to go to find certain reports, documents, templates, etc.',1,NULL),(105,105,'','Program staff need visual dashboards/systems with management indicators around the overall health of an initiative. ',1,NULL),(106,106,'','The media database for the Communications department is not meeting the needs of its users.',1,NULL),(107,107,'','There are no standards or policies around pre-event or post-event reporting so Laura is sometimes unaware of things going on in RF that Communications could play a role in.',1,NULL),(108,108,'','The RF website is not communicating RF\'s work in a simple manner.',1,NULL),(109,109,'','RF.org is not being consistently updated with content from program staff.',1,NULL),(110,110,'','Brinda would like to have a better idea of what interactions others in RF are having with organizations that she may be dealing with.',1,NULL),(111,111,'','Decision making processes and decisions surrounding the initiative model and grants are unclear to Brinda.',1,NULL),(112,112,'','Brinda has challenges finding out what is going on in a sector and who is operating in it. Once she has that information, she does not know where to capture it or how to share it.',1,NULL),(113,113,'','Regional Offices not being able to access the shared drive complicates knowledge sharing.',1,NULL),(114,114,'','RF\'s institutional memory is weak as a result of bad KM systems and employees who have not been with RF for a long time.',1,NULL),(115,115,'','Atlas is not meeting Brinda\'s PRI system needs.',1,NULL),(116,116,'','There are no records that provide information on past grantee performance.',1,NULL),(117,117,'','Decisions are made in FI Team meetings that affect Keisha\'s work, but because she is not on a Team, she may not hear about those decisions in a timely manner.',1,NULL),(118,118,'','Not all information related to events and meetings Pres. Rodin is invited to get captured.',1,NULL),(119,119,'','Communications does not collect analytics on views of Dr. Rodin\'s speeches or videos on the public website. Keisha would also like to see grantees mentioned in the speeches notified that their work was used or broadcast.',1,NULL),(120,120,'','There have been misunderstandings in the past between Dr. Rodin and her office regarding her communication requirements.',1,NULL),(121,121,'','It would be useful for Dr. Rodin to have quick and easy access to information on the associations RF has had with people she is going to meet.',1,NULL),(122,122,'','Initiative Teams use a number of different systems to do their work including rocklink work areas, SocialText, Google Docs, Sky Drive, and Dropbox.',1,NULL),(123,123,'','RF does not have a formal archiving process.',1,NULL),(124,124,'','The rocklink homepage is not designed well.  It has too much noise and too many links.',1,NULL),(125,125,'','Carolyn thinks rocklink has too much of a NY focus and that it should be more regionally focused to ensure relevance to the user.',1,NULL),(126,126,'','RF does not have an organization wide tool used for project management.',1,NULL),(127,127,'','Rocklink has suffered from a lack of focus by Communications to work with IT and design a better system.',1,NULL),(128,128,'','There is no training in RF, other than orientation, to address financial planning and budgeting.',1,NULL),(129,129,'','There needs to be more accountability around spending projections from FI Teams.',1,NULL),(130,130,'','Much of the information put into rocklink is unregulated and Bob has difficulty identifying which are records as staff do not always make it clear.',1,NULL),(131,131,'','Bob\'s records management repositories do not provide the functionality he needs.',1,NULL),(132,132,'','Chris is unclear what RF\'s strategic priorities are and how learning fits into them.',1,NULL),(133,133,'','Managers need to devote more time to develop their management skills and need to hold others accountable for attending training seminars.',1,NULL),(134,134,'','The systems Chris uses to manage learning and training are not meeting his needs.',1,NULL),(135,135,'','RF does not do a skill audit of new hires and there is no \"report card\" on staff skill sets.',1,NULL),(136,136,'','Nancy has difficulty using RF\'s institutional knowledge - she doesn\'t know what is there, and how easy it is to get to.',1,NULL),(137,137,'','Evan\'s biggest challenge with searchlight is organizing the information so that program officers can easily navigate to what they are interested in.',1,NULL),(140,140,'','There is difficulty with getting the appropriate information from Atlas and RockLink.',1,NULL),(141,1,'','\"I have no way to capture and organize issues.\"',177,NULL),(142,1,'','I can\'t find the information I need to make X decision.',178,NULL),(143,2,'','Mike is not receiving the information he needs to make decision X.',178,NULL),(144,3,'','etsting',178,NULL),(145,4,'','sample',178,NULL),(401,1,'','Staying current with changes in water space is a challenge',179,NULL),(402,2,'','Staying competitive amongst a growing number of players is a challenge',179,NULL),(403,3,'','Acquiring or retaining cutting-edge technical expertise is a challenge',179,NULL),(404,4,'','Influencing on key stakeholders is a challenge',179,NULL),(405,5,'','Managing political economy/issues is a challenge',179,NULL),(406,6,'','Maintaining the focus on the poor is a challenge',179,NULL),(407,7,'','Responding to increasingly complex client requests is a challenge',179,NULL),(408,8,'','Working across sectors within the Bank is a challenge',179,NULL),(409,9,'','Maintaining global thought leadership is a challenge',179,NULL),(410,10,'','Delivering more, with fewer resources is a challenge',179,NULL),(411,11,'','Formulating innovative solutions that help clients achieve results is a challenge',179,NULL),(412,12,'','Building and sustaining client engagement is a challenge',179,NULL),(413,13,'','Offering timely solutions to client needs is a challenge',179,NULL),(414,14,'','Lack of control regarding the enabling environment is a challenge today',179,NULL),(415,15,'','Bringing more focus on water supply and sanitation is a challenge today',179,NULL),(416,16,'','Re-energizing the PPP market in the water sector is a challenge today',179,NULL),(417,17,'','Formulating innovative solutions that help clients achieve results obviously requires us to have the best experts in the field of water is a challenge today',179,NULL),(418,18,'','Maintaining global thought leadership implies that we have it now, which in some parts of the water sector, we do not. is a challenge today',179,NULL),(419,19,'','Achieving actual service improvements on the ground. is a challenge today',179,NULL),(420,20,'','Maintaining the focus on the poor is a challenge today',179,NULL),(421,21,'','Supporting clients with solutions that have proven impact (based on rigorous evaluations) is a challenge today',179,NULL),(422,22,'','Retaining operational staff with even basic experience in water utility planning and management is rare these days in the world bank is a challenge today',179,NULL),(423,23,'','Delivering cost-effective products and interventions that meet complex problems in water and that assist clients to prioritize and integrate will be a challenge in the next 5 years',179,NULL),(424,24,'','Achieving actual service improvements on the ground. will be a challenge in the next 5 years',179,NULL),(425,25,'','Offering timely solutions to client needs will be a challenge in the next 5 years',179,NULL),(426,26,'','Shrinking Bank budgets will be THE biggest constraint to doing effective business with clients. will be a challenge in the next 5 years',179,NULL),(427,27,'','Supporting clients with solutions that have proven impact (based on rigorous evaluations) will be a challenge in the next 5 years',179,NULL),(428,28,'','Business strategy knowledge is not easy to access',179,NULL),(429,29,'','Case studies are not easy to access',179,NULL),(430,30,'','Internal lessons learned are not easy to access',179,NULL),(431,31,'','Professional journals are not easy to access',179,NULL),(432,32,'','Best practice documents are not easy to access',179,NULL),(433,33,'','Sector information is not easy to access',179,NULL),(434,34,'','Regional information is not easy to access',179,NULL),(435,35,'','Country information is not easy to access',179,NULL),(436,36,'','Local know-how is not easy to access',179,NULL),(437,37,'','Implementation experience is not easy to access',179,NULL),(438,38,'','Training materials are not easy to access',179,NULL),(439,39,'','Research (such as external publications and reports) is not easy to access',179,NULL),(440,40,'','Bank’s own publications are not easy to access',179,NULL),(441,41,'','Marketing materials about sectors knowledge is not easy to access',179,NULL),(442,42,'','Concept notes for past projects knowledge is not easy to access',179,NULL),(443,43,'','Concept notes for AAAs knowledge is not easy to access',179,NULL),(444,44,'','AAAs reports knowledge is not easy to access',179,NULL),(445,45,'','Project documents knowledge is not easy to access',179,NULL),(446,46,'','Templates knowledge is not easy to access',179,NULL),(447,47,'','Back-to-Office reports knowledge is not easy to access',179,NULL),(448,48,'','Handbooks and manuals knowledge is not easy to access',179,NULL),(449,49,'','World Bank Groups’ policies and procedures knowledge is not easy to access',179,NULL),(450,50,'','Processing know-how knowledge is not easy to access',179,NULL),(451,51,'','News-media knowledge is not easy to access',179,NULL),(452,52,'','Contacts for networking knowledge is not easy to access',179,NULL),(453,53,'','Expertise of other colleagues knowledge is not easy to access',179,NULL),(454,54,'','Business strategy knowledge is not known by or available to participants',179,NULL),(455,55,'','Case studies are not known by or available to participants',179,NULL),(456,56,'','Internal lessons learned are not known by or available to participants',179,NULL),(457,57,'','Professional journals are not known by or available to participants',179,NULL),(458,58,'','Best practice documents are not known by or available to participants',179,NULL),(459,59,'','Sector information is not known by or available to participants',179,NULL),(460,60,'','Regional information is not known by or available to participants',179,NULL),(461,61,'','Country information is not known by or available to participants',179,NULL),(462,62,'','Local know-how is not known by or available to participants',179,NULL),(463,63,'','Implementation experience is not known by or available to participants',179,NULL),(464,64,'','Training materials are not known by or available to participants',179,NULL),(465,65,'','Research (such as external publications and reports) is not known by or available to participants',179,NULL),(466,66,'','Bank’s own publications are not known by or available to participants',179,NULL),(467,67,'','Marketing materials about sectors are not known by or available to participants',179,NULL),(468,68,'','Concept notes for past projects are not known by or available to participants',179,NULL),(469,69,'','Concept notes for AAAs are not known by or available to participants',179,NULL),(470,70,'','AAAs reports are not known by or available to participants',179,NULL),(471,71,'','Project documents are not known by or available to participants',179,NULL),(472,72,'','Templates are not known by or available to participants',179,NULL),(473,73,'','Back-to-Office reports are not known by or available to participants',179,NULL),(474,74,'','Handbooks and manuals are not known by or available to participants',179,NULL),(475,75,'','World Bank Groups’ policies and procedures are not known by or available to participants',179,NULL),(476,76,'','Processing know-how is not known by or available to participants',179,NULL),(477,77,'','News-media is not known by or available to participants',179,NULL),(478,78,'','Contacts for networking are not known by or available to participants',179,NULL),(479,79,'','Expertise of other colleagues is not known by or available to participants',179,NULL),(480,80,'','The problem is knowing that knowledge exists.  If you don’t know it exists you can’t go look for it',179,NULL),(481,81,'','Department’s repositories are underused',179,NULL),(482,82,'','External sources are underused',179,NULL),(483,83,'','Other departments’ repositories are underused',179,NULL),(484,84,'','Personal networks are underused',179,NULL),(485,85,'','One’s own files are underused',179,NULL),(486,86,'','World Bank Group’s library services are underused',179,NULL),(487,87,'','Identification of knowledge gaps for new products needs improvement',179,NULL),(488,88,'','Content development needs improvement',179,NULL),(489,89,'','Identification of peer reviewer(s) needs improvement',179,NULL),(490,90,'','Copyedit process needs improvement',179,NULL),(491,91,'','Translation process needs improvement',179,NULL),(492,92,'','Sign-off process needs improvement',179,NULL),(493,93,'','Development of different types of knowledge products needs improvement',179,NULL),(494,94,'','Dissemination of knowledge products needs improvement',179,NULL),(495,95,'','Evaluation of knowledge products needs improvement',179,NULL),(496,96,'','Process for high quality film development needs improvement',179,NULL),(497,97,'','Method for research methodology and data collection needs improvement',179,NULL),(498,98,'','Prioritisation of knowledge product preparation in the performance evaluations + having adequate time and resources dedicated to it needs improvement',179,NULL),(499,99,'','Participation of client in knowledge products generation needs improvement',179,NULL),(500,100,'','Peer review / quality control / editing services needs improvement',179,NULL),(501,101,'','Keyword searching for specific knowledge products across the bank is not easy',179,NULL),(502,102,'','There is a detach between the knowledge generated in the field and how it ends up in the document to be published. A stronger effort needs to be made to capture the field knowledge as it contributes globally to WSP. Many times there is pressure from HQ to adapt lessons to preconceived notions, experts opinions.....',179,NULL),(503,103,'','Acknowledgement, reward and incentive are needed.  In my first few years I have produced many KP but with little acknowledgement or feedback on the quality of my KP from my managers, this has provided me little incentive to continue to produce KP or understanding on how I might improve them',179,NULL),(504,104,'','More resources needed on reform of water utilities and urban water issues  in the past few years there seems to have been a decline in useful guidance notes produced by the water anchor',179,NULL),(505,105,'','We should mainstream fewer products of higher quality, less is more',179,NULL),(506,106,'','The Bank promotes innovation in its products but this should be linked to evaluation of existing knowledge products which will then lead identification of knowledge gaps. Innovation is then seen as filling the gap and not as an alternative product.',179,NULL),(507,107,'','Many players do not have access to the English language ; give more weight to the French version for example.',179,NULL),(508,108,'','Translate the products into the official language of focus countries',179,NULL),(509,109,'','Use the Bank Intranet to collect feedback and proposals',179,NULL),(510,110,'','Use mainly the client sector process to identify and indicate the areas.',179,NULL),(511,111,'','You need dedicated staff to manage the editing, typesetting, production, and dissemination. It takes a lot of work and requires a skill set that technical specialists don’t have or have time for. One person in the anchor is not sufficient',179,NULL),(512,112,'','Better mapping of  expertise within the Bank to be made available for peer review and evaluation.',179,NULL),(513,113,'','I suggest we improve and strengthen the accessibility of the knowledge products.  That is, having a working repository whereby we are ably to easily access field notes and case studies on what works and what does work.  In the process, it might be good for one TTL to engage and mentor the other TTL in the art of how to document their initiatives.  This would benefit us in two ways.  First, it would give an extra push to the documentation process.  Second, it would promote a comparative framework since documentation of the learner will be based off of the framework developed by the former.  Hence, it allow us to eventually gather comparative data.',179,NULL),(514,114,'','Knowledge products should be linked with on going work instead of being produced in a vacuum',179,NULL),(515,115,'','It needs to be made more systematic within the units with dedicated resources working on product development - it seems to work ad-hoc and responsive to high level movements rather than being driven by the actual challenges faced on the ground.',179,NULL),(516,116,'','The Bank should focus on delivering just-in-time policy guidance notes with sharp analysis of the political economy, sectoral and institutional issues and options. The Bank should start from the challenges the client faces, or questions the clients ask and work backwards to identify the team composition and delivery of solutions. Each request should be dealt with differently with the best team equipped to provide timely response.',179,NULL),(517,117,'','Make one product into many different tools: pod-casts, webinars, presentations, papers, etc',179,NULL),(518,118,'','Tackling language barriers to allow client participate in knowledge products development',179,NULL),(519,119,'','Too many clearances',179,NULL),(520,120,'','Everything should be pulled from the web and NOT pushed via email. We have no culture of going to a spot to check for recent updates. I would do this; however, the time i have for that is consumed by endless emails forced on me that often have nothing to do with my work.',179,NULL),(521,121,'','Create one space (e.g. on ConnectWater) where the complete process is described clearly. Currently, the templates are there, but the process is not 100% clear.',179,NULL),(522,122,'','A closer contact should be made with the manager proposing certain publication. A brief but thorough interaction to determine main thoughts, objectives, contribution etc. at the initial stages, can be very useful to avoid the situation described in comment above.',179,NULL),(523,123,'','Strengthen the orientation into the WBG programs for new staff',179,NULL),(524,124,'','The knowledge product development process depends on the needs of the clients so we need to provide what the clients need in order to address the gap.',179,NULL),(525,125,'','It should not just be a peer review process on the actual KP that is being produced but we need a mentoring system to help staff improve the quality of the knowledge process and how to improve the overall quality of their products.  Resources to help staff better use evidence, statistics, even simple guides on the different ways to approach referencing e.g. Harvard or scientific would help speed up the KP process.',179,NULL),(526,126,'','The identification of knowledge gaps seems to be up to individual TTLs at the moment; a more concerted approach, like we are trying to establish within WSP on a thematic basis, would be very helpful so that we don’t all run off doing small-scale triple A work that overlaps or isn’t significant enough to be worth sharing across countries and regions.',179,NULL),(527,127,'','Classify each document with a systematic identification of its contents, thus one could search by content.',179,NULL),(528,128,'','Groups do not contribute generation of new knowledge in the focus area',179,NULL),(529,129,'','Groups do not contribute meeting business objectives in the focus area',179,NULL),(530,130,'','Groups do not provide you with access to key knowledge and best practices',179,NULL),(531,131,'','Groups do not increase networking opportunities',179,NULL),(532,132,'','Groups do not enhance my skill sets in the topical areas',179,NULL),(533,133,'','Groups do not provide me with opportunities to innovate in the focus area',179,NULL),(534,134,'','Groups do not increase opportunities to publicize and be recognized for my work',179,NULL),(535,135,'','People are not confident in their ability to distill their knowledge into concise messages',179,NULL),(536,136,'','People are not confident in their ability to write a blog',179,NULL),(537,137,'','People are not confident in their ability to write a feature story',179,NULL),(538,138,'','People are not confident in their ability to write a knowledge product/report',179,NULL),(539,139,'','People are not confident in their ability to write a project documents',179,NULL),(540,140,'','People are not confident in their ability to prepare effective PowerPoint presentations',179,NULL),(541,141,'','People are not confident in their ability to speak publicly/to external audiences',179,NULL),(542,142,'','People are not confident in their ability to deliver a presentation internally',179,NULL),(543,143,'','People are not confident in their ability to participate in discussions related to their work on social media (including Twitter, Facebook, on-line chats)',179,NULL),(544,144,'','People don’t want to use blogs or social media. Information overload is the main reason people miss important issues.',179,NULL),(545,145,'','In some cases, people don’t have time rather than ability. People also would like help on illustration rather than words',179,NULL),(546,146,'','People have no intention to write a blog or use Twitter/Facebook. Stop thinking about gimmicks and let’s go back to real work!',179,NULL),(547,147,'','People are not incentivized to distill their knowledge into concise messages',179,NULL),(548,148,'','People are not incentivized to write a blog',179,NULL),(549,149,'','People are not incentivized to write a feature story',179,NULL),(550,150,'','People are not incentivized to write a knowledge product/report',179,NULL),(551,151,'','People are not incentivized to write a project documents',179,NULL),(552,152,'','People are not incentivized to prepare effective PowerPoint presentations',179,NULL),(553,153,'','People are not incentivized to speak publicly/to external audiences',179,NULL),(554,154,'','People are not incentivized to deliver a presentation internally',179,NULL),(555,155,'','People are not incentivized to represent the Water Practice in interactions with the news media',179,NULL),(556,156,'','People are not incentivized to participate in discussions related to their work on social media (including Twitter, Facebook, on-line chats)',179,NULL),(557,157,'','People are not incentivized to share their work with colleagues on an informal basis',179,NULL),(558,158,'','People don\'t know the procedure for handling queries they receive from members of the news media',179,NULL),(559,159,'','People are not confident in their ability to represent the Water practice in interactions with the news media',179,NULL),(560,160,'','People are not aware of the options available and steps to take to communicate their story, experience and knowledge more widely',179,NULL),(561,161,'','The communications capacity of Government clients or counterparts has been a constraint in people’s work.',179,NULL),(562,162,'','People do not use “People Pages” on the Intranet to identify expertise of other colleagues',179,NULL),(563,163,'','People do not update their data on “People Pages” on the Intranet often enough',179,NULL),(564,164,'','CO staff are by definition more isolated and face strong limitations to access learning events, leading to isolating them more.',179,NULL),(565,165,'','We are not effectively managing our knowledge.  do we know what are the major knowledge gaps in our sub-sectors? what are the key questions that sector professionals want to address.  Are we using our resources to effectively address them?',179,NULL),(656,166,'','Staying current with changes in water space will be a challenge in the next 5 years',179,NULL),(657,167,'','Staying competitive amongst a growing number of players will be a challenge in the next 5 years',179,NULL),(658,168,'','Acquiring or retaining cutting-edge technical expertise will be a challenge in the next 5 years',179,NULL),(659,169,'','Influencing on key stakeholders will be a challenge in the next 5 years',179,NULL),(660,170,'','Managing political economy/issues will be a challenge in the next 5 years',179,NULL),(661,171,'','Maintaining the focus on the poor will be a challenge in the next 5 years',179,NULL),(662,172,'','Responding to increasingly complex client requests will be a challenge in the next 5 years',179,NULL),(663,173,'','Working across sectors within the Bank will be a challenge in the next 5 years',179,NULL),(664,174,'','Maintaining global thought leadership will be a challenge in the next 5 years',179,NULL),(665,175,'','Delivering more, with fewer resources will be a challenge in the next 5 years',179,NULL),(666,176,'','Formulating innovative solutions that help clients achieve results will be a challenge in the next 5 years',179,NULL),(667,177,'','Building and sustaining client engagement will be a challenge in the next 5 years',179,NULL),(668,178,'','Offering timely solutions to client needs will be a challenge in the next 5 years',179,NULL);
/*!40000 ALTER TABLE `issue` ENABLE KEYS */;
UNLOCK TABLES;

--
-- Table structure for table `issue_approach`
--

DROP TABLE IF EXISTS `issue_approach`;
/*!40101 SET @saved_cs_client     = @@character_set_client */;
/*!40101 SET character_set_client = utf8 */;
CREATE TABLE `issue_approach` (
  `issue_id` bigint(20) NOT NULL,
  `approach_id` bigint(20) NOT NULL,
  PRIMARY KEY (`issue_id`,`approach_id`),
  KEY `fk_issue_has_approach_approach1` (`approach_id`),
  KEY `fk_issue_has_approach_issue1` (`issue_id`),
  CONSTRAINT `fk_issue_has_approach_approach1` FOREIGN KEY (`approach_id`) REFERENCES `approach` (`id`) ON DELETE CASCADE ON UPDATE NO ACTION,
  CONSTRAINT `fk_issue_has_approach_issue1` FOREIGN KEY (`issue_id`) REFERENCES `issue` (`id`) ON DELETE CASCADE ON UPDATE NO ACTION
) ENGINE=InnoDB DEFAULT CHARSET=latin1;
/*!40101 SET character_set_client = @saved_cs_client */;

--
-- Dumping data for table `issue_approach`
--

LOCK TABLES `issue_approach` WRITE;
/*!40000 ALTER TABLE `issue_approach` DISABLE KEYS */;
INSERT INTO `issue_approach` VALUES (93,1),(117,1),(3,2),(4,2),(13,2),(17,2),(18,2),(23,2),(25,2),(26,2),(27,2),(29,2),(30,2),(33,2),(37,2),(38,2),(39,2),(41,2),(45,2),(48,2),(49,2),(57,2),(58,2),(59,2),(60,2),(71,2),(72,2),(73,2),(81,2),(82,2),(86,2),(88,2),(89,2),(92,2),(95,2),(96,2),(97,2),(98,2),(99,2),(100,2),(101,2),(104,2),(110,2),(113,2),(115,2),(116,2),(118,2),(121,2),(122,2),(123,2),(124,2),(125,2),(130,2),(131,2),(136,2),(2,3),(10,3),(15,3),(18,3),(29,3),(36,3),(46,3),(55,3),(61,3),(63,3),(64,3),(72,3),(73,3),(76,3),(85,3),(94,3),(111,3),(117,3),(2,4),(21,4),(22,4),(31,4),(50,4),(53,4),(74,4),(78,4),(87,4),(107,4),(109,4),(110,4),(127,4),(1,5),(12,5),(21,5),(24,5),(50,5),(52,5),(75,5),(107,5),(108,5),(109,5),(119,5),(120,5),(127,5),(3,6),(7,6),(10,6),(16,6),(23,6),(28,6),(29,6),(34,6),(36,6),(38,6),(40,6),(46,6),(51,6),(53,6),(55,6),(56,6),(58,6),(59,6),(60,6),(61,6),(63,6),(64,6),(66,6),(72,6),(73,6),(83,6),(85,6),(93,6),(94,6),(95,6),(102,6),(111,6),(114,6),(128,6),(132,6),(133,6),(134,6),(135,6),(136,6),(14,7),(80,7),(84,7),(112,7),(140,7),(8,8),(9,8),(11,8),(31,8),(32,8),(43,8),(44,8),(45,8),(47,8),(48,8),(56,8),(67,8),(69,8),(70,8),(71,8),(77,8),(79,8),(80,8),(83,8),(90,8),(91,8),(102,8),(112,8),(114,8),(137,8),(1,9),(2,9),(15,9),(19,9),(20,9),(35,9),(55,9),(62,9),(8,10),(56,10),(69,10),(71,10),(77,10),(83,10),(91,10),(102,10),(114,10),(56,11),(83,11),(114,11);
/*!40000 ALTER TABLE `issue_approach` ENABLE KEYS */;
UNLOCK TABLES;

--
-- Table structure for table `issue_attribute`
--

DROP TABLE IF EXISTS `issue_attribute`;
/*!40101 SET @saved_cs_client     = @@character_set_client */;
/*!40101 SET character_set_client = utf8 */;
CREATE TABLE `issue_attribute` (
  `id` bigint(20) NOT NULL AUTO_INCREMENT,
  `name` varchar(127) NOT NULL,
  `val` text NOT NULL,
  `issue_comment` bigint(20) NOT NULL,
  `version` int(11) DEFAULT NULL,
  PRIMARY KEY (`id`),
  KEY `fk_issue_attribute_issue_comment1` (`issue_comment`),
  CONSTRAINT `fk_issue_attribute_issue_comment1` FOREIGN KEY (`issue_comment`) REFERENCES `issue_comment` (`id`) ON DELETE CASCADE ON UPDATE NO ACTION
) ENGINE=InnoDB DEFAULT CHARSET=latin1;
/*!40101 SET character_set_client = @saved_cs_client */;

--
-- Dumping data for table `issue_attribute`
--

LOCK TABLES `issue_attribute` WRITE;
/*!40000 ALTER TABLE `issue_attribute` DISABLE KEYS */;
/*!40000 ALTER TABLE `issue_attribute` ENABLE KEYS */;
UNLOCK TABLES;

--
-- Table structure for table `issue_category`
--

DROP TABLE IF EXISTS `issue_category`;
/*!40101 SET @saved_cs_client     = @@character_set_client */;
/*!40101 SET character_set_client = utf8 */;
CREATE TABLE `issue_category` (
  `id` bigint(20) NOT NULL AUTO_INCREMENT,
  `name` varchar(127) NOT NULL,
  `project` bigint(20) NOT NULL,
  `version` int(11) DEFAULT NULL,
  PRIMARY KEY (`id`),
  UNIQUE KEY `name_UNIQUE` (`name`),
  KEY `fk_issue_category_project1` (`project`),
  CONSTRAINT `fk_issue_category_project1` FOREIGN KEY (`project`) REFERENCES `project` (`id`) ON DELETE CASCADE ON UPDATE NO ACTION
) ENGINE=InnoDB AUTO_INCREMENT=77 DEFAULT CHARSET=latin1;
/*!40101 SET character_set_client = @saved_cs_client */;

--
-- Dumping data for table `issue_category`
--

LOCK TABLES `issue_category` WRITE;
/*!40000 ALTER TABLE `issue_category` DISABLE KEYS */;
INSERT INTO `issue_category` VALUES (1,'Horizontal Knowledge Sharing',1,NULL),(2,'Initiative & Grants Management',1,NULL),(3,'Institutional Knowledge Retrieval/Capture',1,NULL),(4,'IT',1,NULL),(5,'IT – Atlas',1,NULL),(6,'IT – RockLink',1,NULL),(7,'IT – Shared Drive',1,NULL),(8,'Mindset/Skillset/Training & Learning',1,NULL),(9,'Other',1,NULL),(10,'Senior Decision Making Support',1,NULL),(11,'Situational Awareness',1,NULL),(12,'Strategic Communications',1,NULL),(13,'Issue Capture',177,NULL),(14,'Communications',179,NULL),(15,'Communications - Clearance process',179,NULL),(16,'Communications - Communication process and procedures',179,NULL),(17,'Communications - Content management system (knowledge products/ publications)',179,NULL),(18,'Communications - Evaluation of knowledge products',179,NULL),(19,'Communications - Government\'s communication capacity',179,NULL),(20,'Communications - Incentives',179,NULL),(21,'Communications - Internal communications',179,NULL),(22,'Communications - Language',179,NULL),(23,'Communications - Media',179,NULL),(24,'Communications - Presentation skills',179,NULL),(25,'Communications - Production process',179,NULL),(26,'Communications - Reaching the right audience',179,NULL),(27,'Communications - Roles and responsibilities (who does what?)',179,NULL),(28,'Communications - Translation process',179,NULL),(29,'Communications - Writing skills',179,NULL),(30,'KM and communications',179,NULL),(31,'KM and Learning',179,NULL),(32,'Knowledge management',179,NULL),(33,'Knowledge management - Accessibility (findability) to knowledge (contents, process, people)',179,NULL),(34,'Knowledge management - Availability of knowledge (contents, process, people)',179,NULL),(35,'Knowledge management - Clearance process',179,NULL),(36,'Knowledge management - Content development process',179,NULL),(37,'Knowledge management - Content management system (collaboration platform, ECM etc)',179,NULL),(38,'Knowledge management - Dissemination of knowledge products',179,NULL),(39,'Knowledge management - Evaluation of knowledge products',179,NULL),(40,'Knowledge management - Expertise locator (peer reviewer finder)',179,NULL),(41,'Knowledge management - Incentives',179,NULL),(42,'Knowledge management - Knowledge gaps',179,NULL),(43,'Knowledge management - Language ',179,NULL),(44,'Knowledge management - Roles and responsibilities (who does what?)',179,NULL),(45,'Knowledge management - Translation process',179,NULL),(46,'Knowledge management - Usefulness of Thematic groups',179,NULL),(47,'Learning',179,NULL),(48,'Learning - Behavioral learning needs',179,NULL),(49,'Learning - Effective learning approaches',179,NULL),(50,'Learning - Operational learning needs',179,NULL),(51,'Learning - Technical competency needs',179,NULL);
/*!40000 ALTER TABLE `issue_category` ENABLE KEYS */;
UNLOCK TABLES;

--
-- Table structure for table `issue_comment`
--

DROP TABLE IF EXISTS `issue_comment`;
/*!40101 SET @saved_cs_client     = @@character_set_client */;
/*!40101 SET character_set_client = utf8 */;
CREATE TABLE `issue_comment` (
  `id` bigint(20) NOT NULL AUTO_INCREMENT,
  `issue` bigint(20) NOT NULL,
  `description` text,
  `applicable_to_me` bit(1) DEFAULT NULL,
  `fixed` bit(1) DEFAULT NULL,
  `interview` bigint(20) NOT NULL,
  `version` int(11) DEFAULT NULL,
  PRIMARY KEY (`id`),
  KEY `FK150D54F9F97E8309` (`issue`),
  KEY `FK150D54F9674650D9` (`interview`),
  CONSTRAINT `FK150D54F9674650D9` FOREIGN KEY (`interview`) REFERENCES `interview` (`id`) ON DELETE CASCADE,
  CONSTRAINT `FK150D54F9F97E8309` FOREIGN KEY (`issue`) REFERENCES `issue` (`id`) ON DELETE CASCADE
) ENGINE=InnoDB AUTO_INCREMENT=4453 DEFAULT CHARSET=latin1;
/*!40101 SET character_set_client = @saved_cs_client */;

--
-- Dumping data for table `issue_comment`
--

LOCK TABLES `issue_comment` WRITE;
/*!40000 ALTER TABLE `issue_comment` DISABLE KEYS */;
INSERT INTO `issue_comment` VALUES (1,105,'\"Getting some visual dash boards for program staff and reports...Its management indicators. They check in and see if they are meeting xyz if they are not they interpret and they intervene. We have nothing like that..\" \n\n\"And it would be something like a click and you can see at a glance the health of your initiatives. You know like how healthy is my initiative, how healthy meaning where I am on my budget?  How healthy meaning how much risk do I have going on with my grants? Do I have 90% risky, high risk grants healthy in terms of how many reports do I have overdue, healthy in terms of how many reports do I have sitting on my desk that have been received but I haven’t had time to look at. So, it’s not only health but its also self-management and having the tools to hold others and yourself accountable. And that’s also missing, accountability tools. Everyone is fighting so hard to access the information that they are exhausted by the time they get to the work.\"','',NULL,1,NULL),(2,104,'“One project I would love is a revamping of our resource landscape...we have all of these materials and reports, documents, information, guidance, templates,  and its all kept in very disparate places...It’s very hard for program staff to remember Do I go here or here? And the Atlas website that we built which is our main system that we use for grant making, for processing grants there is all these tabs and they always are like “well do I go to clarity for this or is it Atlas or is it the grant making tab or is it this tab?” There’s just too many places.\"\n\n\"There’s no pointer system so what I would like is for it to be re-imagined to be intuitive and I want there to be some clean lines. I know that if I want this type of document, it’s a hundred percent going to be in this place. It’s clear..I don’t have to grasp or remember or think about it.\"','',NULL,1,NULL),(3,31,'The role of regional offices in sensing is unclear. ','\0',NULL,2,NULL),(4,32,'The Asia Regional Office gets sent huge amounts of information from players in the region, but it rests in people\'s inboxes.  ','\0',NULL,2,NULL),(5,30,'The Asia Regional Office does not have access to the shared drive so they store all of their reports and information from site visits on a local drive. ','\0',NULL,2,NULL),(6,91,'\"Horizontal information sharing sometimes gets done informally, but its weak.  Often I don’t know that someone is talking to the same grantee.  There is no formal structure for it.  Atlas is supposed to help us do that in theory but Atlas brings it in only once you are in the grant process already.  So I have no formal way of knowing if any of my program officers are talking to the same organization unless I hear it from then or the organization prior to the initiation of grants.  It can have reputational repercussions (incompetence).  It may duplicate some processes.\"','',NULL,3,NULL),(7,92,'\"One of the weaknesses of Atlas is when I look at past grants, it will not show me any insights or notes from past program officers – will they deliver? Are they hard to work with?  All I see is when it was opened and closed.  Relational intelligence is not captured.\"','',NULL,3,NULL),(8,93,'“The biggest challenge is what K and intelligence do I need to bring forward that will be important to the decision of whether to move a search into development or end a search, etc.  There is no set “oh you need to know this.”\n\n\"Historically, it’s been ad hoc.\"','',NULL,3,NULL),(9,114,'\"The institutional memory is weak. When you couple not having good KM systems with having people who have not been here for a long time, institutional memory is not great.\" ','\0',NULL,4,NULL),(10,110,'\"I don\'t think we are lacking in information. Sometimes there are orgs that are known to others in RF and I don\'t have a clear idea of what type of relationship they have with others at RF and what kind of conversations they have been having.\"','',NULL,4,NULL),(11,116,'There are no records that provide information on past grantee performance.\n\n\"There are no records here that say this grantee was horrible – don\'t give money to them. That’s hard to do without the record. Otherwise you rely on email asking people and hope they say whether they are good or bad. Either way having that info is beneficial.\"','',NULL,4,NULL),(12,111,'\"Decision making takes a long time. There are many committee and it is not clear to me which committee has purview over what decision making. There are many diff internal documents. It is unclear if any of them are used for DM. I am luck in that on the PRI side we have a committee where we meet pretty regularly. We have docs and templates that are relatively clear and we have a pretty clear governance process.\" \n\n\"What is opaque is the governance on the grant side. With grant initatives in search what is the criteria that is moving to development. Why are things moved? How are decision made? What is the portfolio of things that the RF is targeting the portfolio of initiatives at? What should the portfolio look like? I think we are working on it but I do not think we have a clear sense of what the initiative portfolio is aimed at or that someone is making sure that we meet those objectives.\" ','',NULL,4,NULL),(13,112,'\"One issue is: How do you learn about a sector? We have a research team but how do you find out what’s happening and who is operating?Once you gather that how do you capture it and share it? Where do you put all those materials.\" ','\0',NULL,4,NULL),(14,113,'Regional Offices not being able to access the shared drive complicates knowledge sharing.\n\n\"Once you gather that how do you capture it and share it? Where do you put all those materials? Shared drive is used and helps the PRI activity and Impact Investing and Impact Enterprises. But with SPEED with staff in Bankok we don’t use the Shared Drive that much because we know they cannot. So we rely on email.\" ','\0',NULL,4,NULL),(15,115,'Atlas is not meeting Brinda\'s PRI system needs.\n\n\"RF’s main activity is grantmaking but I would be best served by systems like those used by investment office. But I am using systems that are designed for grants.\"\n\n\"DD stays on the shared drive – the memo goes to atlas, the initial financials and legal too (key legal) when there is reporting like quarterly or semi annual that goes to Atlas. Atlas is a subset of what is on the shared drive. It is a problem that results the fact that RF has not designed a system specifically for PRI.\"  ','',NULL,4,NULL),(16,127,'Rocklink has suffered from a lack of focus by Communications to work with IT and design a better system.\n\n\"Yeah, we got several different directors, communication departments, my time here at least. And of course they were more focused on external communication, than organizing our internal communications.\"','',NULL,5,NULL),(17,124,'The rocklink homepage is not designed well.  It has too much noise and too many links.','',NULL,5,NULL),(18,125,'Carolyn thinks rocklink has too much of a NY focus and that it should be more regionally focused to ensure relevance to the user.','',NULL,5,NULL),(19,123,'RF does not have a formal archiving process.','\0',NULL,5,NULL),(20,122,'Initiative Teams use a number of different systems to do their work including rocklink work areas, SocialText, Google Docs, Sky Drive, and Dropbox.','\0',NULL,5,NULL),(21,126,'RF does not have an organization wide tool used for project management.','\0',NULL,5,NULL),(22,89,'\"I’ve long suggested that we have a system that when you put in “Harvard U” into Clarity, that all their grants pop up so you can automatically do a check on what’s been done.  We don’t have a system (taxonomy) for how we put in the “project line” (how you identify a grant) though.\"\n\n\"I don’t see why the system cant easily tell us who is a current employee, who is active on a project or who left a project…If I type in the name of a project, I want to see everyone associated with it and their status (still here, left the project).\"\n\n\"Isn’t there a technology that when you submit your stuff to OGM, they have to assign dates to deliverables…this is due by…they do it but it stays in Atlas.  Why couldn’t that be uploaded to a calendar?  That doesn’t happen. Someone is entering the dates when these deliverables are due but its not captured in other areas. So I will have a vague recollection of when my grants are due unless I regularly go into Atlas or print out monthly reports.\"\n\n\"People, Internal vs. External, Team, Documents…Reports…Overdue reports…reports due in September…reports due in October…they have something like that on Atlas but it’s not very good.  It’d be nice if everything had an “action” from different places in Atlas so I could email a report to someone.\"  ','',NULL,6,NULL),(23,88,'\"I never use it. I used it in the past and it’s not helpful and I’ve never easily found the thing I’m looking for. I’ve found hundreds of other things…The FI page is well organized though.\"','\0',NULL,6,NULL),(24,133,'\"I often think that ET doesn\'t know what it doesn\'t know – like how to carry itself as leaders in times of change and how to clear time to deal with what is important...The ET in general needs strong management skills but they don\'t clear the time. Managers need to hold people accountable for attending management development. If we ask people to come to a session to build skills that staff says are missing, this comes across as a mixed signal.\"','\0',NULL,7,NULL),(25,135,'RF does not do a skill audit of new hires and there is no \"report card\" on staff skill sets.\n\n\"We do not do a skill audit of new hires. Only at 90 day and annual do we get something formal – other than that it is all informal via email.  There is no report card on skills.\"','',NULL,7,NULL),(26,132,'\"Information and clarity. I am not sure what our strategic priorities are. The overall mission of serving humankind. I don’t really know what resilience means or what strategies we use to get to that. I struggle to know what I am supposed to be enabling.\" ','\0',NULL,7,NULL),(27,134,'\"I don\'t have systems or enough info feeding into me. The HR Information System (HR Connect, eAppraisal) is not good for my purposes. I need to design custom reports...I don\'t have a database with training requests. I go appraisal by appraisal and pull out development goals. Or I need to do interviews with managers and staff and field them ad hoc...In past places of employment there would be an integrated LMS and Performance management system so goals put up for appraisals would be connected to reporting. There would be talent review sessions - there would be mid-year checkins. We don\'t have them here.\"','',NULL,7,NULL),(28,47,'\"David: He [Zia] gave me the example of a breakthrough idea of a drug not being available in child size dosages in Africa and leading to the death of children there. He gave that to me as an example of what he is looking for. How would your trend analysis pick that up?\nClaudia: It doesn’t.\"','\0',NULL,8,NULL),(29,46,'“The main thing, which will hopefully be addressed through the process, is to have a joint understanding of what the ET needs and the IMT one level down in terms of being able to make a decision.  We think about the scanning process, scanning into search and there are decision making points, what do we want to scan and what goes from scan to search and search to development – what do we need at the end of each phase so I’m focused less on the process but more on the deliverables for each phase…If I know what they need to know to be able to make a decision at that stage then I can produce it. What they need to know has gotten a little bit clearer but it’s still a challenge.\"','\0',NULL,8,NULL),(30,43,'“Hopefully the establishment of a global engagement network, we are considering, might open that opportunity. So far we didn\'t have a good way to reach out to all grantees. We didn\'t have the structure.\"','',NULL,8,NULL),(31,44,'\"We offered it.  The information needs request were quite diverse.  Most people feel they get a lot of information on their area from their grantees. They felt already well enough informed.\"\n\nClaudia mentioned a couple of times that there is a sense at RF that PO’s already have the research support they need.  She offered to provide research support to PO’s on the evaluation of potential grantees, but “they felt already well enough informed.”','',NULL,8,NULL),(32,45,'\"When you go back to the newsletters and other materials, we don’t have a good database.  We know where the newsletters are because I have read every one but it is really difficult to search specifically.  We don’t have a research management system that I know of. I’d like a database for the searchlight newsletters with some document management functionality to support the research.  They are going into Sharepoint now – the search on the site is terrible.\"','',NULL,8,NULL),(33,1,'\"My briefers don\'t know how to get the right information....there is no common template. Not when it\'s across the foundation.  They have to go directly to the Program Officer..Of course there should be one [common template].\"','\0',NULL,17,NULL),(34,2,'\"Good decisions can only be made by knowing what our past/future work has produced without having to wait for external evaluations.We’re not creating the proper intelligence, we’re not getting the proper information from the grantee, we’re not integrating...the information is inside the program officer,the success story...Partly it’s the input and partly it’s the organizational structure...There has never been a systematic approach to it. I’m called upon to make decisions based on what we don’t have real time data on to make decisions.  We need to have readily accessible data.\"\n\n\"We randomly invite people to events and send out information.  We don\'t know if we\'re missing critical people.\"','',NULL,17,NULL),(35,3,'\"We sell ourselves short by not manipulating the data across the work of the foundation historically and today. Let\'s say we’re doing an initiative on jobs...has this done before and being able to look back at what we did then and relate it what we do would be much more powerful. Some of our team developing initiatives have no idea what they’re trying has been done 20 years ago.\"\n\n\"There is much more interaction among what we are doing than we currently recognize.\"','\0',NULL,17,NULL),(36,4,'\"If you could give them a template for grantees that would get the grantee to report to us in a way that has the information that we want to extract from it already laid out...that would be the biggest peice of low hanging fruit for everyone.\"\n\n\"It starts with getting the right information from the grantee. I don\'t think we are because we are not telling them what we want to know from them.\" ','',NULL,17,NULL),(37,5,'“If we could make it easier to extract information...every funder has their own template, their own way of reporting. I’d be happy developing a template...If I could write something to co-funders based on KM extraction they would use my template. That would be innovative.\"','',NULL,17,NULL),(38,95,'\"When have we dealt with this issue before in a focused manner? What was the arc of that experience?  How did we decide to go into it, what was our strategy that we settled on, and why are we no longer doing it or doing it in a manner that is different?  That’s all top-line, the strategy or approach to an issue.\"','',NULL,9,NULL),(39,97,'\"Then the challenge comes after that – there’s no online interface from that point on where I can say, in a manner that’s recorded and accessible, this is how it’s going…that’s usually an email or person to person interface...I wish there was more note taking as you go, accessible to others in RF.  That would matter because I would have more frequency of knowing how something is going (status).\"\n  \n\"…for instance, there was an officer doing a search around food systems and I had no way of knowing where she was in her research or grantmaking until she was done.  Periodically, I would send her information, fyi.  But as an officer who could have made grants here in NY around these issues, I just didn’t do any of it, because I figured well I don’t want to make a bunch of grants around these things that have no alignment with where this officer is going.  \n(David: So you missed an opportunity to align grantmaking and an opportunity to give grants because the status of her process was opaque.)\n\"Exactly. And she was literally next door and I would periodically check in but she has a number of other things to do and so do I.\"','',NULL,9,NULL),(40,96,'\"What is our history with a grantee or an applicant?...We have a system where I can look up a grantee’s file and it will tell me what we gave them money to do, but not much beyond that.  It may give me access to a product they produced, but it won’t tell me how we regard that product as far as its quality.  That report is their perspective.  And if the Program Officer who handled it is gone, then I don’t know what they thought of it. There’s very little by way of easy access to something that records that.  In my case, it is particularly challenging because my portfolios are diverse and not all related to one theme.\"','',NULL,9,NULL),(41,61,'\"I see us as a major source of intelligence. We have tons of information that we control or oversee and I feel like it could and should be used more.\"\n\n\"For example, I am putting on a conference next summer. How do I go about assessing how much it should be, what it should be like, what are the elements, how I should plan?  And we’ve got a lot of history.\"\n\n\"We could say that a year ago there was a convening of this size, in this location, and break out the cost, expenses, when things happen from the history. (historical analysis)  We could give airfare cost guidance from location to location.\"','\0',NULL,10,NULL),(42,63,'(In response to \"Is there a guide to initiative financials or grant financials?\")  \"No.  We say it to people all the time during forecast and budget time – we can help you do analysis, etc... but we’d love to put together a little training bit. That would be fun.\"','\0',NULL,10,NULL),(43,64,'\"As recently as a month ago we said for Sept 1st we need $25 million to fund ourselves. Earlier this month it turned out we only needed $15 million.  That is big.  The investment office had already sold their securities and now it’s in cash so that’s unfortunate. That’s not good.\"  \n\n\"We need to know everyone’s projection of new grants they are making and flow of payments on existing grants. And both are problematic.  People mainly underspend.  They underestimate how long it takes to do it from front to back – from finding the grantee, to talking to the grantee, to writing the grant memo to process.  The whole thing is underestimated.\"  ','',NULL,10,NULL),(44,66,'\"Do we get evaluative things from our convenings?  I don’t know. If we do get them, do we do anything with them?  We never report on it.  We do hundreds of convenings.  Do we get anything that tells us whether it was a success or not? (metrics) Did it do what we wanted it do or not?\"\n\n\"It’s very ad-hoc...We ought to have some standard, controls of saying what’s the benefit part, what are we getting out of it, how do we rank something like this with 50 people attending vs. something with 7 people attending?\"','',NULL,10,NULL),(45,65,'\"No.  I don’t think we track that at all.\"  \n\"No. None that I know of [metrics].\"','',NULL,10,NULL),(46,62,'\"There is this concept of portfolio. Right now we don’t manage it that way to be really clear. We let the portfolio happen to us….I don’t think we’re managing it on a macro level.\"\n\n\"We make the decisions up until now without any allocation targets on saying how many resources are we pouring into ecosystems vs. livelihoods vs. our various areas.  We don’t do that right now.  That is the goal to do that.\" ','',NULL,10,NULL),(47,90,'\"We did not include POs in that. It would be a good idea to do that.\"\n\n\"I would love a way to get a better sense of what people are interested in.\"','',NULL,11,NULL),(48,137,'He would like KM support for searchlight newsletters: \"Metadata and a good searchlight interface. Tagging of newsletters.\" ','',NULL,11,NULL),(49,69,'\"We don’t know what the rest of the organization is doing. If you are not on an initiative team you have no idea what is going on with other initiatives. Initiative teams do not give horizontal all hands briefings of what they do [despite] the briefings now, the strategy soaks, the strategy reviews...\"\n \n\"But it ought to be known that we are funding that line of work within our overall climate change initiative. And if we are coming up with an initiative, tool, or a new strategy, they ought to know that because it is relevant to grant making everywhere.\" \n\n\"One thing we are supposed to do with our grants now is influence policy...there\'s probably a good chance that the same tools would work for low cost housing. Or green jobs\" ','',NULL,12,NULL),(50,68,'\"The President’s Office receives briefings but in the case of a visit from Oxfam, none of the rest of us knew about this until we accidently learned about it and it was not recorded or disseminated...The ET was set up for that purpose and should be briefed.  I’m sure those briefings would have been useful to everybody in the foundation.\"','\0',NULL,12,NULL),(51,67,'\"The bottom line from an information standpoint is that the outside world no longer sees us as a place where you go, for that kind of quick response to opportunities and problems within the sector. So we need some kind of alternative mechanism of keep up to date on those. You would want a routinely scheduled update on the major actors, the major areas in which the foundation works:\no What policy initiatives have been enacted by government?\no What academic research has been done?\no What new discoveries have been made?\no What are the big thinkers thinking? And how has their thinking changed? What is new? And looking forward!','\0',NULL,12,NULL),(52,70,'\"The literature and keeping up on the literature is important. One of the other changes that has occurred is we don’t get anywhere as near as many magazines as we used to get...The library was basically done away with. In theory we can access through EBSCO or FACTIVA but most of us commute by train or subway or bus. I used to take three journals in my bag and this was extremely valuable reading time.\" ','',NULL,12,NULL),(53,10,'“We had a MD who left last Sept.  In his last night in the office, he approved 39 reports in 3 hours. He’s the only staff member who’s ever read those reports.  There was probably very valuable information in those reports.”\n\n\"I think the best reports are in an initiative called ACCRN. That is the best-documented initiative of any...The monitoring reports are great, but we only do it for one initiative.  We are launching it for THS this year.  The monitoring framework will change – we will have a different grantee with a lighter touch.  What I care most about is that the decision makers on the initiative have their hands strongly on those monitoring reports and I want evidence that they’re using the learning from that to improve their work.  The evidence now is conversations.\"','',NULL,13,NULL),(54,8,'\"I feel like we have some cross-initiative work now but its limited...In cross-initiative gatherings, I would like to target specific burning questions.  We’ve been struggling with what to do with gender.  A proactive planning question would be to what extent would incorporating gender in our programming increase our impact as a foundation overall?  Where’s the evidence for that? Another crosscutting is innovation.  We’ve said we incorporate innovation into all of our work which is not really true because sometimes we don’t.  But we could ask, where have we incorporated innovation and its really made a difference?\"  ','',NULL,13,NULL),(55,6,'\"I am desperate for management information systems for supporting the foundation initiatives team...I can either go through tons of emails or I can look in this book or a board book.  So then wouldn’t it be lovely if I had a management information…I mean what I would love to have is a dashboard and there’s no dashboards here at all.\"  \n  \n\"So a grantee gets a grant and they have to give us the deliverables (report).  So a report will come in but not be approved (review)…. we have colleagues here who won’t approve a report for a year. All I want to know is at a given moment in time is, how’s my team doing?\" ','\0',NULL,13,NULL),(56,11,'\"What I really want to know is who does the best intelligence and analysis of what happens next in Ethiopia.  We’re nowhere on that.\"','',NULL,13,NULL),(57,9,'\"I worry that the most powerful people in this institution are interacting mostly with other powerful people in NY, DC, Boston etc. with the possible exception of Judy.  When I moved to NY 8 yrs ago, I was extremely shocked at all the conclusions people make based on an extremely narrow range of actors.  If we wanted to get serious about programmatic innovation, we’d have to cast a wider net to see who are the people around the world who are innovating around social issues we care most about, poverty, and vulnerability.  There’s a whole world out there and we are not mining it.\"  ','',NULL,13,NULL),(58,7,'\"If we have this data about what’s met and not met, one of the most important things to do with this data is rewarding staff at the end of the year who are good at meeting targets.\"  \n\n\"...people’s bosses don’t get data, so if an associate director has 50 reports overdue, their boss doesn’t know that.\"','',NULL,13,NULL),(59,128,'\"We don\'t have financial and budgeting training other than orientation. We don\'t have a knowledge product saying – if you are budgeting for x this is how much it usually cost. If you are in NY and want to go to Nairobi this is the airfare.\"\n\n\"There is demand for budget guidance about meetings and convening. \nWe need to make sure we are getting the most from our investments in them. We don\'t really get into the details of the costs of convenings.\"','',NULL,14,NULL),(60,129,'\"The key intelligence is to find out what the real spending is going to be. The people on hook, are the initiative team...But each team is different. Initiative teams may be delayed by decisions by their VPs.\nSomeone on the team plus a backup should be made accountable.\"','',NULL,14,NULL),(61,76,'\"We don’t have structured process to get intelligence.  For example, India - There is a big debate on whether they should go to a health insurance model or keep the current model – a national system that in theory provides everything but in practice, provides nothing.  There is proposal to go to a health insurance model.  I have been following that. But perhaps there are other countries not as important as India that are having the same types of debates, but I don’t have that information. Its important because if you have 40 countries in the world with the same debate, by making sure you reach the sources of knowledge for those people, you could influence the discussion.\"  ','',NULL,15,NULL),(62,77,'\"One thing for me that would be really useful is if we had structured mechanisms within the foundation to connect the different initiatives as they are related to other issues.  For example I know we could be doing very important things with transforming cities, transportation, PRIDE but because of the way RF is structured, there are no structured mechanisms to get together with Nick for example (transportation) and look for confluences in the work that we both do.\"','',NULL,15,NULL),(63,75,'\"I think it’s because of the legacy and brand of the organization that is works ok, but it could work much better.  For example, I think the role of the foundation outside the organization is not as well known as we believe it is.  I’m talking about health – this is a hugely influential organization that has begun some of the landmark initiatives in the health arena and I don’t think people are aware of it.\"','',NULL,15,NULL),(64,49,'“A lot of stuff gets thrown on rocklink but people don’t view that as a primary resource. If I want information, I go to other centers, institutes, etc.  I’ve got my own personal archive, not shared with the whole team...Most documents are shared by email, but I don’t think they get archived anywhere.\"','',NULL,16,NULL),(65,48,'\"They have very limited capacity. They can answer who else is working on this area. I’ve never seen a case where they’ve done research for any of the initiatives…To know whether the strategies we’ve selected for each initiative are sensible, we rely on outside research orgs or our own expertise.\"\n\"The decisions we make are:\n• Do we give another grant to the same organization?\n• If so, what else are we trying to get out of the grantee?\n• Have they been doing good work? Do we want to change what they’re doing or continue the same work?\n• How do they fit into broader strategy? \n• Who are the right people to pursue this strategy?\" ','\0',NULL,16,NULL),(66,51,'\"I think that’s right.  One dimension is what’s the economic situation out there and how does it better inform your work. The other piece is how to use economic research to inform what you do – what kind of studies would be relevant to see the impact your activities may have.  And then there is also how do you measure these things?  There’s a lack of how do you measure these…there’s a value to bringing economic thinking into the work of RF at various levels.\"','',NULL,16,NULL),(67,50,'“So the Food…search had grantees produce a series of reports, aggregated the reports, and published it publicly.  It wasn’t RF that did that but one of our grantees. Typically it won’t find its way on RF.org but I think it should.\" \n\n\"We need to think through the intellectual property, licensing, etc.  A reputation-bolstering standpoint…My view is that if we have a grant and under that grant say produce this report and when they produce it, it should say this was funded by RF and some organizations do that and some don’t, they may use our logo or not.  We need to clarify how we want to be acknowledged on there and what the licensing requirements are. Typically we want these things to be public.”','',NULL,16,NULL),(68,83,'\"One of the overall challenges I feel as a Program Officer – I feel like RF has forgotten a lot of what it used to know which was embedded in people and processes – we have changed a lot processes and people. Some is in our history and it is not always available in an easy format. If you’re a new Program Officer and you want to set up a new degree program, we have done this dozens of time in our history, but where is the list of best practices or how to?..Similarly for institution building – we’ve started hundreds of institutions. But where is the information on that? It may be somewhere in our archives but we cannot easily get to it and it is not in a digestible format.\" \n\n\"To me one of the KM challenges is RF forgetting what used to happen but also what just happened. RF has about 1500 reports per year come in. And inside each there are descriptions of budgets and what happened and what worked, what didn’t in the grant. There is no aggregation of those lessons. Reports are stored in Atlas but there’s no way for me to know what is happening in the Pride team, or what did they learn in their most recent grant that might be relevant to something I am doing.  We don\'t have much business intelligence.\"','',NULL,18,NULL),(69,86,'\"We have maybe 400 big transactions per year..the approval of a grant..1500 input transactions…something happened (a report) and 100Ks of emails and calls. We don\'t have an effective and used CRM system to understand who are the partners that we are working with. If I have a meeting with the Gates Foundation and I gain intelligence, where do I put the intelligence?...Atlas is just for grants….I don’t make a grant to the Gates Foundation and I don’t even think the Gates Foundation is in Atlas.\"\n\n\"Atlas was intended as a system for managing grants. It is not a grant makers intelligence box. It could be made into that, but there’s lots of considerations before it becomes something like that. It’s a source, but not the interface.\" \n\n\"A CRM system is training and process and someone’s go to source of information. Today there is no place for me to enter information. It is read only for me – the whole database. Only OGM can edit.\"','',NULL,18,NULL),(70,85,'\"This is not a large organization…150 people, but we have many overlapping layers and subcommittees and decision-making groups...They have been doing a better job about communicating what is going on and transparency about decision-making, but its still sub optimal.\" \n \n\"They have reasons for it but it is still confusing to others and me as to where exactly a decision was made. Who decided it?...or where did the decision come from…if we don’t agree with it, are we contesting the will of 30 people or 1? It’s not always clear.\" ','',NULL,18,NULL),(71,84,'\"Understanding the current donor landscape...who is doing what where. We have done a good job with some of the trends…the research unit has been doing trend forecasting, but for “who is doing what in the country” you kind of have to go there…sometimes that information is not easily available online....As a consequence you may overlook a potential partner or pursue a path others have pursued and has discarded by someone else. This is not endemic to RF it is true for the sector as a whole. There is a lot of reinvention of the wheel.\" ','',NULL,18,NULL),(72,87,'\"There’s no structure for anything like that. If it existed, it would be in random word documents or spreadsheets.\"','',NULL,18,NULL),(73,120,'\"What is frustrating is if we are not correctly identifying what she wants to talk about, what she feels is the necessary initiative and work that she wants to communicate.','',NULL,19,NULL),(74,121,'\"It would be an ideal situation and would make my life easier if she could. [before a meeting, at the press of a button, type in the name of someone and see any associations RF has with that person]\"  \n\n\"Yes. Our association which is key, what they’re currently working on, who is the main contact for them here, who holds the RF relationship with them?\"','',NULL,19,NULL),(75,118,'\"Most of that exists on Judy’s and Lou’s memory [logs of turned down events/meetings].  We don’t have every single invite.  When I worked in government, we would input almost everything that came in.  We don’t have that here.\"','\0',NULL,19,NULL),(76,117,'\"What complicates my job is that I’m required to get information from the teams but I am not part of the teams so I don’t know the decisions or conversations being had within teams. It makes it difficult to know exactly where we are on situations.\"\n\nI need to know: \"The latest status of where we are. For ex: I’m planning Judy to speak at a centennial event in October and I’m on the phone talking to one of the programs teams and they said it was cancelled and that decision was made in a meeting which Judy was a part of it but she’s so busy that I didn’t hear about it.  So I have to ask her – and it affects getting the speechwriter and many other things.  Those are decisions made somewhere that I don’t always hear about and those decisions affect my work.\"','',NULL,19,NULL),(77,119,'\"No we don’t but that’s something I want to delegate to the communications team [# hits on Dr. Rodin\'s speeches and videos].  It’s something the life cycle should include.  Even past that, if Judy talked about a grantee in the speech, wouldn’t it be great if the program team sends that information to the grantee or directs the grantee to the website?  That doesn’t happen.\"','',NULL,19,NULL),(78,107,'\"I do not [write post-event write-ups/reports]. The event…big things like Rio+20, when a significant number of people was involved we did a meeting by VP FI and Scott to determine how that worked, what was needed and Scott put something together. It is not uniform. After the Centenial events the people involved had a discussion, whether the head of the team wrote it up…I don\'t know. Smaller individual events that the President or FI staffer goes to I may not know. Staff is supposed to do Trip Reports and if it is an event they might cover it.\" \n\n\"I think it would be useful [easy way to input info about an event]. It should be mandatory otherwise it will be inconsistent. I try and have meetings with AD to ask what do you have going on that is Communications friendly and that will spark my learning. It would be useful if it was mandatory.\"','\0',NULL,20,NULL),(79,108,'\"That it finds a more simple way to explain the work we do and why we do it. Right now it is too complicated.\"','',NULL,20,NULL),(80,109,'\"The vision is that junior people would update their page and submit content for approval. That hasn\'t unfolded as hoped for. That needs to be reassessed. Do they not have the right training? Not know what should go up there?.\"\n\n\"Not every initiative has the same number of people. So it is inconsistent the way people spend time on it. People here are stretched thin.\"\n\n\"I think sometimes the person assigned to do it may be an assistant – they can learn how to do the process of uploading but may not have the content intelligence to know what is a great grantee to profile and take that initiative. The person who has that content intelligence may not have the time to upload things to the website.\" ','',NULL,20,NULL),(81,106,'\"We have media database called Vocus that I do not love. There are other services with better systems. Vocus relies on reporters identifying what they cover but other services enable you to do almost a Google like search to see what the reporters have covered. A reporter might be a general assignment reporter, which doesn\'t help in the Vocus system. We stuck with Vocus because they have Africa and Asia reporter coverage; others are mostly domestic and European...We can add private contacts to Vocus. You can recommend to them to make it a public record. I hope the other firms will catch up or we will find a way to manage the contacts for Asia and Africa.\"\n\n\"To find events I do a google search.\" ','',NULL,20,NULL),(82,74,'\"We have very amateur support because of the type of organization.  There is not a unit or department that supports that type of work.  The type of support you need for that sort of thing is not available in the foundation.\"\n\n\"One of the hardest things has been to get an updated list of current ministers of health and their emails. We don’t have that. We have a company that is supposed to be doing that but we don’t have it.\"','',NULL,15,NULL),(83,82,'\"We don’t record anything qualitatively about the grants. I think it’s a big need to be able to append things.  It’s not time sensitive.  For ex: I think qualitative assessments of grantees we’ve worked with would be useful.\"\n\n\"We really want to see progression through the process on an updated and refreshed basis. That’s before it’s gone out.\"','',NULL,22,NULL),(84,78,'\"We have a structural mismatch…we have this time bound initiative so by design there’s a life cycle of an idea and we don’t communicate very much by design as I understand it work that is in search and development in part because we are still figuring out whether it will go forward.  But those ideas are the underpinnings of the future work so in some ways it is where want people to start coming to us….it’s somewhat of a challenge.  So in some ways you want people to come to you but you don’t want to advertise work in process…because we may decide not to advance it…\"','',NULL,22,NULL),(85,79,'\"Either way there’s a pre-search and search phase that we try and push out because we are limited in staff through searchlight and search grants. Its way less efficient and fast than us saying who are the 15 experts we can call each month to make sure we are spotting ideas on the horizon and I think that’s what’s happening in the external scanning and I believe we are planning to repeat with some regularity.  For a constantly pivoting organization you want to have a faster way of doing that than each time calling someone outside the organization...\"','',NULL,22,NULL),(86,80,'\"For a grant, often its helpful to know if there’s someone better positioned to do that work…which you would find out by calling 5 people and asking about it…there’s only google searches or calling people you know to find out who is working on what (no directory or website). You want to know:\n1.        Who else is working on it?\n2.        How high quality they are? Which is the hardest info to get because no one wants to give bad references…its judgments that are often formulated without being substantiated on paper…de facto K on the quality of a grantee or potential grantees work is incredibly useful but very hard to formalize…internally you can kind of get there because you talk to people…it’d be nice to share that among foundations, but I think that’d be hard to do.\"\n \n\"We had a research department when I came and that never really worked all that well.  In what we want to do – seeing trends on the horizon – almost by design there’s not many dedicated organizations…Its hard to mine formal institutionalized databases…its much more effective to use informal channels or the “chattering class”, the events – global initiative, Davos, big meetings – and that’s where you come the closest to formal forums to surfacing new ideas, approaches and if you hear the same topic at 3 of these you realize there is something there.\"','',NULL,22,NULL),(87,81,'\"Pulling up documents from initiatives and sometimes board dockets and you can get to it eventually.  If you search RockLink generally, like I was looking for the employee manual a few months ago and I couldn’t find it and that has a simple title…\"','',NULL,22,NULL),(88,56,'\"I have a role in understanding policy. I don\'t need to produce weekly reports but there was a time when it was hot and we held weekly conference calls with the FI, and grantees. A lot of knowledge came from grantees in Washington – I spoke to the office of Senator so and so.  When it was hot I stayed in touch with people on my Rolodex to get a handle on what was going on.  The insights did not get into a document.\" ','',NULL,23,NULL),(89,58,'\"It takes time to collect this information particularly if it involves research. It can be a couple of weeks.  It can be a problem if I need something fast if we are right up against the event and there is something that needs to go into Judith Rodin’s speech.\"','',NULL,23,NULL),(90,59,'\"The written deliverable I oversee is writing six books. They are accessing the archives. It is easier for them to get info about the first 50 years than recent times. Up to 60s and 70s. Bob Bykofsky fills in gaps of recent years.\" ','\0',NULL,23,NULL),(91,60,'\"The main thing I encounter is that I keep stumbling over times in our history that we have tried something we are discussing now as if it is new. It seems like it is hard to find this stuff out. For example, what we might be doing about unemployment in the US. Gary T said: have you looked up 1973 in xyz program? Somehow we hadn’t run across it in our scanning or research and that kind of thing is valuable.\" ','\0',NULL,23,NULL),(92,57,'In response to \"How does the organizational structure influence info flow?\" - \"Information flow tends to be silo’d. I tend to go to 2-3 sources: People in house who have worked on something; for more historical Bob Bykovsky or the archive center.\"','',NULL,23,NULL),(93,136,'\"Accessing info in the past – I don’t know what is there how easy it is to get and I don\'t have enough time.\"','',NULL,24,NULL),(94,54,'\"No there isn’t and there should be and that would be wonderful. ..Initially when the rhythm one came out, I said where is the program management piece of this? There should be a whole band where Heather, the aggregate of all dashboards goes to Heather…but they said no we can’t. I don’t know why they didn’t leave it in.\"','\0',NULL,25,NULL),(95,53,'\"It’s not done systematically.  There needs to be a protocol right from the get go that this will be done, here are some ways of doing it, here are some partners you can do it with, and here are some products we need.  We need to know what a stakeholder assessment looks like, some judgments about whether teams have done one or not and some criteria around how that gets used.  Stakeholder assessments are not institutionally robust, but they need to be.\"  \n\n\"Agencies I’ve worked with before do things like a regional inception piece before they start…so they commission a bunch of stuff…what are the global challenges, what is happening in Africa…where do we think we should be?  And they commission a team that draws on the best available knowledge and then convene key people in those regions and agencies to sit down and look at that and they say OK – so right at the front they’re is stuff done and you’ve got your peers in the room.  It’s a deep dialogue. It’s not just what you find in the reports, it’s understanding the why. There needs to be that deeper level of interrogation. I think the intent of what’s happening here is really good but the way its operationalized is missing huge opportunities and is seriously compromising the voice and understanding of what’s out there and the choices we are likely to make.\"','',NULL,25,NULL),(96,55,'Nancy thinks Program Officers should commit to producing a knowledge artifact (synthesis piece) around what they have learned about an initiative in relation to what other outside RF have learned.\n\n\"The synthesis piece – the comparative synthesis piece so that…first we learn what the field has done, then the teams do their work and then we with those teams do a comparative learning piece with what we’ve done and how well we’ve done it in relation to what others have done and are finding.  You do it at the beginning to establish a baseline, you do it during to have a peer group assess it, and then when you’re concluding you look at how far have we’ve come in relation to others, how far have we’ve come as far as what we wanted to do, in relation to the field…if we had to as a foundation say the top 3 or 5 things this field needs to do now based on what we’ve learned and based on what others have learned…its rolling that up right from the beginning so you know you’re in touch with the field, you’re taking from the field and giving back, you’re helping to grow the field and its helping to grow you, and at the end you’re concluding this is great for us so now we’re going to go to a bigger scale or we’ve learned this isn’t right for us but we have learned some things and here field is what we think now needs to be done even though we may be getting out.\"','',NULL,25,NULL),(97,52,'No systematic pathway exists for evaluation reports to become compelling stories about RF\'s work.\n\n\"There is no system. It’s very ad hoc.  I spent 3 days of my xmas vacation on command from Zia and Judith rating the influence and impact to be used in communications but I’ve never heard anything about it.  I produced 15 pgs. of vignettes from each of our bodies of work and being as true as I can to the findings and I have no idea where it went.\"','',NULL,25,NULL),(98,22,'Neill\'s intelligence requirements from FI Team briefings are as follows:\n\n\"• Do RF people have personal connections with reporters they worked with on these issues before?\n• Who are folks that have been working in this area?\n• Who are the experts who can be third party validators?\n• Potential critics. \n• Government and elected officials. Are they supportive? Is this something they are looking for? Will they have reasons to be hesitant or concerned?\n• The political landscape of where we will be doing the work.\n• Background in terms of literature, or research on the topic. \n• Relevant press coverage, they happen to know about \n• Journal articles or books that mentions the very specific issue that the grantee is seeking to address.\n• Statistics that illustrate either the nature of the problem that we are going to address or where the approach that we are thinking about has been successful beforehand. \n• Data and stats that help drive home why it is a problem why there is potential to impact change.\" ','',NULL,26,NULL),(99,24,'\"It certainly needs to be more interactive. It feels static. Currently it is a one-way comms tool. Better integration w/social media to make it a place for interactive and discussion. We need to make sure we are conveying information and arranging it in a way useful to people coming to the website and not just in the way we see information.\"','',NULL,26,NULL),(100,23,'\"One thing we did at HUD which I am interested in exploring here is an internal social media network that allowed people to join groups of common interest.  We ended up with a nice blend of groups that were professionally focused on what people were working on in a specific project or area but also some that were interest focused like the group of people who cycled to work.\"','',NULL,26,NULL),(101,73,'\"It is totally disaggregated. Sometimes I write an email, sometimes a memo. There is no place to put it all together. There was a moment when I tried to construct the chronological story …when we hired evaluators and wanted to understand the path the federal component of our transportation initiative took. I had to compile that. It took a fairly long time. I have good recall and I went through my files and could. It was not arranged chronologically in any particular place.\"','\0',NULL,27,NULL),(102,71,'\"An unintended consequence of the strategy management is that it does exactly what we didn\'t want to do. It reinforced the silos. It makes me justify my work solely in terms of the transportation strategy/initiative which narrows my field of vision, makes me think less about integrating the work with other initiatives.  A lot of the internal infrastructure strategy management…having strategy soaks that are focused on initiative strategies, having results based management framework are all things that reinforce a unitary strategy for an initiative.  And so that in some ways tightens up the silos and undermines the space and potential for integration.\"\n \n\"The bundles construct helps me think about how grants fit into the initiative. It\'s not a bad device but there is a cost. The process makes me less inquisitive about information outside of my realm. So the information flows are largely me to the ET...\"\n\n\"I do feel like I am operating in a box. I feel like I could go through this place…there are not similar devices that really encourage me to look for places of integration with colleagues.\"','\0',NULL,27,NULL),(103,72,'\"There is a cluster of knowledge that is very hard to access here around what is good grant making...For example...I needed to start thinking about what kind of grantmaking should I be thinking about the ones we are not working with...how do I exit them appropriately…who do I give a tie off grant to and who not to. That is a pretty typical foundation problem. I don’t know if there is a place to source that knowledge...clearly we have not captured RF knowledge about positioning a grantee after existing a field and to do that well and to start thinking about that. I found the accessible knowledge here woefully deficient...There is a body of knowledge around thoughtful appropriate grantmaking art and practice that we don\'t do a good job of managing, collecting, institutionalizing.\"','\0',NULL,27,NULL),(104,35,'\"The board has never been in a position, nor has management here for a long time been in a position of comparing two at the same time.  They don’t get a portfolio of options to pick from.  They get one and say yea or nay and they always say yea.\"  ','',NULL,28,NULL),(105,38,'\"We hear all the time...”I don’t know how to find this or there’s no information on that”…usually its around budget information, where their grants are, etc.  Actually, there’s a wealth of information on all those, but they have to go digging for it or they don’t know where it is. Andy and I have been talking about the best way to remedy this, whether training or another way. There are five reports that I would want them to have: Pending Grants Report (in Atlas), Grant Landscape Detail Report…There’s a bunch of reports I want to make sure people know how to access.Generally, people don’t know the information is there.\"  ','',NULL,28,NULL),(106,37,'\"We have a manual system of checking where grants are in the process right now that is imperfect so its really hard for us to know where grants are in the process..Program teams want to know where it is, for how long, and why it has been sitting there.\"\n\n\"I would love to see every grant in the pipeline and where it is in the process.\"    ','',NULL,28,NULL),(107,36,'\"We have processes/templates in place but the level of quality in them is quite poor.  What we get in terms of write-ups from our program colleagues are incomplete, poorly written, don’t answer the questions.  We play a quality control role but there’s only so much pushing back we can do and nobody in senior management pushes back because their interest is to just get the grant moving.  That leads to decisions based on incomplete information, a lack of a good record of what we are doing.\"','',NULL,28,NULL),(108,34,'\"We don’t have one document.  We have a detailed “grantmaking policies and procedures” if anyone wanted to look at it, but it is rarely looked at (over 100 pgs in pdf).  The way it is setup right now I can only link to the whole document, not a particular part of it.  We asked for a wiki for this. Ideally, my staff or someone at RF can make notes on it, provide real world examples…We have a request for a project to give us a better platform...Also, I orient new staff to the questions that we might be raising so they are sensitive to them (USG officials).  I develop this training to new hires.  We don’t have an ongoing education program in this.  It is a huge gap.\"','',NULL,28,NULL),(109,33,'\"One gap in information we have is that we have tons of data and information on our grants, a lot of data points, documentation…We don’t have any information captured on all of the non-grant activity we do.  Our initiative teams do other things like host convenings, meet with people, meet with government agencies about projects, bouncing ideas, information exchange...if they write a memo about it (trip report), we don’t have any way of capturing systematically or reporting on non-grant activity.”','\0',NULL,28,NULL),(110,94,'\"The part that is difficult, but has more overall value to RF, is…on the programmatic side, an idea comes about on what RF wants to do and they say OK, we want to look at water…a big idea about water…from that idea to honing in on five countries in the world and five cities in each country ad this is what we want to do with water adaptation to something…from the idea to something that is actionable is very fuzzy right now.  We haven’t looked at it in the sense of how it is done...That’s the hard intelligence part.\"\n\n\"It’s analogous to due diligence on the operations side.  Right now it doesn’t exit on the programmatic side and that’s more attributed to the art of grant making.  And there is no system, process, procedures to say this is how RF does grant making.\"','',NULL,29,NULL),(111,15,'\"A lot of information needs to be boiled down in order to be useful for executive leadership decision making...In order to make those judgments you need enough intelligence...The intelligence must be concise and true and I don\'t know that we get that here. We have a lot of information but I don\'t know we have a mechanism for turning it into real intelligence...\" \n\n\"I\'d like to try and compare initiatives but until you have intelligence you can’t, and that’s my frustration.\"\n\n\"We don\'t do intelligence here...I get 40 pages of documents. This is not intelligence. I need to receive an intelligence briefing that is 2 pages organized like this:\n•What is the problem we are trying to solve?\n•What is your proposed solution?\n•What are the risks, challenges issues, design?\n•What are the resources?\n•What are the risks? \nIf it exists: where have we done it before, here’s what happened, here is why this one is different.\"','',NULL,30,NULL),(112,16,'\"Do we have the capability, capacity, desire and skillset to turn gobs of info into real intelligence that is useful from an exec leadership perspective?\"\n\n\"People don\'t have a real life understanding of what intelligence is. It is not all the info on a subject. Until people do we will get information.\"\n\n[Intelligence Fusion Center] \"Absolutely…operations research...I built it wherever I went because I can\'t live with out it...If they don\'t have the skillset, you don\'t want to slap people on the hands who were doing everything they can but don\'t have the skillset. Yes, absolutely. That’s my dream.\"','',NULL,30,NULL),(113,130,'\"RockLink 2.0 is a problem and opportunity – Each team puts a lot of stuff in there but it is unregulated. They can put meaningless and significant documents. Some I get notices about and some I don\'t.  There is probably a lot of knowledge floating around there.\"\n\n\"We are having difficulties with the repositories in Work Areas in Rocklink. The essence of the problem is we do not know which are records.\"','',NULL,31,NULL),(114,131,'\"We have our own databases in Access which I don\'t like.\" \n\n\"No\" [Is there a controlled set of keywords?].\n\n\"Yes and no\" [Is there a controlled set of document types?].\n\n\"You have stuff in repositories – some I have and not – there should be some automated way to indicate what belongs where. We’ve been waiting for KM to come along.\" ','\0',NULL,31,NULL),(115,39,'\"When proposals come in we don\'t have a quick and easy way to see the history of the person with the foundation. Will this person really create change in the world?\"','',NULL,32,NULL),(116,41,'\"Judy often goes off to meet someone and doesn’t know three of our program officers have met that person over the course of the year and doesn’t know the nature of those discussions. It would be very valuable to her to be able to leverage those discussions.”','',NULL,33,NULL),(117,42,'\"People can get really busy and be in their own narrow place. But we are so small it should be relatively easy to reach out and understand what someone else is doing. I don’t think people get silo’d in their sphere because the work is complex. I think the work is complex, but I think its part of the cultural makeup. It’s maybe a more introverted culture.\"','',NULL,33,NULL),(118,40,'\"Helping them acclimate to our work is a huge KM and knowledge transfer challenge\"\n\n\"KM is not part of the on-boarding process, but once the architecture for it exists, we would be happy to incorporate it.\" ','',NULL,33,NULL),(119,101,'\"We do not have a consistent definition of poor/vulnerable in this place. We don’t have a definition that works.\"\n\n\"Things that really rise to the top that need some serious consistency...to actually define who our target population is.\"','\0',NULL,34,NULL),(120,102,'\"Yah, I mean it doesn’t happen now as it was asked. I think we\'re overloaded, I think people just don’t know, I think the ET is playing that role of connector right now in the lot of ways.\" \n\n\"I think just at a high level you could use the initiative management team which are the MD’s responsible for the leading the initiatives, sharing more information about what they are doing with each other so that the level of responsibility for connecting is taken down one notch from the executive team.\"','',NULL,34,NULL),(121,99,'\"I think there’s a need to capture information on grantee performance so we have more informed decisions about the grantees we choose.  We should know if the institution is actually capable or give some hints about whether to work with the person and Atlas doesn’t allow for that.\"','\0',NULL,34,NULL),(122,98,'\"Another thing will be helpful I think that is at least in our team we all have conversations with our own grantees fairly regularly and then our M&E grantee is also having conversations with the grantees to collect information and our M&E grantee had proposed but never executed on having I think he called it “a smart sheet” where different people could all be inputting information…ya know like if you had the question on demand - I just had a conversation with this grantee and their answer goes here and then the M&E grantee puts it and then my colleague Lillian from our grantee in South Africa puts the information. Some kind of format to do sounds great.\"\n\n\"I think it’s also so when it’s time for us to write a document for the ET, it’s right at our finger tips, efficient, and that we don’t forget things. The way we are doing it now I am sure that a lot is left out.\"','\0',NULL,34,NULL),(123,100,'\"And another thing that is important is - and our grantees tell us a lot you know you have these learning questions and you assigned us because you think that our grant is answering Number 2 & 3. But, we also have information on 7, 10 and on questions that you’re not even asking.  So there needs to be a channel – other related information from the grantees.  And my team at least takes in that information but there is nowhere to capture it.\"','\0',NULL,34,NULL),(124,103,'\"The evaluation team has supported some work to get some information directly from the beneficiaries...But there is a huge tension between what we want to achieve in the initiative model which has some serious time constraints and getting information from the beneficiaries, from the poor and vulnerable and that is not easy to get that information.\"','\0',NULL,34,NULL),(125,29,'\"I don’t think so. Nothing tied into our systems or that I’m aware of [response to: Do you have any formal taxonomies?].\" ','\0',NULL,35,NULL),(126,28,'\"We don’t have a mindset here that says here is information that might be useful to people down the line so lets formally figure our where it goes in the intranet. That mindset is missing here.\" ','\0',NULL,35,NULL),(127,27,'\"In 2007-8 we made the decision to use Rocklink on SharePoint. The problem is Communications is the major business partner for rocklink...Communications went through many changes and we lost them as the business partner.\"  \n\n\"The point is that Communications’ focus has primarily been on the public website. They essentially built 2 versions of the public website while the intranet was left hanging...We did the intranet ourselves without the communications partnership. We don\'t have people to design the best intranet. We just needed to get it done. There is still an undone project to reorganize the intranet into whatever it needs to be.  We are not the people to design it. [it needs to stem from business needs] That would be what’s on the homepage, guidelines on when we create sites and when we don’t (what gets a page), the sitemap (organization).\"','',NULL,35,NULL),(128,25,'\"We have visions for doing more with Vivissimo.  The vision for Vivissimo is unified search but we haven\'t done it.\"','\0',NULL,35,NULL),(129,26,'\"Scans are not in Atlas. An initiative gets created in Atlas as soon as there is a search for it...If they build a doc around Search (Search memo), those docs never make it into Atlas.  The vision was that those docs would be in Atlas along with all of the grant information.\"\n\n\"All of the grant documents are in Atlas, not the initiative documents.\"   \n\n\"Building and managing documents was not in the scope for Atlas at the time. The priority was grant management. So they ended up going into rocklink and they have been there ever since.\"','',NULL,35,NULL),(130,20,'Board members want more support in their decision making and have been asking for an artifact that would answer the following questions:\n\"• What’s the theory of change?\n• What leading indicators will indicate to us in 2,3, 5 yrs that your theory havs validity?\n• Whats the ultimate impact on poor and vulnerable people that you expect to achieve?\n• Whats the scale of that?\n• Who has to join with you in order for that to happen?\n• How much is it going to cost?\n• How confident are you in your ability to deliver those results for that much money?\n• How far down the road are we going to have to look to see the actual impact on poor and vulnerable people?\n• Who else is playing in this space?\"','',NULL,36,NULL),(131,19,'\"The board is also struggling with how involved they should be with strategic discussions. Some want to and some don’t.  For those who do want to engage, we should capture their insight and direction.\"','',NULL,36,NULL),(132,21,'“We fund millions and millions of dollars worth of things that end up stacked on a desk somewhere – the desks of grantees, consultants, etc…All of these things are supposed to be public goods but I don’t have the sense that they are truly accessible to anybody who might really benefit from them…Can a student at a university who wants to write on that topic find the results of our $20 million in research to inform them?\"','',NULL,36,NULL),(133,17,'\"The docket, getting the info in and out, making sure it gets preserved and updated is a challenge. I disseminate the last meeting’s information in hard copy before the next meeting.  Until I have finished, no one else can see it.  Up until that, it’s a combination of notes, talking points, other people’s notes, people’s presentations…\"','\0',NULL,36,NULL),(134,18,'“For instance, I think we had a strategy review on THS in the last three or four months but this is the same document we’ve been giving them for the last 8 meetings and no one has updated it.  It’d be useful if there a valid until date…or when it was last updated.”','\0',NULL,36,NULL),(135,12,'\"The way this works now is – I kind of know this one associate director that has created some inventory on it, so I am going to tap her and get what she has. But it would be nice to have knowledge more centrally curated as – these are the most important things for me to know, maybe in a regular newsletter format.\"','',NULL,37,NULL),(136,13,'\"I think that we have not created the right forums for people to really learn or share information\"\n\n\"In KM there’s the deep silos and then there’s across—we want people to make connections to other areas of work...OK, so you’re going to Rio, here’s everything you asked for, by the way this sounds like X we used to work on, here you go. In my old firm, we had knowledge specialists that played that role. This is viable in the RF, we just need to decide to do it and flip the switch. I can easily imagine I would support funding knowledge specialists in each of our issue areas. \"\n\n\"She [Dr. Rodin] had an example – We have two solid POs, one is making a grant to a West Coast infrastructure bank in Oregon, California, Washington – doing it more from impact investing financing angle. We have a big transportation initiative with state-level policy work about more equitable transportation, particularly in Los Angeles where they are doing some interesting work. Judy get’s these two grants on her desk and says: they seem connected to me, is anyone talking about it? I do not blame the POs at all. They are just tracking down what they have to do and have no idea of the details of each other’s work.\"\n\n\"One of the challenges that Heather and I have is we will see a grant and a few weeks later we will see another one. I am thinking that maybe a few times a year we’ll meet spend a day where people will come and say: these are the next five grants I am making, and share it, and then people make connections or VPs make connections; it becomes a learning training opportunity.\"','',NULL,37,NULL),(137,14,'Describing a Program Officer call center, Zia said it would provide Program Officers with the following types of information: \n\n\"• One call center aspect would be easy, effortless capture. After a trip they would have one number to call – right now they have to write up a trip report -- and over the phone they could say: I met so and so, these were the problems and interesting ideas. The call center agent knows what questions to ask. \n• The second is proactive information seeking. I am going to Rio, I am working on this urban infrastructure thing, and I need to know everything we’ve done on financing and infrastructure, activity in Latin America, a few segments, prioritized. They kind of know what they are looking for.\n• The third, and most difficult, is when they don\'t know what to ask for because they just don\'t know. And so, what’s the “radio broadcast” or “newspaper” that comes out about interesting things\"\n\n\"In my old firm, we had knowledge specialists that played that role. This is viable in RF, we just need to decide to do it and flip the switch. I can easily imagine I would support funding knowledge specialists in each of our issue areas.\" ','',NULL,37,NULL),(352,140,'There is difficulty with getting the appropriate information from Atlas and RockLink.','','\0',122,NULL),(353,141,'\"I have no way to capture and organize issues.\"','','\0',123,NULL),(354,142,'I can\'t find the information I need to make X decision.','','\0',124,NULL),(355,143,'Mike is not receiving the information he needs to make decision X.','','\0',126,NULL),(356,144,'etsting','','\0',127,NULL),(357,145,'sample','','\0',127,NULL),(358,401,'','',NULL,129,NULL),(359,407,'','',NULL,129,NULL),(360,409,'','',NULL,129,NULL),(361,431,'','',NULL,129,NULL),(362,474,'Not available','',NULL,129,NULL),(363,479,'Not available','',NULL,129,NULL),(364,487,'','',NULL,129,NULL),(365,488,'','',NULL,129,NULL),(366,495,'','',NULL,129,NULL),(367,561,'Agree','',NULL,129,NULL),(368,664,'','',NULL,129,NULL),(369,665,'','',NULL,129,NULL),(370,667,'','',NULL,129,NULL),(371,403,'','',NULL,130,NULL),(372,412,'','',NULL,130,NULL),(373,413,'','',NULL,130,NULL),(374,660,'','',NULL,130,NULL),(375,661,'','',NULL,130,NULL),(376,662,'','',NULL,130,NULL),(377,401,'','',NULL,131,NULL),(378,405,'','',NULL,131,NULL),(379,407,'','',NULL,131,NULL),(380,487,'','',NULL,131,NULL),(381,493,'','',NULL,131,NULL),(382,495,'','',NULL,131,NULL),(383,656,'','',NULL,131,NULL),(384,657,'','',NULL,131,NULL),(385,660,'','',NULL,131,NULL),(386,405,'','',NULL,132,NULL),(387,406,'','',NULL,132,NULL),(388,410,'','',NULL,132,NULL),(389,435,'','',NULL,132,NULL),(390,437,'','',NULL,132,NULL),(391,462,'I am not aware of this knowledge type','',NULL,132,NULL),(392,482,'Rarely','',NULL,132,NULL),(393,484,'Rarely','',NULL,132,NULL),(394,488,'','',NULL,132,NULL),(395,491,'','',NULL,132,NULL),(396,494,'','',NULL,132,NULL),(397,657,'','',NULL,132,NULL),(398,660,'','',NULL,132,NULL),(399,661,'','',NULL,132,NULL),(400,402,'','',NULL,133,NULL),(401,404,'','',NULL,133,NULL),(402,411,'','',NULL,133,NULL),(403,431,'','',NULL,133,NULL),(404,432,'','',NULL,133,NULL),(405,434,'','',NULL,133,NULL),(406,435,'','',NULL,133,NULL),(407,437,'','',NULL,133,NULL),(408,438,'','',NULL,133,NULL),(409,441,'','',NULL,133,NULL),(410,442,'','',NULL,133,NULL),(411,444,'','',NULL,133,NULL),(412,446,'','',NULL,133,NULL),(413,448,'','',NULL,133,NULL),(414,449,'','',NULL,133,NULL),(415,450,'','',NULL,133,NULL),(416,451,'','',NULL,133,NULL),(417,452,'','',NULL,133,NULL),(418,453,'','',NULL,133,NULL),(419,462,'Not available','',NULL,133,NULL),(420,487,'','',NULL,133,NULL),(421,491,'','',NULL,133,NULL),(422,494,'','',NULL,133,NULL),(423,547,'Agree','',NULL,133,NULL),(424,548,'Agree','',NULL,133,NULL),(425,549,'Agree','',NULL,133,NULL),(426,550,'Agree','',NULL,133,NULL),(427,556,'Agree','',NULL,133,NULL),(428,561,'Agree','',NULL,133,NULL),(429,563,'1 to 3 years ago','',NULL,133,NULL),(430,658,'','',NULL,133,NULL),(431,665,'','',NULL,133,NULL),(432,667,'','',NULL,133,NULL),(433,414,'Lack of control regarding the enabling environment is a challenge today','',NULL,134,NULL),(434,431,'','',NULL,134,NULL),(435,436,'','',NULL,134,NULL),(436,437,'','',NULL,134,NULL),(437,438,'','',NULL,134,NULL),(438,439,'','',NULL,134,NULL),(439,441,'','',NULL,134,NULL),(440,442,'','',NULL,134,NULL),(441,445,'','',NULL,134,NULL),(442,448,'','',NULL,134,NULL),(443,451,'','',NULL,134,NULL),(444,452,'','',NULL,134,NULL),(445,453,'','',NULL,134,NULL),(446,469,'Not available','',NULL,134,NULL),(447,481,'Rarely','',NULL,134,NULL),(448,482,'Rarely','',NULL,134,NULL),(449,489,'','',NULL,134,NULL),(450,491,'','',NULL,134,NULL),(451,495,'','',NULL,134,NULL),(452,548,'Agree','',NULL,134,NULL),(453,552,'Agree','',NULL,134,NULL),(454,554,'Agree','',NULL,134,NULL),(455,555,'Agree','',NULL,134,NULL),(456,556,'Agree','',NULL,134,NULL),(457,562,'There is no specific reason. I find my response with colleagues in the office','',NULL,134,NULL),(458,563,'4 to 10 years ago','',NULL,134,NULL),(459,659,'','',NULL,134,NULL),(460,661,'','',NULL,134,NULL),(461,666,'','',NULL,134,NULL),(462,404,'','',NULL,135,NULL),(463,405,'','',NULL,135,NULL),(464,408,'','',NULL,135,NULL),(465,430,'','',NULL,135,NULL),(466,434,'','',NULL,135,NULL),(467,435,'','',NULL,135,NULL),(468,436,'','',NULL,135,NULL),(469,437,'','',NULL,135,NULL),(470,438,'','',NULL,135,NULL),(471,442,'','',NULL,135,NULL),(472,443,'','',NULL,135,NULL),(473,444,'','',NULL,135,NULL),(474,446,'','',NULL,135,NULL),(475,447,'','',NULL,135,NULL),(476,448,'','',NULL,135,NULL),(477,449,'','',NULL,135,NULL),(478,450,'','',NULL,135,NULL),(479,452,'','',NULL,135,NULL),(480,453,'','',NULL,135,NULL),(481,486,'Rarely','',NULL,135,NULL),(482,487,'','',NULL,135,NULL),(483,493,'','',NULL,135,NULL),(484,494,'','',NULL,135,NULL),(485,561,'Agree','',NULL,135,NULL),(486,562,'','',NULL,135,NULL),(487,563,'1 to 3 years ago','',NULL,135,NULL),(488,659,'','',NULL,135,NULL),(489,660,'','',NULL,135,NULL),(490,664,'','',NULL,135,NULL),(491,408,'','',NULL,136,NULL),(492,409,'','',NULL,136,NULL),(493,411,'','',NULL,136,NULL),(494,429,'','',NULL,136,NULL),(495,430,'','',NULL,136,NULL),(496,434,'','',NULL,136,NULL),(497,437,'','',NULL,136,NULL),(498,441,'','',NULL,136,NULL),(499,442,'','',NULL,136,NULL),(500,443,'','',NULL,136,NULL),(501,444,'','',NULL,136,NULL),(502,481,'Rarely','',NULL,136,NULL),(503,486,'Never. I have not had the experience that this is where the information I need is found.','',NULL,136,NULL),(504,487,'','',NULL,136,NULL),(505,496,'Process for high quality film development needs improvement','',NULL,136,NULL),(506,532,'Agree','',NULL,136,NULL),(507,534,'Agree','',NULL,136,NULL),(508,555,'Strongly agree','',NULL,136,NULL),(509,663,'','',NULL,136,NULL),(510,664,'','',NULL,136,NULL),(511,665,'','',NULL,136,NULL),(512,404,'','',NULL,137,NULL),(513,406,'','',NULL,137,NULL),(514,413,'','',NULL,137,NULL),(515,659,'','',NULL,137,NULL),(516,660,'','',NULL,137,NULL),(517,665,'','',NULL,137,NULL),(518,404,'','',NULL,138,NULL),(519,405,'','',NULL,138,NULL),(520,412,'','',NULL,138,NULL),(521,660,'','',NULL,138,NULL),(522,661,'','',NULL,138,NULL),(523,666,'','',NULL,138,NULL),(524,404,'','',NULL,139,NULL),(525,406,'','',NULL,139,NULL),(526,410,'','',NULL,139,NULL),(527,428,'','',NULL,139,NULL),(528,429,'','',NULL,139,NULL),(529,431,'','',NULL,139,NULL),(530,433,'','',NULL,139,NULL),(531,434,'','',NULL,139,NULL),(532,436,'','',NULL,139,NULL),(533,437,'','',NULL,139,NULL),(534,438,'','',NULL,139,NULL),(535,439,'','',NULL,139,NULL),(536,441,'','',NULL,139,NULL),(537,443,'','',NULL,139,NULL),(538,444,'','',NULL,139,NULL),(539,445,'','',NULL,139,NULL),(540,449,'','',NULL,139,NULL),(541,450,'','',NULL,139,NULL),(542,453,'','',NULL,139,NULL),(543,481,'Rarely','',NULL,139,NULL),(544,483,'Rarely','',NULL,139,NULL),(545,486,'Rarely','',NULL,139,NULL),(546,493,'','',NULL,139,NULL),(547,494,'','',NULL,139,NULL),(548,495,'','',NULL,139,NULL),(549,563,'1 to 3 years ago','',NULL,139,NULL),(550,656,'','',NULL,139,NULL),(551,662,'','',NULL,139,NULL),(552,667,'','',NULL,139,NULL),(553,402,'','',NULL,140,NULL),(554,406,'','',NULL,140,NULL),(555,411,'','',NULL,140,NULL),(556,431,'','',NULL,140,NULL),(557,432,'','',NULL,140,NULL),(558,433,'','',NULL,140,NULL),(559,434,'','',NULL,140,NULL),(560,440,'','',NULL,140,NULL),(561,445,'','',NULL,140,NULL),(562,446,'','',NULL,140,NULL),(563,447,'','',NULL,140,NULL),(564,448,'','',NULL,140,NULL),(565,451,'','',NULL,140,NULL),(566,452,'','',NULL,140,NULL),(567,454,'Not available','',NULL,140,NULL),(568,455,'Not available','',NULL,140,NULL),(569,462,'Not available','',NULL,140,NULL),(570,467,'Not available','',NULL,140,NULL),(571,468,'Not available','',NULL,140,NULL),(572,469,'I am not aware of this knowledge type','',NULL,140,NULL),(573,479,'I am not aware of this knowledge type','',NULL,140,NULL),(574,483,'Rarely','',NULL,140,NULL),(575,486,'Rarely','',NULL,140,NULL),(576,487,'','',NULL,140,NULL),(577,492,'','',NULL,140,NULL),(578,493,'','',NULL,140,NULL),(579,548,'Agree','',NULL,140,NULL),(580,558,'Agree','',NULL,140,NULL),(581,559,'Agree','',NULL,140,NULL),(582,562,'Not aware it exists','',NULL,140,NULL),(583,657,'','',NULL,140,NULL),(584,661,'','',NULL,140,NULL),(585,666,'','',NULL,140,NULL),(586,401,'','',NULL,141,NULL),(587,411,'','',NULL,141,NULL),(588,413,'','',NULL,141,NULL),(589,415,'Bringing more focus on water supply and sanitation is a challenge today','',NULL,141,NULL),(590,430,'','',NULL,141,NULL),(591,431,'','',NULL,141,NULL),(592,432,'','',NULL,141,NULL),(593,436,'','',NULL,141,NULL),(594,437,'','',NULL,141,NULL),(595,438,'','',NULL,141,NULL),(596,442,'','',NULL,141,NULL),(597,443,'','',NULL,141,NULL),(598,444,'','',NULL,141,NULL),(599,445,'','',NULL,141,NULL),(600,446,'','',NULL,141,NULL),(601,447,'','',NULL,141,NULL),(602,450,'','',NULL,141,NULL),(603,451,'','',NULL,141,NULL),(604,452,'','',NULL,141,NULL),(605,453,'','',NULL,141,NULL),(606,467,'Not available','',NULL,141,NULL),(607,490,'','',NULL,141,NULL),(608,493,'','',NULL,141,NULL),(609,494,'','',NULL,141,NULL),(610,504,'More resources needed on reform of water utilities and urban water issues  in the past few years there seems to have been a decline in useful guidance notes produced by the water anchor','',NULL,141,NULL),(611,548,'Agree','',NULL,141,NULL),(612,549,'Agree','',NULL,141,NULL),(613,555,'Agree','',NULL,141,NULL),(614,556,'Agree','',NULL,141,NULL),(615,559,'Agree','',NULL,141,NULL),(616,656,'','',NULL,141,NULL),(617,665,'','',NULL,141,NULL),(618,667,'','',NULL,141,NULL),(619,403,'','',NULL,142,NULL),(620,404,'','',NULL,142,NULL),(621,410,'','',NULL,142,NULL),(622,428,'','',NULL,142,NULL),(623,429,'','',NULL,142,NULL),(624,432,'','',NULL,142,NULL),(625,434,'','',NULL,142,NULL),(626,437,'','',NULL,142,NULL),(627,438,'','',NULL,142,NULL),(628,447,'','',NULL,142,NULL),(629,448,'','',NULL,142,NULL),(630,461,'Not available','',NULL,142,NULL),(631,462,'Not available','',NULL,142,NULL),(632,481,'Rarely','',NULL,142,NULL),(633,483,'Rarely','',NULL,142,NULL),(634,486,'Rarely','',NULL,142,NULL),(635,487,'','',NULL,142,NULL),(636,488,'','',NULL,142,NULL),(637,490,'','',NULL,142,NULL),(638,561,'Agree','',NULL,142,NULL),(639,659,'','',NULL,142,NULL),(640,664,'','',NULL,142,NULL),(641,666,'','',NULL,142,NULL),(642,401,'','',NULL,143,NULL),(643,402,'','',NULL,143,NULL),(644,407,'','',NULL,143,NULL),(645,429,'','',NULL,143,NULL),(646,433,'','',NULL,143,NULL),(647,434,'','',NULL,143,NULL),(648,437,'','',NULL,143,NULL),(649,442,'','',NULL,143,NULL),(650,443,'','',NULL,143,NULL),(651,444,'','',NULL,143,NULL),(652,445,'','',NULL,143,NULL),(653,456,'Not available','',NULL,143,NULL),(654,457,'Not available','',NULL,143,NULL),(655,458,'Not available','',NULL,143,NULL),(656,465,'Not available','',NULL,143,NULL),(657,466,'Not available','',NULL,143,NULL),(658,467,'Not available','',NULL,143,NULL),(659,473,'Not available','',NULL,143,NULL),(660,474,'Not available','',NULL,143,NULL),(661,476,'Not available','',NULL,143,NULL),(662,477,'Not available','',NULL,143,NULL),(663,478,'Not available','',NULL,143,NULL),(664,479,'Not available','',NULL,143,NULL),(665,481,'Rarely','',NULL,143,NULL),(666,486,'Never','',NULL,143,NULL),(667,487,'','',NULL,143,NULL),(668,489,'','',NULL,143,NULL),(669,494,'','',NULL,143,NULL),(670,541,'Agree','',NULL,143,NULL),(671,543,'Agree','',NULL,143,NULL),(672,560,'Agree','',NULL,143,NULL),(673,563,'4 to 10 years ago','',NULL,143,NULL),(674,658,'','',NULL,143,NULL),(675,660,'','',NULL,143,NULL),(676,661,'','',NULL,143,NULL),(677,401,'','',NULL,144,NULL),(678,403,'','',NULL,144,NULL),(679,409,'','',NULL,144,NULL),(680,433,'','',NULL,144,NULL),(681,434,'','',NULL,144,NULL),(682,435,'','',NULL,144,NULL),(683,436,'','',NULL,144,NULL),(684,452,'','',NULL,144,NULL),(685,455,'Not available','',NULL,144,NULL),(686,456,'Not available','',NULL,144,NULL),(687,467,'I am not aware of this knowledge type','',NULL,144,NULL),(688,468,'I am not aware of this knowledge type','',NULL,144,NULL),(689,469,'Not available','',NULL,144,NULL),(690,476,'I am not aware of this knowledge type','',NULL,144,NULL),(691,483,'Never','',NULL,144,NULL),(692,486,'Rarely','',NULL,144,NULL),(693,487,'','',NULL,144,NULL),(694,488,'','',NULL,144,NULL),(695,495,'','',NULL,144,NULL),(696,505,'We should mainstream fewer products of higher quality, less is more','',NULL,144,NULL),(697,537,'Agree','',NULL,144,NULL),(698,548,'Agree','',NULL,144,NULL),(699,549,'Agree','',NULL,144,NULL),(700,558,'Agree','',NULL,144,NULL),(701,559,'Agree','',NULL,144,NULL),(702,563,'1 to 3 years ago','',NULL,144,NULL),(703,656,'','',NULL,144,NULL),(704,658,'','',NULL,144,NULL),(705,664,'','',NULL,144,NULL),(706,402,'','',NULL,145,NULL),(707,405,'','',NULL,145,NULL),(708,412,'','',NULL,145,NULL),(709,430,'','',NULL,145,NULL),(710,431,'','',NULL,145,NULL),(711,432,'','',NULL,145,NULL),(712,434,'','',NULL,145,NULL),(713,435,'','',NULL,145,NULL),(714,438,'','',NULL,145,NULL),(715,439,'','',NULL,145,NULL),(716,440,'','',NULL,145,NULL),(717,441,'','',NULL,145,NULL),(718,443,'','',NULL,145,NULL),(719,444,'','',NULL,145,NULL),(720,446,'','',NULL,145,NULL),(721,448,'','',NULL,145,NULL),(722,452,'','',NULL,145,NULL),(723,453,'','',NULL,145,NULL),(724,476,'I am not aware of this knowledge type','',NULL,145,NULL),(725,481,'Rarely','',NULL,145,NULL),(726,483,'Rarely','',NULL,145,NULL),(727,487,'','',NULL,145,NULL),(728,488,'','',NULL,145,NULL),(729,495,'','',NULL,145,NULL),(730,506,'The Bank promotes innovation in its products but this should be linked to evaluation of existing knowledge products which will then lead identification of knowledge gaps. Innovation is then seen as filling the gap and not as an alternative product.','',NULL,145,NULL),(731,657,'','',NULL,145,NULL),(732,660,'','',NULL,145,NULL),(733,667,'','',NULL,145,NULL),(734,404,'','',NULL,146,NULL),(735,406,'','',NULL,146,NULL),(736,411,'','',NULL,146,NULL),(737,439,'','',NULL,146,NULL),(738,443,'','',NULL,146,NULL),(739,444,'','',NULL,146,NULL),(740,457,'Not available','',NULL,146,NULL),(741,467,'Not available','',NULL,146,NULL),(742,468,'Not available','',NULL,146,NULL),(743,476,'Not available','',NULL,146,NULL),(744,483,'Rarely','',NULL,146,NULL),(745,491,'','',NULL,146,NULL),(746,493,'','',NULL,146,NULL),(747,495,'','',NULL,146,NULL),(748,507,'Many players do not have access to the English language ; give more weight to the French version for example.','',NULL,146,NULL),(749,548,'Agree','',NULL,146,NULL),(750,558,'Agree','',NULL,146,NULL),(751,561,'Agree','',NULL,146,NULL),(752,563,'1 to 3 years ago','',NULL,146,NULL),(753,659,'','',NULL,146,NULL),(754,661,'','',NULL,146,NULL),(755,666,'','',NULL,146,NULL),(756,402,'','',NULL,147,NULL),(757,405,'','',NULL,147,NULL),(758,411,'','',NULL,147,NULL),(759,433,'','',NULL,147,NULL),(760,434,'','',NULL,147,NULL),(761,435,'','',NULL,147,NULL),(762,437,'','',NULL,147,NULL),(763,438,'','',NULL,147,NULL),(764,439,'','',NULL,147,NULL),(765,440,'','',NULL,147,NULL),(766,441,'','',NULL,147,NULL),(767,443,'','',NULL,147,NULL),(768,448,'','',NULL,147,NULL),(769,452,'','',NULL,147,NULL),(770,454,'Not available','',NULL,147,NULL),(771,455,'Not available','',NULL,147,NULL),(772,456,'Not available','',NULL,147,NULL),(773,457,'Not available','',NULL,147,NULL),(774,458,'Not available','',NULL,147,NULL),(775,462,'Not available','',NULL,147,NULL),(776,483,'Rarely','',NULL,147,NULL),(777,485,'Rarely','',NULL,147,NULL),(778,487,'','',NULL,147,NULL),(779,493,'','',NULL,147,NULL),(780,535,'Agree','',NULL,147,NULL),(781,536,'Agree','',NULL,147,NULL),(782,537,'Agree','',NULL,147,NULL),(783,538,'Agree','',NULL,147,NULL),(784,539,'Agree','',NULL,147,NULL),(785,548,'Agree','',NULL,147,NULL),(786,549,'Agree','',NULL,147,NULL),(787,553,'Agree','',NULL,147,NULL),(788,555,'Agree','',NULL,147,NULL),(789,556,'Agree','',NULL,147,NULL),(790,557,'Agree','',NULL,147,NULL),(791,558,'Agree','',NULL,147,NULL),(792,559,'Agree','',NULL,147,NULL),(793,563,'1 to 3 years ago','',NULL,147,NULL),(794,662,'','',NULL,147,NULL),(795,663,'','',NULL,147,NULL),(796,667,'','',NULL,147,NULL),(797,406,'','',NULL,148,NULL),(798,407,'','',NULL,148,NULL),(799,411,'','',NULL,148,NULL),(800,429,'','',NULL,148,NULL),(801,430,'','',NULL,148,NULL),(802,431,'','',NULL,148,NULL),(803,432,'','',NULL,148,NULL),(804,436,'','',NULL,148,NULL),(805,437,'','',NULL,148,NULL),(806,438,'','',NULL,148,NULL),(807,439,'','',NULL,148,NULL),(808,441,'','',NULL,148,NULL),(809,442,'','',NULL,148,NULL),(810,444,'','',NULL,148,NULL),(811,446,'','',NULL,148,NULL),(812,448,'','',NULL,148,NULL),(813,450,'','',NULL,148,NULL),(814,451,'','',NULL,148,NULL),(815,453,'','',NULL,148,NULL),(816,481,'Rarely','',NULL,148,NULL),(817,482,'Rarely','',NULL,148,NULL),(818,483,'Rarely','',NULL,148,NULL),(819,486,'Rarely','',NULL,148,NULL),(820,487,'','',NULL,148,NULL),(821,494,'','',NULL,148,NULL),(822,495,'','',NULL,148,NULL),(823,508,'Translate the products into the official language of focus countries','',NULL,148,NULL),(824,532,'Agree','',NULL,148,NULL),(825,561,'Agree','',NULL,148,NULL),(826,563,'1 to 3 years ago','',NULL,148,NULL),(827,661,'','',NULL,148,NULL),(828,665,'','',NULL,148,NULL),(829,666,'','',NULL,148,NULL),(830,405,'','',NULL,149,NULL),(831,406,'','',NULL,149,NULL),(832,408,'','',NULL,149,NULL),(833,428,'','',NULL,149,NULL),(834,430,'','',NULL,149,NULL),(835,433,'','',NULL,149,NULL),(836,434,'','',NULL,149,NULL),(837,435,'','',NULL,149,NULL),(838,438,'','',NULL,149,NULL),(839,439,'','',NULL,149,NULL),(840,441,'','',NULL,149,NULL),(841,442,'','',NULL,149,NULL),(842,443,'','',NULL,149,NULL),(843,444,'','',NULL,149,NULL),(844,447,'','',NULL,149,NULL),(845,448,'','',NULL,149,NULL),(846,451,'','',NULL,149,NULL),(847,452,'','',NULL,149,NULL),(848,453,'','',NULL,149,NULL),(849,457,'I am not aware of this knowledge type','',NULL,149,NULL),(850,458,'I am not aware of this knowledge type','',NULL,149,NULL),(851,462,'I am not aware of this knowledge type','',NULL,149,NULL),(852,476,'I am not aware of this knowledge type','',NULL,149,NULL),(853,481,'Rarely','',NULL,149,NULL),(854,482,'Rarely','',NULL,149,NULL),(855,483,'Rarely','',NULL,149,NULL),(856,486,'Rarely','',NULL,149,NULL),(857,491,'','',NULL,149,NULL),(858,494,'','',NULL,149,NULL),(859,495,'','',NULL,149,NULL),(860,509,'Use the Bank Intranet to collect feedback and proposals','',NULL,149,NULL),(861,534,'Agree','',NULL,149,NULL),(862,537,'Agree','',NULL,149,NULL),(863,538,'Agree','',NULL,149,NULL),(864,543,'Agree','',NULL,149,NULL),(865,547,'Agree','',NULL,149,NULL),(866,548,'Agree','',NULL,149,NULL),(867,549,'Agree','',NULL,149,NULL),(868,550,'Agree','',NULL,149,NULL),(869,556,'Agree','',NULL,149,NULL),(870,558,'Agree','',NULL,149,NULL),(871,559,'Agree','',NULL,149,NULL),(872,560,'Agree','',NULL,149,NULL),(873,561,'Agree','',NULL,149,NULL),(874,663,'','',NULL,149,NULL),(875,665,'','',NULL,149,NULL),(876,666,'','',NULL,149,NULL),(877,402,'','',NULL,151,NULL),(878,409,'','',NULL,151,NULL),(879,411,'','',NULL,151,NULL),(880,429,'','',NULL,151,NULL),(881,430,'','',NULL,151,NULL),(882,431,'','',NULL,151,NULL),(883,432,'','',NULL,151,NULL),(884,436,'','',NULL,151,NULL),(885,437,'','',NULL,151,NULL),(886,438,'','',NULL,151,NULL),(887,439,'','',NULL,151,NULL),(888,441,'','',NULL,151,NULL),(889,450,'','',NULL,151,NULL),(890,451,'','',NULL,151,NULL),(891,452,'','',NULL,151,NULL),(892,481,'Never','',NULL,151,NULL),(893,486,'Rarely','',NULL,151,NULL),(894,487,'','',NULL,151,NULL),(895,494,'','',NULL,151,NULL),(896,495,'','',NULL,151,NULL),(897,537,'Agree','',NULL,151,NULL),(898,561,'Agree','',NULL,151,NULL),(899,563,'1 to 3 years ago','',NULL,151,NULL),(900,659,'','',NULL,151,NULL),(901,664,'','',NULL,151,NULL),(902,666,'','',NULL,151,NULL),(903,404,'','',NULL,152,NULL),(904,407,'','',NULL,152,NULL),(905,413,'','',NULL,152,NULL),(906,659,'','',NULL,152,NULL),(907,662,'','',NULL,152,NULL),(908,668,'','',NULL,152,NULL),(909,408,'','',NULL,154,NULL),(910,411,'','',NULL,154,NULL),(911,412,'','',NULL,154,NULL),(912,430,'','',NULL,154,NULL),(913,434,'','',NULL,154,NULL),(914,436,'','',NULL,154,NULL),(915,437,'','',NULL,154,NULL),(916,438,'','',NULL,154,NULL),(917,439,'','',NULL,154,NULL),(918,444,'','',NULL,154,NULL),(919,448,'','',NULL,154,NULL),(920,453,'','',NULL,154,NULL),(921,457,'I am not aware of this knowledge type','',NULL,154,NULL),(922,476,'I am not aware of this knowledge type','',NULL,154,NULL),(923,483,'Rarely','',NULL,154,NULL),(924,488,'','',NULL,154,NULL),(925,493,'','',NULL,154,NULL),(926,495,'','',NULL,154,NULL),(927,558,'Agree','',NULL,154,NULL),(928,561,'Agree','',NULL,154,NULL),(929,666,'','',NULL,154,NULL),(930,667,'','',NULL,154,NULL),(931,668,'','',NULL,154,NULL),(932,410,'','',NULL,155,NULL),(933,411,'','',NULL,155,NULL),(934,412,'','',NULL,155,NULL),(935,429,'','',NULL,155,NULL),(936,430,'','',NULL,155,NULL),(937,433,'','',NULL,155,NULL),(938,435,'','',NULL,155,NULL),(939,437,'','',NULL,155,NULL),(940,438,'','',NULL,155,NULL),(941,439,'','',NULL,155,NULL),(942,442,'','',NULL,155,NULL),(943,445,'','',NULL,155,NULL),(944,447,'','',NULL,155,NULL),(945,448,'','',NULL,155,NULL),(946,449,'','',NULL,155,NULL),(947,450,'','',NULL,155,NULL),(948,451,'','',NULL,155,NULL),(949,452,'','',NULL,155,NULL),(950,458,'Not available','',NULL,155,NULL),(951,460,'Not available','',NULL,155,NULL),(952,462,'Not available','',NULL,155,NULL),(953,467,'Not available','',NULL,155,NULL),(954,479,'Not available','',NULL,155,NULL),(955,481,'Rarely','',NULL,155,NULL),(956,486,'Rarely','',NULL,155,NULL),(957,489,'','',NULL,155,NULL),(958,494,'','',NULL,155,NULL),(959,495,'','',NULL,155,NULL),(960,528,'Agree','',NULL,155,NULL),(961,532,'Agree','',NULL,155,NULL),(962,533,'Agree','',NULL,155,NULL),(963,547,'Agree','',NULL,155,NULL),(964,548,'Agree','',NULL,155,NULL),(965,555,'Agree','',NULL,155,NULL),(966,556,'Agree','',NULL,155,NULL),(967,558,'Agree','',NULL,155,NULL),(968,559,'Agree','',NULL,155,NULL),(969,561,'Agree','',NULL,155,NULL),(970,563,'1 to 3 years ago','',NULL,155,NULL),(971,659,'','',NULL,155,NULL),(972,661,'','',NULL,155,NULL),(973,662,'','',NULL,155,NULL),(974,403,'','',NULL,156,NULL),(975,408,'','',NULL,156,NULL),(976,409,'','',NULL,156,NULL),(977,429,'','',NULL,156,NULL),(978,431,'','',NULL,156,NULL),(979,433,'','',NULL,156,NULL),(980,436,'','',NULL,156,NULL),(981,437,'','',NULL,156,NULL),(982,438,'','',NULL,156,NULL),(983,439,'','',NULL,156,NULL),(984,440,'','',NULL,156,NULL),(985,442,'','',NULL,156,NULL),(986,443,'','',NULL,156,NULL),(987,446,'','',NULL,156,NULL),(988,447,'','',NULL,156,NULL),(989,451,'','',NULL,156,NULL),(990,456,'Not available','',NULL,156,NULL),(991,458,'Not available','',NULL,156,NULL),(992,467,'Not available','',NULL,156,NULL),(993,474,'Not available','',NULL,156,NULL),(994,476,'Not available','',NULL,156,NULL),(995,478,'Not available','',NULL,156,NULL),(996,479,'Not available','',NULL,156,NULL),(997,481,'Never','',NULL,156,NULL),(998,483,'Never','',NULL,156,NULL),(999,486,'Rarely','',NULL,156,NULL),(1000,487,'','',NULL,156,NULL),(1001,493,'','',NULL,156,NULL),(1002,495,'','',NULL,156,NULL),(1003,543,'Agree','',NULL,156,NULL),(1004,558,'Agree','',NULL,156,NULL),(1005,559,'Agree','',NULL,156,NULL),(1006,560,'Agree','',NULL,156,NULL),(1007,562,'','',NULL,156,NULL),(1008,657,'','',NULL,156,NULL),(1009,658,'','',NULL,156,NULL),(1010,664,'','',NULL,156,NULL),(1011,404,'','',NULL,157,NULL),(1012,407,'','',NULL,157,NULL),(1013,408,'','',NULL,157,NULL),(1014,412,'','',NULL,157,NULL),(1015,658,'','',NULL,157,NULL),(1016,661,'','',NULL,157,NULL),(1017,666,'','',NULL,157,NULL),(1018,405,'','',NULL,158,NULL),(1019,406,'','',NULL,158,NULL),(1020,408,'','',NULL,158,NULL),(1021,430,'','',NULL,158,NULL),(1022,432,'','',NULL,158,NULL),(1023,434,'','',NULL,158,NULL),(1024,437,'','',NULL,158,NULL),(1025,439,'','',NULL,158,NULL),(1026,441,'','',NULL,158,NULL),(1027,442,'','',NULL,158,NULL),(1028,443,'','',NULL,158,NULL),(1029,444,'','',NULL,158,NULL),(1030,445,'','',NULL,158,NULL),(1031,447,'','',NULL,158,NULL),(1032,450,'','',NULL,158,NULL),(1033,451,'','',NULL,158,NULL),(1034,453,'','',NULL,158,NULL),(1035,457,'Not available','',NULL,158,NULL),(1036,482,'Rarely','',NULL,158,NULL),(1037,483,'Rarely','',NULL,158,NULL),(1038,486,'Never. I feel that it is far fetched. Attitude change required','',NULL,158,NULL),(1039,487,'','',NULL,158,NULL),(1040,494,'','',NULL,158,NULL),(1041,495,'','',NULL,158,NULL),(1042,510,'Use mainly the client sector process to identify and indicate the areas.','',NULL,158,NULL),(1043,538,'Agree','',NULL,158,NULL),(1044,539,'Agree','',NULL,158,NULL),(1045,548,'Agree','',NULL,158,NULL),(1046,549,'Agree','',NULL,158,NULL),(1047,551,'Agree','',NULL,158,NULL),(1048,562,'I use the knowledge from face to face interactions.','',NULL,158,NULL),(1049,563,'1 to 3 years ago','',NULL,158,NULL),(1050,660,'','',NULL,158,NULL),(1051,661,'','',NULL,158,NULL),(1052,663,'','',NULL,158,NULL),(1053,403,'','',NULL,159,NULL),(1054,405,'','',NULL,159,NULL),(1055,407,'','',NULL,159,NULL),(1056,429,'','',NULL,159,NULL),(1057,430,'','',NULL,159,NULL),(1058,432,'','',NULL,159,NULL),(1059,433,'','',NULL,159,NULL),(1060,434,'','',NULL,159,NULL),(1061,435,'','',NULL,159,NULL),(1062,440,'','',NULL,159,NULL),(1063,457,'Not available','',NULL,159,NULL),(1064,481,'Rarely','',NULL,159,NULL),(1065,483,'Rarely','',NULL,159,NULL),(1066,489,'','',NULL,159,NULL),(1067,491,'','',NULL,159,NULL),(1068,494,'','',NULL,159,NULL),(1069,534,'Agree','',NULL,159,NULL),(1070,536,'Agree','',NULL,159,NULL),(1071,537,'Agree','',NULL,159,NULL),(1072,538,'Agree','',NULL,159,NULL),(1073,548,'Agree','',NULL,159,NULL),(1074,555,'Agree','',NULL,159,NULL),(1075,556,'Agree','',NULL,159,NULL),(1076,557,'Agree','',NULL,159,NULL),(1077,558,'Agree','',NULL,159,NULL),(1078,559,'Agree','',NULL,159,NULL),(1079,560,'Agree','',NULL,159,NULL),(1080,562,'Because I never thought about the Peoples Pages as a means for that.','',NULL,159,NULL),(1081,563,'1 to 3 years ago','',NULL,159,NULL),(1082,658,'','',NULL,159,NULL),(1083,662,'','',NULL,159,NULL),(1084,666,'','',NULL,159,NULL),(1085,403,'','',NULL,160,NULL),(1086,405,'','',NULL,160,NULL),(1087,411,'','',NULL,160,NULL),(1088,431,'','',NULL,160,NULL),(1089,434,'','',NULL,160,NULL),(1090,437,'','',NULL,160,NULL),(1091,438,'','',NULL,160,NULL),(1092,439,'','',NULL,160,NULL),(1093,442,'','',NULL,160,NULL),(1094,443,'','',NULL,160,NULL),(1095,452,'','',NULL,160,NULL),(1096,454,'I am not aware of this knowledge type','',NULL,160,NULL),(1097,476,'I am not aware of this knowledge type','',NULL,160,NULL),(1098,481,'Never. I do not know how they work or where to get the information','',NULL,160,NULL),(1099,482,'Rarely','',NULL,160,NULL),(1100,483,'Never. I do not know how they work or where to get the information','',NULL,160,NULL),(1101,486,'Never. I do not know how they work or where to get the information','',NULL,160,NULL),(1102,487,'','',NULL,160,NULL),(1103,494,'','',NULL,160,NULL),(1104,495,'','',NULL,160,NULL),(1105,530,'Agree','',NULL,160,NULL),(1106,531,'Agree','',NULL,160,NULL),(1107,532,'Strongly agree','',NULL,160,NULL),(1108,533,'Strongly agree','',NULL,160,NULL),(1109,536,'Agree','',NULL,160,NULL),(1110,537,'Agree','',NULL,160,NULL),(1111,541,'Strongly agree','',NULL,160,NULL),(1112,547,'Agree','',NULL,160,NULL),(1113,548,'Agree','',NULL,160,NULL),(1114,549,'Agree','',NULL,160,NULL),(1115,555,'Agree','',NULL,160,NULL),(1116,559,'Strongly agree','',NULL,160,NULL),(1117,562,'','',NULL,160,NULL),(1118,563,'1 to 3 years ago','',NULL,160,NULL),(1119,660,'','',NULL,160,NULL),(1120,665,'','',NULL,160,NULL),(1121,666,'','',NULL,160,NULL),(1122,405,'','',NULL,161,NULL),(1123,406,'','',NULL,161,NULL),(1124,411,'','',NULL,161,NULL),(1125,428,'','',NULL,161,NULL),(1126,429,'','',NULL,161,NULL),(1127,430,'','',NULL,161,NULL),(1128,432,'','',NULL,161,NULL),(1129,436,'','',NULL,161,NULL),(1130,437,'','',NULL,161,NULL),(1131,439,'','',NULL,161,NULL),(1132,440,'','',NULL,161,NULL),(1133,442,'','',NULL,161,NULL),(1134,443,'','',NULL,161,NULL),(1135,444,'','',NULL,161,NULL),(1136,447,'','',NULL,161,NULL),(1137,449,'','',NULL,161,NULL),(1138,452,'','',NULL,161,NULL),(1139,467,'I am not aware of this knowledge type','',NULL,161,NULL),(1140,474,'Not available','',NULL,161,NULL),(1141,476,'I am not aware of this knowledge type','',NULL,161,NULL),(1142,479,'I am not aware of this knowledge type','',NULL,161,NULL),(1143,483,'Never. I am not how you get access to other departments repositories','',NULL,161,NULL),(1144,486,'Rarely','',NULL,161,NULL),(1145,487,'','',NULL,161,NULL),(1146,488,'','',NULL,161,NULL),(1147,494,'','',NULL,161,NULL),(1148,511,'You need dedicated staff to manage the editing, typesetting, production, and dissemination. It takes a lot of work and requires a skill set that technical specialists don’t have or have time for. One person in the anchor is not sufficient','',NULL,161,NULL),(1149,528,'Agree','',NULL,161,NULL),(1150,535,'Agree','',NULL,161,NULL),(1151,543,'Agree','',NULL,161,NULL),(1152,548,'Agree','',NULL,161,NULL),(1153,549,'Agree','',NULL,161,NULL),(1154,553,'Agree','',NULL,161,NULL),(1155,555,'Strongly agree','',NULL,161,NULL),(1156,556,'Agree','',NULL,161,NULL),(1157,559,'Agree','',NULL,161,NULL),(1158,562,'It is too cumbersome','',NULL,161,NULL),(1159,563,'1 to 3 years ago','',NULL,161,NULL),(1160,565,'We are not effectively managing our knowledge.  do we know what are the major knowledge gaps in our sub-sectors? what are the key questions that sector professionals want to address.  Are we using our resources to effectively address them?','',NULL,161,NULL),(1161,660,'','',NULL,161,NULL),(1162,661,'','',NULL,161,NULL),(1163,666,'','',NULL,161,NULL),(1164,402,'','',NULL,162,NULL),(1165,408,'','',NULL,162,NULL),(1166,411,'','',NULL,162,NULL),(1167,405,'','',NULL,163,NULL),(1168,406,'','',NULL,163,NULL),(1169,408,'','',NULL,163,NULL),(1170,660,'','',NULL,163,NULL),(1171,663,'','',NULL,163,NULL),(1172,664,'','',NULL,163,NULL),(1173,405,'','',NULL,164,NULL),(1174,408,'','',NULL,164,NULL),(1175,409,'','',NULL,164,NULL),(1176,428,'','',NULL,164,NULL),(1177,431,'','',NULL,164,NULL),(1178,433,'','',NULL,164,NULL),(1179,435,'','',NULL,164,NULL),(1180,438,'','',NULL,164,NULL),(1181,439,'','',NULL,164,NULL),(1182,442,'','',NULL,164,NULL),(1183,443,'','',NULL,164,NULL),(1184,444,'','',NULL,164,NULL),(1185,445,'','',NULL,164,NULL),(1186,446,'','',NULL,164,NULL),(1187,447,'','',NULL,164,NULL),(1188,448,'','',NULL,164,NULL),(1189,449,'','',NULL,164,NULL),(1190,456,'I am not aware of this knowledge type','',NULL,164,NULL),(1191,458,'Not available','',NULL,164,NULL),(1192,460,'I am not aware of this knowledge type','',NULL,164,NULL),(1193,462,'I am not aware of this knowledge type','',NULL,164,NULL),(1194,467,'I am not aware of this knowledge type','',NULL,164,NULL),(1195,476,'Not available','',NULL,164,NULL),(1196,478,'I am not aware of this knowledge type','',NULL,164,NULL),(1197,479,'Not available','',NULL,164,NULL),(1198,481,'Rarely','',NULL,164,NULL),(1199,482,'Rarely','',NULL,164,NULL),(1200,483,'Rarely','',NULL,164,NULL),(1201,484,'Rarely','',NULL,164,NULL),(1202,486,'Rarely','',NULL,164,NULL),(1203,487,'','',NULL,164,NULL),(1204,488,'','',NULL,164,NULL),(1205,494,'','',NULL,164,NULL),(1206,512,'Better mapping of  expertise within the Bank to be made available for peer review and evaluation.','',NULL,164,NULL),(1207,536,'Agree','',NULL,164,NULL),(1208,562,'I find the format and info available in people pages are inadequate','',NULL,164,NULL),(1209,563,'1 to 3 years ago','',NULL,164,NULL),(1210,661,'','',NULL,164,NULL),(1211,663,'','',NULL,164,NULL),(1212,666,'','',NULL,164,NULL),(1213,404,'','',NULL,165,NULL),(1214,407,'','',NULL,165,NULL),(1215,411,'','',NULL,165,NULL),(1216,433,'','',NULL,165,NULL),(1217,436,'','',NULL,165,NULL),(1218,441,'','',NULL,165,NULL),(1219,442,'','',NULL,165,NULL),(1220,443,'','',NULL,165,NULL),(1221,450,'','',NULL,165,NULL),(1222,451,'','',NULL,165,NULL),(1223,486,'Rarely','',NULL,165,NULL),(1224,487,'','',NULL,165,NULL),(1225,490,'','',NULL,165,NULL),(1226,492,'','',NULL,165,NULL),(1227,557,'Agree','',NULL,165,NULL),(1228,561,'Agree','',NULL,165,NULL),(1229,562,'My network is limited with the people I know','',NULL,165,NULL),(1230,563,'1 to 3 years ago','',NULL,165,NULL),(1231,658,'','',NULL,165,NULL),(1232,662,'','',NULL,165,NULL),(1233,666,'','',NULL,165,NULL),(1234,403,'','',NULL,166,NULL),(1235,429,'','',NULL,166,NULL),(1236,431,'','',NULL,166,NULL),(1237,436,'','',NULL,166,NULL),(1238,439,'','',NULL,166,NULL),(1239,441,'','',NULL,166,NULL),(1240,442,'','',NULL,166,NULL),(1241,443,'','',NULL,166,NULL),(1242,444,'','',NULL,166,NULL),(1243,445,'','',NULL,166,NULL),(1244,446,'','',NULL,166,NULL),(1245,448,'','',NULL,166,NULL),(1246,450,'','',NULL,166,NULL),(1247,487,'','',NULL,166,NULL),(1248,488,'','',NULL,166,NULL),(1249,493,'','',NULL,166,NULL),(1250,543,'Strongly agree','',NULL,166,NULL),(1251,547,'Agree','',NULL,166,NULL),(1252,548,'Agree','',NULL,166,NULL),(1253,549,'Agree','',NULL,166,NULL),(1254,563,'Never','',NULL,166,NULL),(1255,658,'','',NULL,166,NULL),(1256,403,'','',NULL,167,NULL),(1257,411,'','',NULL,167,NULL),(1258,413,'','',NULL,167,NULL),(1259,428,'','',NULL,167,NULL),(1260,429,'','',NULL,167,NULL),(1261,430,'','',NULL,167,NULL),(1262,432,'','',NULL,167,NULL),(1263,433,'','',NULL,167,NULL),(1264,434,'','',NULL,167,NULL),(1265,435,'','',NULL,167,NULL),(1266,437,'','',NULL,167,NULL),(1267,438,'','',NULL,167,NULL),(1268,439,'','',NULL,167,NULL),(1269,442,'','',NULL,167,NULL),(1270,443,'','',NULL,167,NULL),(1271,445,'','',NULL,167,NULL),(1272,448,'','',NULL,167,NULL),(1273,450,'','',NULL,167,NULL),(1274,462,'I am not aware of this knowledge type','',NULL,167,NULL),(1275,467,'I am not aware of this knowledge type','',NULL,167,NULL),(1276,473,'I am not aware of this knowledge type','',NULL,167,NULL),(1277,481,'Rarely','',NULL,167,NULL),(1278,483,'Never. External Sources: I am not sure what you mean by “external sources”.    Other Departments’ Repositories: First, I don’t know where other departments’ repositories are.  Second, I don’t know what is in the other departments’ repositories.  Third, it wouldn’t make sense for me to go through other departments’ repositories not knowing whether they would have the information I am looking for.','',NULL,167,NULL),(1279,486,'Rarely','',NULL,167,NULL),(1280,488,'','',NULL,167,NULL),(1281,494,'','',NULL,167,NULL),(1282,495,'','',NULL,167,NULL),(1283,513,'I suggest we improve and strengthen the accessibility of the knowledge products.  That is, having a working repository whereby we are ably to easily access field notes and case studies on what works and what does work.  In the process, it might be good for one TTL to engage and mentor the other TTL in the art of how to document their initiatives.  This would benefit us in two ways.  First, it would give an extra push to the documentation process.  Second, it would promote a comparative framework since documentation of the learner will be based off of the framework developed by the former.  Hence, it allow us to eventually gather comparative data.','',NULL,167,NULL),(1284,548,'Strongly agree','',NULL,167,NULL),(1285,549,'Agree','',NULL,167,NULL),(1286,551,'Agree','',NULL,167,NULL),(1287,553,'Agree','',NULL,167,NULL),(1288,554,'Agree','',NULL,167,NULL),(1289,555,'Strongly agree','',NULL,167,NULL),(1290,556,'Strongly agree','',NULL,167,NULL),(1291,659,'','',NULL,167,NULL),(1292,660,'','',NULL,167,NULL),(1293,664,'','',NULL,167,NULL),(1294,405,'','',NULL,168,NULL),(1295,406,'','',NULL,168,NULL),(1296,409,'','',NULL,168,NULL),(1297,431,'','',NULL,168,NULL),(1298,432,'','',NULL,168,NULL),(1299,434,'','',NULL,168,NULL),(1300,437,'','',NULL,168,NULL),(1301,438,'','',NULL,168,NULL),(1302,439,'','',NULL,168,NULL),(1303,445,'','',NULL,168,NULL),(1304,446,'','',NULL,168,NULL),(1305,447,'','',NULL,168,NULL),(1306,448,'','',NULL,168,NULL),(1307,450,'','',NULL,168,NULL),(1308,462,'Not available','',NULL,168,NULL),(1309,467,'Not available','',NULL,168,NULL),(1310,478,'Not available','',NULL,168,NULL),(1311,479,'Not available','',NULL,168,NULL),(1312,483,'Rarely','',NULL,168,NULL),(1313,487,'','',NULL,168,NULL),(1314,488,'','',NULL,168,NULL),(1315,493,'','',NULL,168,NULL),(1316,540,'Agree','',NULL,168,NULL),(1317,541,'Agree','',NULL,168,NULL),(1318,558,'Agree','',NULL,168,NULL),(1319,559,'Agree','',NULL,168,NULL),(1320,561,'Agree','',NULL,168,NULL),(1321,563,'1 to 3 years ago','',NULL,168,NULL),(1322,658,'','',NULL,168,NULL),(1323,662,'','',NULL,168,NULL),(1324,665,'','',NULL,168,NULL),(1325,406,'','',NULL,169,NULL),(1326,407,'','',NULL,169,NULL),(1327,410,'','',NULL,169,NULL),(1328,429,'','',NULL,169,NULL),(1329,430,'','',NULL,169,NULL),(1330,431,'','',NULL,169,NULL),(1331,432,'','',NULL,169,NULL),(1332,437,'','',NULL,169,NULL),(1333,441,'','',NULL,169,NULL),(1334,442,'','',NULL,169,NULL),(1335,443,'','',NULL,169,NULL),(1336,444,'','',NULL,169,NULL),(1337,447,'','',NULL,169,NULL),(1338,480,'The problem is knowing that knowledge exists.  If you don’t know it exists you can’t go look for it','',NULL,169,NULL),(1339,481,'Rarely','',NULL,169,NULL),(1340,483,'Rarely','',NULL,169,NULL),(1341,488,'','',NULL,169,NULL),(1342,494,'','',NULL,169,NULL),(1343,495,'','',NULL,169,NULL),(1344,657,'','',NULL,169,NULL),(1345,661,'','',NULL,169,NULL),(1346,664,'','',NULL,169,NULL),(1347,403,'','',NULL,170,NULL),(1348,407,'','',NULL,170,NULL),(1349,411,'','',NULL,170,NULL),(1350,428,'','',NULL,170,NULL),(1351,430,'','',NULL,170,NULL),(1352,432,'','',NULL,170,NULL),(1353,434,'','',NULL,170,NULL),(1354,435,'','',NULL,170,NULL),(1355,436,'','',NULL,170,NULL),(1356,437,'','',NULL,170,NULL),(1357,441,'','',NULL,170,NULL),(1358,442,'','',NULL,170,NULL),(1359,443,'','',NULL,170,NULL),(1360,444,'','',NULL,170,NULL),(1361,447,'','',NULL,170,NULL),(1362,448,'','',NULL,170,NULL),(1363,452,'','',NULL,170,NULL),(1364,453,'','',NULL,170,NULL),(1365,457,'I am not aware of this knowledge type','',NULL,170,NULL),(1366,476,'I am not aware of this knowledge type','',NULL,170,NULL),(1367,483,'Never. It is already a big fight to find information in my own department repositories, so I even do not try to get info from other departments’','',NULL,170,NULL),(1368,486,'Rarely','',NULL,170,NULL),(1369,487,'','',NULL,170,NULL),(1370,489,'','',NULL,170,NULL),(1371,494,'','',NULL,170,NULL),(1372,528,'Agree','',NULL,170,NULL),(1373,529,'Strongly agree. The 2 TGs I belong to are basically inactive (except 1 session each during SDN forum, which were too short to discuss how to revive the groups)','',NULL,170,NULL),(1374,530,'Agree','',NULL,170,NULL),(1375,532,'Agree','',NULL,170,NULL),(1376,533,'Agree','',NULL,170,NULL),(1377,534,'Agree','',NULL,170,NULL),(1378,536,'Agree','',NULL,170,NULL),(1379,543,'Strongly agree','',NULL,170,NULL),(1380,558,'Strongly agree','',NULL,170,NULL),(1381,559,'Agree','',NULL,170,NULL),(1382,657,'','',NULL,170,NULL),(1383,660,'','',NULL,170,NULL),(1384,661,'','',NULL,170,NULL),(1385,403,'','',NULL,171,NULL),(1386,408,'','',NULL,171,NULL),(1387,409,'','',NULL,171,NULL),(1388,656,'','',NULL,171,NULL),(1389,662,'','',NULL,171,NULL),(1390,666,'','',NULL,171,NULL),(1391,402,'','',NULL,172,NULL),(1392,410,'','',NULL,172,NULL),(1393,411,'','',NULL,172,NULL),(1394,428,'','',NULL,172,NULL),(1395,430,'','',NULL,172,NULL),(1396,439,'','',NULL,172,NULL),(1397,442,'','',NULL,172,NULL),(1398,443,'','',NULL,172,NULL),(1399,452,'','',NULL,172,NULL),(1400,455,'Not available','',NULL,172,NULL),(1401,458,'Not available','',NULL,172,NULL),(1402,460,'I am not aware of this knowledge type','',NULL,172,NULL),(1403,461,'I am not aware of this knowledge type','',NULL,172,NULL),(1404,462,'Not available','',NULL,172,NULL),(1405,467,'I am not aware of this knowledge type','',NULL,172,NULL),(1406,473,'Not available','',NULL,172,NULL),(1407,474,'I am not aware of this knowledge type','',NULL,172,NULL),(1408,477,'Not available','',NULL,172,NULL),(1409,479,'Not available','',NULL,172,NULL),(1410,483,'Rarely','',NULL,172,NULL),(1411,486,'Rarely','',NULL,172,NULL),(1412,493,'','',NULL,172,NULL),(1413,494,'','',NULL,172,NULL),(1414,495,'','',NULL,172,NULL),(1415,555,'Agree','',NULL,172,NULL),(1416,563,'1 to 3 years ago','',NULL,172,NULL),(1417,656,'','',NULL,172,NULL),(1418,662,'','',NULL,172,NULL),(1419,667,'','',NULL,172,NULL),(1420,403,'','',NULL,173,NULL),(1421,408,'','',NULL,173,NULL),(1422,412,'','',NULL,173,NULL),(1423,428,'','',NULL,173,NULL),(1424,429,'','',NULL,173,NULL),(1425,430,'','',NULL,173,NULL),(1426,431,'','',NULL,173,NULL),(1427,432,'','',NULL,173,NULL),(1428,433,'','',NULL,173,NULL),(1429,434,'','',NULL,173,NULL),(1430,435,'','',NULL,173,NULL),(1431,437,'','',NULL,173,NULL),(1432,438,'','',NULL,173,NULL),(1433,439,'','',NULL,173,NULL),(1434,440,'','',NULL,173,NULL),(1435,441,'','',NULL,173,NULL),(1436,442,'','',NULL,173,NULL),(1437,443,'','',NULL,173,NULL),(1438,444,'','',NULL,173,NULL),(1439,445,'','',NULL,173,NULL),(1440,446,'','',NULL,173,NULL),(1441,447,'','',NULL,173,NULL),(1442,448,'','',NULL,173,NULL),(1443,449,'','',NULL,173,NULL),(1444,450,'','',NULL,173,NULL),(1445,451,'','',NULL,173,NULL),(1446,452,'','',NULL,173,NULL),(1447,453,'','',NULL,173,NULL),(1448,493,'','',NULL,173,NULL),(1449,494,'','',NULL,173,NULL),(1450,495,'','',NULL,173,NULL),(1451,561,'Agree','',NULL,173,NULL),(1452,661,'','',NULL,173,NULL),(1453,662,'','',NULL,173,NULL),(1454,666,'','',NULL,173,NULL),(1455,406,'','',NULL,174,NULL),(1456,408,'','',NULL,174,NULL),(1457,410,'','',NULL,174,NULL),(1458,429,'','',NULL,174,NULL),(1459,430,'','',NULL,174,NULL),(1460,431,'','',NULL,174,NULL),(1461,432,'','',NULL,174,NULL),(1462,435,'','',NULL,174,NULL),(1463,436,'','',NULL,174,NULL),(1464,437,'','',NULL,174,NULL),(1465,441,'','',NULL,174,NULL),(1466,442,'','',NULL,174,NULL),(1467,443,'','',NULL,174,NULL),(1468,446,'','',NULL,174,NULL),(1469,447,'','',NULL,174,NULL),(1470,448,'','',NULL,174,NULL),(1471,450,'','',NULL,174,NULL),(1472,452,'','',NULL,174,NULL),(1473,453,'','',NULL,174,NULL),(1474,481,'Never. Don\'t know about these repositories','',NULL,174,NULL),(1475,483,'Never. Don\'t know about these repositories','',NULL,174,NULL),(1476,486,'Rarely','',NULL,174,NULL),(1477,492,'','',NULL,174,NULL),(1478,493,'','',NULL,174,NULL),(1479,494,'','',NULL,174,NULL),(1480,536,'Agree','',NULL,174,NULL),(1481,537,'Agree','',NULL,174,NULL),(1482,543,'Agree','',NULL,174,NULL),(1483,556,'Agree','',NULL,174,NULL),(1484,559,'Agree','',NULL,174,NULL),(1485,561,'Agree','',NULL,174,NULL),(1486,562,'I only check someones background when I have been introduced; I don\'t search the pages','',NULL,174,NULL),(1487,563,'1 to 3 years ago','',NULL,174,NULL),(1488,658,'','',NULL,174,NULL),(1489,661,'','',NULL,174,NULL),(1490,666,'','',NULL,174,NULL),(1491,402,'','',NULL,175,NULL),(1492,405,'','',NULL,175,NULL),(1493,411,'','',NULL,175,NULL),(1494,429,'','',NULL,175,NULL),(1495,431,'','',NULL,175,NULL),(1496,434,'','',NULL,175,NULL),(1497,437,'','',NULL,175,NULL),(1498,438,'','',NULL,175,NULL),(1499,439,'','',NULL,175,NULL),(1500,452,'','',NULL,175,NULL),(1501,458,'I am not aware of this knowledge type','',NULL,175,NULL),(1502,462,'Not available','',NULL,175,NULL),(1503,467,'Not available','',NULL,175,NULL),(1504,474,'Not available','',NULL,175,NULL),(1505,477,'Not available','',NULL,175,NULL),(1506,481,'Rarely','',NULL,175,NULL),(1507,482,'Rarely','',NULL,175,NULL),(1508,483,'Rarely','',NULL,175,NULL),(1509,486,'Rarely','',NULL,175,NULL),(1510,487,'','',NULL,175,NULL),(1511,493,'','',NULL,175,NULL),(1512,495,'','',NULL,175,NULL),(1513,529,'Agree','',NULL,175,NULL),(1514,530,'Agree','',NULL,175,NULL),(1515,533,'Agree','',NULL,175,NULL),(1516,534,'Agree','',NULL,175,NULL),(1517,536,'Agree','',NULL,175,NULL),(1518,548,'Agree','',NULL,175,NULL),(1519,549,'Agree','',NULL,175,NULL),(1520,558,'Agree','',NULL,175,NULL),(1521,559,'Agree','',NULL,175,NULL),(1522,660,'','',NULL,175,NULL),(1523,662,'','',NULL,175,NULL),(1524,663,'','',NULL,175,NULL),(1525,405,'','',NULL,176,NULL),(1526,408,'','',NULL,176,NULL),(1527,411,'','',NULL,176,NULL),(1528,428,'','',NULL,176,NULL),(1529,431,'','',NULL,176,NULL),(1530,432,'','',NULL,176,NULL),(1531,433,'','',NULL,176,NULL),(1532,434,'','',NULL,176,NULL),(1533,435,'','',NULL,176,NULL),(1534,437,'','',NULL,176,NULL),(1535,438,'','',NULL,176,NULL),(1536,442,'','',NULL,176,NULL),(1537,443,'','',NULL,176,NULL),(1538,444,'','',NULL,176,NULL),(1539,447,'','',NULL,176,NULL),(1540,448,'','',NULL,176,NULL),(1541,451,'','',NULL,176,NULL),(1542,452,'','',NULL,176,NULL),(1543,453,'','',NULL,176,NULL),(1544,462,'Not available','',NULL,176,NULL),(1545,467,'I am not aware of this knowledge type','',NULL,176,NULL),(1546,476,'I am not aware of this knowledge type','',NULL,176,NULL),(1547,489,'','',NULL,176,NULL),(1548,493,'','',NULL,176,NULL),(1549,495,'','',NULL,176,NULL),(1550,547,'Agree','',NULL,176,NULL),(1551,551,'Agree','',NULL,176,NULL),(1552,555,'Agree','',NULL,176,NULL),(1553,556,'Agree','',NULL,176,NULL),(1554,559,'Agree','',NULL,176,NULL),(1555,657,'','',NULL,176,NULL),(1556,658,'','',NULL,176,NULL),(1557,659,'','',NULL,176,NULL),(1558,409,'','',NULL,177,NULL),(1559,413,'','',NULL,177,NULL),(1560,428,'','',NULL,177,NULL),(1561,442,'','',NULL,177,NULL),(1562,445,'','',NULL,177,NULL),(1563,449,'','',NULL,177,NULL),(1564,450,'','',NULL,177,NULL),(1565,486,'Rarely','',NULL,177,NULL),(1566,488,'','',NULL,177,NULL),(1567,491,'','',NULL,177,NULL),(1568,495,'','',NULL,177,NULL),(1569,662,'','',NULL,177,NULL),(1570,665,'','',NULL,177,NULL),(1571,403,'','',NULL,178,NULL),(1572,408,'','',NULL,178,NULL),(1573,412,'','',NULL,178,NULL),(1574,429,'','',NULL,178,NULL),(1575,430,'','',NULL,178,NULL),(1576,432,'','',NULL,178,NULL),(1577,433,'','',NULL,178,NULL),(1578,434,'','',NULL,178,NULL),(1579,437,'','',NULL,178,NULL),(1580,439,'','',NULL,178,NULL),(1581,440,'','',NULL,178,NULL),(1582,442,'','',NULL,178,NULL),(1583,443,'','',NULL,178,NULL),(1584,447,'','',NULL,178,NULL),(1585,448,'','',NULL,178,NULL),(1586,449,'','',NULL,178,NULL),(1587,450,'','',NULL,178,NULL),(1588,453,'','',NULL,178,NULL),(1589,481,'Rarely','',NULL,178,NULL),(1590,483,'Rarely','',NULL,178,NULL),(1591,486,'Never. Am not familiar with how to request for specific information. Tried once - and was told that the publication was not part of the libraries’ collection, and cold not be acquired unless a charge code was provided.','',NULL,178,NULL),(1592,491,'','',NULL,178,NULL),(1593,492,'','',NULL,178,NULL),(1594,494,'','',NULL,178,NULL),(1595,536,'Agree','',NULL,178,NULL),(1596,539,'Agree','',NULL,178,NULL),(1597,558,'Agree','',NULL,178,NULL),(1598,559,'Agree','',NULL,178,NULL),(1599,561,'Agree','',NULL,178,NULL),(1600,563,'1 to 3 years ago','',NULL,178,NULL),(1601,657,'','',NULL,178,NULL),(1602,663,'','',NULL,178,NULL),(1603,667,'','',NULL,178,NULL),(1604,401,'','',NULL,179,NULL),(1605,403,'','',NULL,179,NULL),(1606,487,'','',NULL,179,NULL),(1607,492,'','',NULL,179,NULL),(1608,494,'','',NULL,179,NULL),(1609,514,'Knowledge products should be linked with on going work instead of being produced in a vacuum','',NULL,179,NULL),(1610,528,'Agree','',NULL,179,NULL),(1611,530,'Agree','',NULL,179,NULL),(1612,532,'Agree','',NULL,179,NULL),(1613,533,'Agree','',NULL,179,NULL),(1614,534,'Agree','',NULL,179,NULL),(1615,547,'Strongly agree','',NULL,179,NULL),(1616,549,'Agree','',NULL,179,NULL),(1617,550,'Agree','',NULL,179,NULL),(1618,551,'Agree','',NULL,179,NULL),(1619,553,'Agree','',NULL,179,NULL),(1620,555,'Agree','',NULL,179,NULL),(1621,556,'Agree','',NULL,179,NULL),(1622,557,'Agree','',NULL,179,NULL),(1623,558,'Strongly agree','',NULL,179,NULL),(1624,560,'Strongly agree','',NULL,179,NULL),(1625,563,'1 to 3 years ago','',NULL,179,NULL),(1626,659,'','',NULL,179,NULL),(1627,660,'','',NULL,179,NULL),(1628,664,'','',NULL,179,NULL),(1629,403,'','',NULL,180,NULL),(1630,410,'','',NULL,180,NULL),(1631,411,'','',NULL,180,NULL),(1632,428,'','',NULL,180,NULL),(1633,429,'','',NULL,180,NULL),(1634,430,'','',NULL,180,NULL),(1635,431,'','',NULL,180,NULL),(1636,432,'','',NULL,180,NULL),(1637,433,'','',NULL,180,NULL),(1638,436,'','',NULL,180,NULL),(1639,437,'','',NULL,180,NULL),(1640,438,'','',NULL,180,NULL),(1641,446,'','',NULL,180,NULL),(1642,448,'','',NULL,180,NULL),(1643,452,'','',NULL,180,NULL),(1644,453,'','',NULL,180,NULL),(1645,482,'Rarely','',NULL,180,NULL),(1646,483,'Never','',NULL,180,NULL),(1647,485,'Rarely','',NULL,180,NULL),(1648,487,'','',NULL,180,NULL),(1649,489,'','',NULL,180,NULL),(1650,493,'','',NULL,180,NULL),(1651,536,'Agree','',NULL,180,NULL),(1652,537,'Agree','',NULL,180,NULL),(1653,543,'Agree','',NULL,180,NULL),(1654,662,'','',NULL,180,NULL),(1655,664,'','',NULL,180,NULL),(1656,666,'','',NULL,180,NULL),(1657,401,'','',NULL,181,NULL),(1658,403,'','',NULL,181,NULL),(1659,411,'','',NULL,181,NULL),(1660,416,'Re-energizing the PPP market in the water sector is a challenge today','',NULL,181,NULL),(1661,432,'','',NULL,181,NULL),(1662,434,'','',NULL,181,NULL),(1663,440,'','',NULL,181,NULL),(1664,456,'Not available','',NULL,181,NULL),(1665,457,'Not available','',NULL,181,NULL),(1666,459,'Not available','',NULL,181,NULL),(1667,462,'Not available','',NULL,181,NULL),(1668,481,'Rarely','',NULL,181,NULL),(1669,483,'Rarely','',NULL,181,NULL),(1670,486,'Rarely','',NULL,181,NULL),(1671,487,'','',NULL,181,NULL),(1672,488,'','',NULL,181,NULL),(1673,495,'','',NULL,181,NULL),(1674,547,'Agree','',NULL,181,NULL),(1675,548,'Strongly agree','',NULL,181,NULL),(1676,549,'Strongly agree','',NULL,181,NULL),(1677,550,'Strongly agree','',NULL,181,NULL),(1678,551,'Agree','',NULL,181,NULL),(1679,552,'Agree','',NULL,181,NULL),(1680,557,'Agree','',NULL,181,NULL),(1681,656,'','',NULL,181,NULL),(1682,660,'','',NULL,181,NULL),(1683,662,'','',NULL,181,NULL),(1684,664,'','',NULL,181,NULL),(1685,407,'','',NULL,182,NULL),(1686,410,'','',NULL,182,NULL),(1687,411,'','',NULL,182,NULL),(1688,428,'','',NULL,182,NULL),(1689,429,'','',NULL,182,NULL),(1690,430,'','',NULL,182,NULL),(1691,432,'','',NULL,182,NULL),(1692,434,'','',NULL,182,NULL),(1693,436,'','',NULL,182,NULL),(1694,437,'','',NULL,182,NULL),(1695,438,'','',NULL,182,NULL),(1696,439,'','',NULL,182,NULL),(1697,441,'','',NULL,182,NULL),(1698,446,'','',NULL,182,NULL),(1699,448,'','',NULL,182,NULL),(1700,452,'','',NULL,182,NULL),(1701,457,'Not available','',NULL,182,NULL),(1702,482,'Rarely','',NULL,182,NULL),(1703,486,'Never. Never think about the Library','',NULL,182,NULL),(1704,487,'','',NULL,182,NULL),(1705,488,'','',NULL,182,NULL),(1706,493,'','',NULL,182,NULL),(1707,538,'Agree','',NULL,182,NULL),(1708,550,'Agree','',NULL,182,NULL),(1709,555,'Agree','',NULL,182,NULL),(1710,558,'Agree','',NULL,182,NULL),(1711,560,'Agree','',NULL,182,NULL),(1712,563,'4 to 10 years ago','',NULL,182,NULL),(1713,658,'','',NULL,182,NULL),(1714,665,'','',NULL,182,NULL),(1715,666,'','',NULL,182,NULL),(1716,406,'','',NULL,183,NULL),(1717,411,'','',NULL,183,NULL),(1718,413,'','',NULL,183,NULL),(1719,428,'','',NULL,183,NULL),(1720,429,'','',NULL,183,NULL),(1721,430,'','',NULL,183,NULL),(1722,432,'','',NULL,183,NULL),(1723,433,'','',NULL,183,NULL),(1724,434,'','',NULL,183,NULL),(1725,435,'','',NULL,183,NULL),(1726,437,'','',NULL,183,NULL),(1727,438,'','',NULL,183,NULL),(1728,439,'','',NULL,183,NULL),(1729,440,'','',NULL,183,NULL),(1730,442,'','',NULL,183,NULL),(1731,443,'','',NULL,183,NULL),(1732,444,'','',NULL,183,NULL),(1733,445,'','',NULL,183,NULL),(1734,448,'','',NULL,183,NULL),(1735,457,'Not available','',NULL,183,NULL),(1736,467,'I am not aware of this knowledge type','',NULL,183,NULL),(1737,476,'I am not aware of this knowledge type','',NULL,183,NULL),(1738,481,'Rarely','',NULL,183,NULL),(1739,483,'Never. I don’t know how to do it or find the system v hard and slow to work with.','',NULL,183,NULL),(1740,486,'Never. I don’t know how to do it or find the system v hard and slow to work with.','',NULL,183,NULL),(1741,490,'','',NULL,183,NULL),(1742,492,'','',NULL,183,NULL),(1743,494,'','',NULL,183,NULL),(1744,536,'Agree','',NULL,183,NULL),(1745,537,'Agree','',NULL,183,NULL),(1746,543,'Strongly agree','',NULL,183,NULL),(1747,544,'','',NULL,183,NULL),(1748,548,'Strongly agree','',NULL,183,NULL),(1749,549,'Strongly agree','',NULL,183,NULL),(1750,555,'Agree','',NULL,183,NULL),(1751,556,'Strongly agree','',NULL,183,NULL),(1752,558,'Agree','',NULL,183,NULL),(1753,559,'Strongly agree','',NULL,183,NULL),(1754,563,'1 to 3 years ago','',NULL,183,NULL),(1755,662,'','',NULL,183,NULL),(1756,664,'','',NULL,183,NULL),(1757,665,'','',NULL,183,NULL),(1758,406,'','',NULL,184,NULL),(1759,408,'','',NULL,184,NULL),(1760,411,'','',NULL,184,NULL),(1761,429,'','',NULL,184,NULL),(1762,430,'','',NULL,184,NULL),(1763,431,'','',NULL,184,NULL),(1764,432,'','',NULL,184,NULL),(1765,433,'','',NULL,184,NULL),(1766,434,'','',NULL,184,NULL),(1767,435,'','',NULL,184,NULL),(1768,436,'','',NULL,184,NULL),(1769,437,'','',NULL,184,NULL),(1770,438,'','',NULL,184,NULL),(1771,439,'','',NULL,184,NULL),(1772,441,'','',NULL,184,NULL),(1773,442,'','',NULL,184,NULL),(1774,443,'','',NULL,184,NULL),(1775,444,'','',NULL,184,NULL),(1776,445,'','',NULL,184,NULL),(1777,446,'','',NULL,184,NULL),(1778,447,'','',NULL,184,NULL),(1779,448,'','',NULL,184,NULL),(1780,449,'','',NULL,184,NULL),(1781,450,'','',NULL,184,NULL),(1782,452,'','',NULL,184,NULL),(1783,453,'','',NULL,184,NULL),(1784,482,'Rarely','',NULL,184,NULL),(1785,483,'Rarely','',NULL,184,NULL),(1786,486,'Rarely','',NULL,184,NULL),(1787,487,'','',NULL,184,NULL),(1788,492,'','',NULL,184,NULL),(1789,494,'','',NULL,184,NULL),(1790,535,'Agree','',NULL,184,NULL),(1791,536,'Agree','',NULL,184,NULL),(1792,537,'Agree','',NULL,184,NULL),(1793,538,'Agree','',NULL,184,NULL),(1794,539,'Agree','',NULL,184,NULL),(1795,541,'Agree','',NULL,184,NULL),(1796,558,'Strongly agree','',NULL,184,NULL),(1797,559,'Strongly agree','',NULL,184,NULL),(1798,560,'Agree','',NULL,184,NULL),(1799,563,'Never','',NULL,184,NULL),(1800,662,'','',NULL,184,NULL),(1801,666,'','',NULL,184,NULL),(1802,667,'','',NULL,184,NULL),(1803,410,'','',NULL,185,NULL),(1804,411,'','',NULL,185,NULL),(1805,412,'','',NULL,185,NULL),(1806,429,'','',NULL,185,NULL),(1807,430,'','',NULL,185,NULL),(1808,432,'','',NULL,185,NULL),(1809,434,'','',NULL,185,NULL),(1810,435,'','',NULL,185,NULL),(1811,436,'','',NULL,185,NULL),(1812,437,'','',NULL,185,NULL),(1813,438,'','',NULL,185,NULL),(1814,443,'','',NULL,185,NULL),(1815,444,'','',NULL,185,NULL),(1816,445,'','',NULL,185,NULL),(1817,450,'','',NULL,185,NULL),(1818,451,'','',NULL,185,NULL),(1819,452,'','',NULL,185,NULL),(1820,453,'','',NULL,185,NULL),(1821,491,'','',NULL,185,NULL),(1822,494,'','',NULL,185,NULL),(1823,495,'','',NULL,185,NULL),(1824,661,'','',NULL,185,NULL),(1825,664,'','',NULL,185,NULL),(1826,666,'','',NULL,185,NULL),(1827,667,'','',NULL,185,NULL),(1828,668,'','',NULL,185,NULL),(1829,406,'','',NULL,186,NULL),(1830,408,'','',NULL,186,NULL),(1831,413,'','',NULL,186,NULL),(1832,432,'','',NULL,186,NULL),(1833,433,'','',NULL,186,NULL),(1834,434,'','',NULL,186,NULL),(1835,436,'','',NULL,186,NULL),(1836,437,'','',NULL,186,NULL),(1837,438,'','',NULL,186,NULL),(1838,439,'','',NULL,186,NULL),(1839,440,'','',NULL,186,NULL),(1840,441,'','',NULL,186,NULL),(1841,443,'','',NULL,186,NULL),(1842,446,'','',NULL,186,NULL),(1843,447,'','',NULL,186,NULL),(1844,450,'','',NULL,186,NULL),(1845,453,'','',NULL,186,NULL),(1846,455,'Not available','',NULL,186,NULL),(1847,456,'Not available','',NULL,186,NULL),(1848,457,'Not available','',NULL,186,NULL),(1849,487,'','',NULL,186,NULL),(1850,488,'','',NULL,186,NULL),(1851,495,'','',NULL,186,NULL),(1852,658,'','',NULL,186,NULL),(1853,667,'','',NULL,186,NULL),(1854,402,'','',NULL,187,NULL),(1855,405,'','',NULL,187,NULL),(1856,413,'','',NULL,187,NULL),(1857,429,'','',NULL,187,NULL),(1858,430,'','',NULL,187,NULL),(1859,433,'','',NULL,187,NULL),(1860,434,'','',NULL,187,NULL),(1861,435,'','',NULL,187,NULL),(1862,436,'','',NULL,187,NULL),(1863,437,'','',NULL,187,NULL),(1864,446,'','',NULL,187,NULL),(1865,447,'','',NULL,187,NULL),(1866,453,'','',NULL,187,NULL),(1867,457,'Not available','',NULL,187,NULL),(1868,458,'Not available','',NULL,187,NULL),(1869,476,'Not available','',NULL,187,NULL),(1870,478,'Not available','',NULL,187,NULL),(1871,483,'Rarely','',NULL,187,NULL),(1872,486,'Rarely','',NULL,187,NULL),(1873,488,'','',NULL,187,NULL),(1874,493,'','',NULL,187,NULL),(1875,495,'','',NULL,187,NULL),(1876,539,'Agree','',NULL,187,NULL),(1877,543,'Agree','',NULL,187,NULL),(1878,558,'Agree','',NULL,187,NULL),(1879,559,'Agree','',NULL,187,NULL),(1880,560,'Agree','',NULL,187,NULL),(1881,660,'','',NULL,187,NULL),(1882,664,'','',NULL,187,NULL),(1883,668,'','',NULL,187,NULL),(1884,401,'','',NULL,188,NULL),(1885,402,'','',NULL,188,NULL),(1886,403,'','',NULL,188,NULL),(1887,656,'','',NULL,188,NULL),(1888,657,'','',NULL,188,NULL),(1889,658,'','',NULL,188,NULL),(1890,403,'','',NULL,189,NULL),(1891,408,'','',NULL,189,NULL),(1892,412,'','',NULL,189,NULL),(1893,661,'','',NULL,189,NULL),(1894,662,'','',NULL,189,NULL),(1895,666,'','',NULL,189,NULL),(1896,408,'','',NULL,190,NULL),(1897,409,'','',NULL,190,NULL),(1898,410,'','',NULL,190,NULL),(1899,430,'','',NULL,190,NULL),(1900,433,'','',NULL,190,NULL),(1901,434,'','',NULL,190,NULL),(1902,435,'','',NULL,190,NULL),(1903,438,'','',NULL,190,NULL),(1904,441,'','',NULL,190,NULL),(1905,442,'','',NULL,190,NULL),(1906,443,'','',NULL,190,NULL),(1907,446,'','',NULL,190,NULL),(1908,447,'','',NULL,190,NULL),(1909,449,'','',NULL,190,NULL),(1910,450,'','',NULL,190,NULL),(1911,453,'','',NULL,190,NULL),(1912,481,'Never','',NULL,190,NULL),(1913,483,'Never','',NULL,190,NULL),(1914,657,'','',NULL,190,NULL),(1915,666,'','',NULL,190,NULL),(1916,668,'','',NULL,190,NULL),(1917,403,'','',NULL,191,NULL),(1918,407,'','',NULL,191,NULL),(1919,412,'','',NULL,191,NULL),(1920,428,'','',NULL,191,NULL),(1921,429,'','',NULL,191,NULL),(1922,430,'','',NULL,191,NULL),(1923,431,'','',NULL,191,NULL),(1924,432,'','',NULL,191,NULL),(1925,433,'','',NULL,191,NULL),(1926,434,'','',NULL,191,NULL),(1927,435,'','',NULL,191,NULL),(1928,436,'','',NULL,191,NULL),(1929,437,'','',NULL,191,NULL),(1930,438,'','',NULL,191,NULL),(1931,439,'','',NULL,191,NULL),(1932,440,'','',NULL,191,NULL),(1933,473,'Not available','',NULL,191,NULL),(1934,474,'Not available','',NULL,191,NULL),(1935,477,'Not available','',NULL,191,NULL),(1936,478,'Not available','',NULL,191,NULL),(1937,479,'I am not aware of this knowledge type','',NULL,191,NULL),(1938,481,'Never','',NULL,191,NULL),(1939,483,'Rarely','',NULL,191,NULL),(1940,484,'Rarely','',NULL,191,NULL),(1941,486,'Rarely','',NULL,191,NULL),(1942,487,'','',NULL,191,NULL),(1943,489,'','',NULL,191,NULL),(1944,491,'','',NULL,191,NULL),(1945,495,'','',NULL,191,NULL),(1946,533,'Agree','',NULL,191,NULL),(1947,534,'Strongly agree','',NULL,191,NULL),(1948,541,'Agree','',NULL,191,NULL),(1949,558,'Agree','',NULL,191,NULL),(1950,559,'Agree','',NULL,191,NULL),(1951,560,'Agree','',NULL,191,NULL),(1952,658,'','',NULL,191,NULL),(1953,662,'','',NULL,191,NULL),(1954,667,'','',NULL,191,NULL),(1955,404,'','',NULL,193,NULL),(1956,405,'','',NULL,193,NULL),(1957,411,'','',NULL,193,NULL),(1958,430,'','',NULL,193,NULL),(1959,431,'','',NULL,193,NULL),(1960,432,'','',NULL,193,NULL),(1961,437,'','',NULL,193,NULL),(1962,438,'','',NULL,193,NULL),(1963,439,'','',NULL,193,NULL),(1964,440,'','',NULL,193,NULL),(1965,441,'','',NULL,193,NULL),(1966,447,'','',NULL,193,NULL),(1967,450,'','',NULL,193,NULL),(1968,451,'','',NULL,193,NULL),(1969,452,'','',NULL,193,NULL),(1970,479,'Not available','',NULL,193,NULL),(1971,481,'Rarely','',NULL,193,NULL),(1972,482,'Rarely','',NULL,193,NULL),(1973,488,'','',NULL,193,NULL),(1974,489,'','',NULL,193,NULL),(1975,491,'','',NULL,193,NULL),(1976,563,'4 to 10 years ago','',NULL,193,NULL),(1977,657,'','',NULL,193,NULL),(1978,662,'','',NULL,193,NULL),(1979,665,'','',NULL,193,NULL),(1980,404,'','',NULL,194,NULL),(1981,406,'','',NULL,194,NULL),(1982,409,'','',NULL,194,NULL),(1983,436,'','',NULL,194,NULL),(1984,437,'','',NULL,194,NULL),(1985,439,'','',NULL,194,NULL),(1986,442,'','',NULL,194,NULL),(1987,443,'','',NULL,194,NULL),(1988,446,'','',NULL,194,NULL),(1989,447,'','',NULL,194,NULL),(1990,448,'','',NULL,194,NULL),(1991,452,'','',NULL,194,NULL),(1992,457,'Not available','',NULL,194,NULL),(1993,476,'Not available','',NULL,194,NULL),(1994,483,'Never','',NULL,194,NULL),(1995,486,'Rarely','',NULL,194,NULL),(1996,487,'','',NULL,194,NULL),(1997,490,'','',NULL,194,NULL),(1998,495,'','',NULL,194,NULL),(1999,530,'Agree','',NULL,194,NULL),(2000,531,'Agree','',NULL,194,NULL),(2001,532,'Agree','',NULL,194,NULL),(2002,533,'Agree','',NULL,194,NULL),(2003,541,'Agree','',NULL,194,NULL),(2004,542,'Agree','',NULL,194,NULL),(2005,548,'Agree','',NULL,194,NULL),(2006,550,'Agree','',NULL,194,NULL),(2007,551,'Agree','',NULL,194,NULL),(2008,559,'Agree','',NULL,194,NULL),(2009,561,'Strongly agree','',NULL,194,NULL),(2010,563,'1 to 3 years ago','',NULL,194,NULL),(2011,661,'','',NULL,194,NULL),(2012,664,'','',NULL,194,NULL),(2013,665,'','',NULL,194,NULL),(2014,408,'','',NULL,195,NULL),(2015,411,'','',NULL,195,NULL),(2016,413,'','',NULL,195,NULL),(2017,429,'','',NULL,195,NULL),(2018,433,'','',NULL,195,NULL),(2019,434,'','',NULL,195,NULL),(2020,437,'','',NULL,195,NULL),(2021,438,'','',NULL,195,NULL),(2022,441,'','',NULL,195,NULL),(2023,446,'','',NULL,195,NULL),(2024,447,'','',NULL,195,NULL),(2025,452,'','',NULL,195,NULL),(2026,453,'','',NULL,195,NULL),(2027,457,'I am not aware of this knowledge type','',NULL,195,NULL),(2028,462,'I am not aware of this knowledge type','',NULL,195,NULL),(2029,465,'Not available','',NULL,195,NULL),(2030,476,'I am not aware of this knowledge type','',NULL,195,NULL),(2031,481,'Rarely','',NULL,195,NULL),(2032,487,'','',NULL,195,NULL),(2033,489,'','',NULL,195,NULL),(2034,493,'','',NULL,195,NULL),(2035,561,'Agree','',NULL,195,NULL),(2036,562,'Not aware of it.','',NULL,195,NULL),(2037,563,'Never','',NULL,195,NULL),(2038,662,'','',NULL,195,NULL),(2039,664,'','',NULL,195,NULL),(2040,665,'','',NULL,195,NULL),(2041,408,'','',NULL,196,NULL),(2042,410,'','',NULL,196,NULL),(2043,411,'','',NULL,196,NULL),(2044,423,'Delivering cost-effective products and interventions that meet complex problems in water and that assist clients to prioritize and integrate will be a challenge in the next 5 years','',NULL,196,NULL),(2045,429,'','',NULL,196,NULL),(2046,432,'','',NULL,196,NULL),(2047,436,'','',NULL,196,NULL),(2048,437,'','',NULL,196,NULL),(2049,438,'','',NULL,196,NULL),(2050,446,'','',NULL,196,NULL),(2051,447,'','',NULL,196,NULL),(2052,448,'','',NULL,196,NULL),(2053,449,'','',NULL,196,NULL),(2054,450,'','',NULL,196,NULL),(2055,452,'','',NULL,196,NULL),(2056,454,'Not available','',NULL,196,NULL),(2057,457,'I am not aware of this knowledge type','',NULL,196,NULL),(2058,483,'Rarely','',NULL,196,NULL),(2059,486,'Never. don\'t know how','',NULL,196,NULL),(2060,493,'','',NULL,196,NULL),(2061,494,'','',NULL,196,NULL),(2062,497,'Method for research methodology and data collection needs improvement','',NULL,196,NULL),(2063,531,'Agree','',NULL,196,NULL),(2064,536,'Agree','',NULL,196,NULL),(2065,540,'Agree','',NULL,196,NULL),(2066,543,'Agree','',NULL,196,NULL),(2067,545,'In some cases, I don’t have time rather than ability. I also would like help on illustration rather than words','',NULL,196,NULL),(2068,548,'Agree','',NULL,196,NULL),(2069,549,'Agree','',NULL,196,NULL),(2070,555,'Agree','',NULL,196,NULL),(2071,556,'Agree','',NULL,196,NULL),(2072,558,'Agree','',NULL,196,NULL),(2073,559,'Agree','',NULL,196,NULL),(2074,560,'Agree','',NULL,196,NULL),(2075,561,'Agree','',NULL,196,NULL),(2076,563,'1 to 3 years ago','',NULL,196,NULL),(2077,656,'','',NULL,196,NULL),(2078,658,'','',NULL,196,NULL),(2079,406,'','',NULL,197,NULL),(2080,407,'','',NULL,197,NULL),(2081,411,'','',NULL,197,NULL),(2082,431,'','',NULL,197,NULL),(2083,433,'','',NULL,197,NULL),(2084,436,'','',NULL,197,NULL),(2085,437,'','',NULL,197,NULL),(2086,441,'','',NULL,197,NULL),(2087,442,'','',NULL,197,NULL),(2088,443,'','',NULL,197,NULL),(2089,448,'','',NULL,197,NULL),(2090,450,'','',NULL,197,NULL),(2091,451,'','',NULL,197,NULL),(2092,452,'','',NULL,197,NULL),(2093,453,'','',NULL,197,NULL),(2094,486,'Rarely','',NULL,197,NULL),(2095,488,'','',NULL,197,NULL),(2096,490,'','',NULL,197,NULL),(2097,491,'','',NULL,197,NULL),(2098,661,'','',NULL,197,NULL),(2099,662,'','',NULL,197,NULL),(2100,663,'','',NULL,197,NULL),(2101,403,'','',NULL,198,NULL),(2102,411,'','',NULL,198,NULL),(2103,412,'','',NULL,198,NULL),(2104,430,'','',NULL,198,NULL),(2105,433,'','',NULL,198,NULL),(2106,434,'','',NULL,198,NULL),(2107,435,'','',NULL,198,NULL),(2108,449,'','',NULL,198,NULL),(2109,450,'','',NULL,198,NULL),(2110,451,'','',NULL,198,NULL),(2111,452,'','',NULL,198,NULL),(2112,453,'','',NULL,198,NULL),(2113,455,'Not available','',NULL,198,NULL),(2114,458,'I am not aware of this knowledge type','',NULL,198,NULL),(2115,462,'Not available','',NULL,198,NULL),(2116,465,'Not available','',NULL,198,NULL),(2117,474,'Not available','',NULL,198,NULL),(2118,481,'Rarely','',NULL,198,NULL),(2119,483,'Rarely','',NULL,198,NULL),(2120,486,'Rarely','',NULL,198,NULL),(2121,494,'','',NULL,198,NULL),(2122,535,'Agree','',NULL,198,NULL),(2123,536,'Agree','',NULL,198,NULL),(2124,537,'Agree','',NULL,198,NULL),(2125,538,'Agree','',NULL,198,NULL),(2126,539,'Agree','',NULL,198,NULL),(2127,540,'Agree','',NULL,198,NULL),(2128,541,'Agree','',NULL,198,NULL),(2129,542,'Agree','',NULL,198,NULL),(2130,543,'Agree','',NULL,198,NULL),(2131,559,'Agree','',NULL,198,NULL),(2132,661,'','',NULL,198,NULL),(2133,663,'','',NULL,198,NULL),(2134,667,'','',NULL,198,NULL),(2135,403,'','',NULL,199,NULL),(2136,406,'','',NULL,199,NULL),(2137,408,'','',NULL,199,NULL),(2138,429,'','',NULL,199,NULL),(2139,430,'','',NULL,199,NULL),(2140,436,'','',NULL,199,NULL),(2141,437,'','',NULL,199,NULL),(2142,439,'','',NULL,199,NULL),(2143,441,'','',NULL,199,NULL),(2144,446,'','',NULL,199,NULL),(2145,448,'','',NULL,199,NULL),(2146,451,'','',NULL,199,NULL),(2147,454,'Not available','',NULL,199,NULL),(2148,457,'Not available','',NULL,199,NULL),(2149,473,'Not available','',NULL,199,NULL),(2150,476,'Not available','',NULL,199,NULL),(2151,481,'Never','',NULL,199,NULL),(2152,486,'Rarely','',NULL,199,NULL),(2153,487,'','',NULL,199,NULL),(2154,492,'','',NULL,199,NULL),(2155,493,'','',NULL,199,NULL),(2156,543,'Strongly agree','',NULL,199,NULL),(2157,556,'Strongly agree','',NULL,199,NULL),(2158,657,'','',NULL,199,NULL),(2159,662,'','',NULL,199,NULL),(2160,668,'','',NULL,199,NULL),(2161,402,'','',NULL,200,NULL),(2162,410,'','',NULL,200,NULL),(2163,413,'','',NULL,200,NULL),(2164,429,'','',NULL,200,NULL),(2165,432,'','',NULL,200,NULL),(2166,433,'','',NULL,200,NULL),(2167,436,'','',NULL,200,NULL),(2168,439,'','',NULL,200,NULL),(2169,442,'','',NULL,200,NULL),(2170,443,'','',NULL,200,NULL),(2171,444,'','',NULL,200,NULL),(2172,445,'','',NULL,200,NULL),(2173,447,'','',NULL,200,NULL),(2174,450,'','',NULL,200,NULL),(2175,452,'','',NULL,200,NULL),(2176,453,'','',NULL,200,NULL),(2177,454,'I am not aware of this knowledge type','',NULL,200,NULL),(2178,456,'Not available','',NULL,200,NULL),(2179,457,'Not available','',NULL,200,NULL),(2180,467,'I am not aware of this knowledge type','',NULL,200,NULL),(2181,474,'I am not aware of this knowledge type','',NULL,200,NULL),(2182,481,'Never. Do not know how or I do not have time to tap into such resources. As far as my Dpt is concerned, I am not even sure such resources exist... Resources non existent, or','',NULL,200,NULL),(2183,483,'Never. Do not know how or I do not have time to tap into such resources. As far as my Dpt is concerned, I am not even sure such resources exist... Resources non existent, or','',NULL,200,NULL),(2184,486,'Never. Do not know how or I do not have time to tap into such resources. As far as my Dpt is concerned, I am not even sure such resources exist... Resources non existent, or','',NULL,200,NULL),(2185,487,'','',NULL,200,NULL),(2186,491,'','',NULL,200,NULL),(2187,494,'','',NULL,200,NULL),(2188,534,'Agree','',NULL,200,NULL),(2189,536,'Agree','',NULL,200,NULL),(2190,537,'Agree','',NULL,200,NULL),(2191,543,'Agree','',NULL,200,NULL),(2192,547,'Agree','',NULL,200,NULL),(2193,548,'Agree','',NULL,200,NULL),(2194,549,'Agree','',NULL,200,NULL),(2195,553,'Agree','',NULL,200,NULL),(2196,555,'Agree','',NULL,200,NULL),(2197,556,'Agree','',NULL,200,NULL),(2198,561,'Strongly agree','',NULL,200,NULL),(2199,563,'4 to 10 years ago','',NULL,200,NULL),(2200,658,'','',NULL,200,NULL),(2201,665,'','',NULL,200,NULL),(2202,668,'','',NULL,200,NULL),(2203,402,'','',NULL,201,NULL),(2204,404,'','',NULL,201,NULL),(2205,411,'','',NULL,201,NULL),(2206,430,'','',NULL,201,NULL),(2207,432,'','',NULL,201,NULL),(2208,462,'I am not aware of this knowledge type','',NULL,201,NULL),(2209,467,'Not available','',NULL,201,NULL),(2210,476,'I am not aware of this knowledge type','',NULL,201,NULL),(2211,481,'Rarely','',NULL,201,NULL),(2212,487,'','',NULL,201,NULL),(2213,492,'','',NULL,201,NULL),(2214,494,'','',NULL,201,NULL),(2215,532,'Agree','',NULL,201,NULL),(2216,533,'Agree','',NULL,201,NULL),(2217,534,'Agree','',NULL,201,NULL),(2218,538,'Agree','',NULL,201,NULL),(2219,539,'Agree','',NULL,201,NULL),(2220,556,'Agree','',NULL,201,NULL),(2221,559,'Strongly agree','',NULL,201,NULL),(2222,560,'Strongly agree','',NULL,201,NULL),(2223,657,'','',NULL,201,NULL),(2224,662,'','',NULL,201,NULL),(2225,668,'','',NULL,201,NULL),(2226,403,'','',NULL,202,NULL),(2227,408,'','',NULL,202,NULL),(2228,410,'','',NULL,202,NULL),(2229,432,'','',NULL,202,NULL),(2230,436,'','',NULL,202,NULL),(2231,437,'','',NULL,202,NULL),(2232,438,'','',NULL,202,NULL),(2233,442,'','',NULL,202,NULL),(2234,443,'','',NULL,202,NULL),(2235,444,'','',NULL,202,NULL),(2236,446,'','',NULL,202,NULL),(2237,447,'','',NULL,202,NULL),(2238,450,'','',NULL,202,NULL),(2239,452,'','',NULL,202,NULL),(2240,453,'','',NULL,202,NULL),(2241,454,'Not available','',NULL,202,NULL),(2242,481,'Rarely','',NULL,202,NULL),(2243,483,'Rarely','',NULL,202,NULL),(2244,487,'','',NULL,202,NULL),(2245,488,'','',NULL,202,NULL),(2246,498,'Prioritisation of knowledge product preparation in the performance evaluations + having adequate time and resources dedicated to it needs improvement','',NULL,202,NULL),(2247,515,'It needs to be made more systematic within the units with dedicated resources working on product development - it seems to work ad-hoc and responsive to high level movements rather than being driven by the actual challenges faced on the ground.','',NULL,202,NULL),(2248,547,'Agree','',NULL,202,NULL),(2249,548,'Agree','',NULL,202,NULL),(2250,549,'Agree','',NULL,202,NULL),(2251,553,'Agree','',NULL,202,NULL),(2252,554,'Agree','',NULL,202,NULL),(2253,555,'Agree','',NULL,202,NULL),(2254,556,'Agree','',NULL,202,NULL),(2255,559,'Agree','',NULL,202,NULL),(2256,658,'','',NULL,202,NULL),(2257,663,'','',NULL,202,NULL),(2258,665,'','',NULL,202,NULL),(2259,405,'','',NULL,203,NULL),(2260,407,'','',NULL,203,NULL),(2261,413,'','',NULL,203,NULL),(2262,429,'','',NULL,203,NULL),(2263,430,'','',NULL,203,NULL),(2264,432,'','',NULL,203,NULL),(2265,433,'','',NULL,203,NULL),(2266,435,'','',NULL,203,NULL),(2267,436,'','',NULL,203,NULL),(2268,437,'','',NULL,203,NULL),(2269,440,'','',NULL,203,NULL),(2270,442,'','',NULL,203,NULL),(2271,445,'','',NULL,203,NULL),(2272,447,'','',NULL,203,NULL),(2273,449,'','',NULL,203,NULL),(2274,450,'','',NULL,203,NULL),(2275,452,'','',NULL,203,NULL),(2276,453,'','',NULL,203,NULL),(2277,457,'Not available','',NULL,203,NULL),(2278,460,'Not available','',NULL,203,NULL),(2279,465,'Not available','',NULL,203,NULL),(2280,467,'Not available','',NULL,203,NULL),(2281,469,'Not available','',NULL,203,NULL),(2282,474,'Not available','',NULL,203,NULL),(2283,481,'Rarely','',NULL,203,NULL),(2284,486,'Never','',NULL,203,NULL),(2285,491,'','',NULL,203,NULL),(2286,493,'','',NULL,203,NULL),(2287,494,'','',NULL,203,NULL),(2288,560,'Agree','',NULL,203,NULL),(2289,562,'I have not had the opportunity to use','',NULL,203,NULL),(2290,563,'Never','',NULL,203,NULL),(2291,659,'','',NULL,203,NULL),(2292,663,'','',NULL,203,NULL),(2293,666,'','',NULL,203,NULL),(2294,403,'','',NULL,204,NULL),(2295,408,'','',NULL,204,NULL),(2296,413,'','',NULL,204,NULL),(2297,429,'','',NULL,204,NULL),(2298,430,'','',NULL,204,NULL),(2299,436,'','',NULL,204,NULL),(2300,437,'','',NULL,204,NULL),(2301,438,'','',NULL,204,NULL),(2302,439,'','',NULL,204,NULL),(2303,442,'','',NULL,204,NULL),(2304,443,'','',NULL,204,NULL),(2305,446,'','',NULL,204,NULL),(2306,447,'','',NULL,204,NULL),(2307,448,'','',NULL,204,NULL),(2308,452,'','',NULL,204,NULL),(2309,453,'','',NULL,204,NULL),(2310,458,'Not available','',NULL,204,NULL),(2311,467,'Not available','',NULL,204,NULL),(2312,476,'Not available','',NULL,204,NULL),(2313,481,'Rarely','',NULL,204,NULL),(2314,483,'Rarely','',NULL,204,NULL),(2315,487,'','',NULL,204,NULL),(2316,492,'','',NULL,204,NULL),(2317,493,'','',NULL,204,NULL),(2318,533,'Agree','',NULL,204,NULL),(2319,534,'Agree','',NULL,204,NULL),(2320,547,'Agree','',NULL,204,NULL),(2321,548,'Agree','',NULL,204,NULL),(2322,549,'Agree','',NULL,204,NULL),(2323,553,'Agree','',NULL,204,NULL),(2324,554,'Agree','',NULL,204,NULL),(2325,555,'Agree','',NULL,204,NULL),(2326,556,'Agree','',NULL,204,NULL),(2327,558,'Agree','',NULL,204,NULL),(2328,560,'Agree','',NULL,204,NULL),(2329,561,'Agree','',NULL,204,NULL),(2330,563,'Never','',NULL,204,NULL),(2331,663,'','',NULL,204,NULL),(2332,664,'','',NULL,204,NULL),(2333,665,'','',NULL,204,NULL),(2334,404,'','',NULL,205,NULL),(2335,406,'','',NULL,205,NULL),(2336,411,'','',NULL,205,NULL),(2337,429,'','',NULL,205,NULL),(2338,433,'','',NULL,205,NULL),(2339,434,'','',NULL,205,NULL),(2340,437,'','',NULL,205,NULL),(2341,438,'','',NULL,205,NULL),(2342,439,'','',NULL,205,NULL),(2343,440,'','',NULL,205,NULL),(2344,442,'','',NULL,205,NULL),(2345,445,'','',NULL,205,NULL),(2346,446,'','',NULL,205,NULL),(2347,447,'','',NULL,205,NULL),(2348,453,'','',NULL,205,NULL),(2349,457,'Not available','',NULL,205,NULL),(2350,483,'Rarely','',NULL,205,NULL),(2351,489,'','',NULL,205,NULL),(2352,491,'','',NULL,205,NULL),(2353,494,'','',NULL,205,NULL),(2354,562,'The process is very slow. Maybe they should include specific subject files','',NULL,205,NULL),(2355,563,'4 to 10 years ago','',NULL,205,NULL),(2356,659,'','',NULL,205,NULL),(2357,661,'','',NULL,205,NULL),(2358,666,'','',NULL,205,NULL),(2359,406,'','',NULL,206,NULL),(2360,407,'','',NULL,206,NULL),(2361,412,'','',NULL,206,NULL),(2362,661,'','',NULL,206,NULL),(2363,662,'','',NULL,206,NULL),(2364,667,'','',NULL,206,NULL),(2365,408,'','',NULL,207,NULL),(2366,411,'','',NULL,207,NULL),(2367,413,'','',NULL,207,NULL),(2368,417,'Formulating innovative solutions that help clients achieve results obviously requires us to have the best experts in the field of water is a challenge today','',NULL,207,NULL),(2369,429,'','',NULL,207,NULL),(2370,430,'','',NULL,207,NULL),(2371,431,'','',NULL,207,NULL),(2372,432,'','',NULL,207,NULL),(2373,433,'','',NULL,207,NULL),(2374,434,'','',NULL,207,NULL),(2375,435,'','',NULL,207,NULL),(2376,436,'','',NULL,207,NULL),(2377,437,'','',NULL,207,NULL),(2378,439,'','',NULL,207,NULL),(2379,441,'','',NULL,207,NULL),(2380,446,'','',NULL,207,NULL),(2381,449,'','',NULL,207,NULL),(2382,450,'','',NULL,207,NULL),(2383,453,'','',NULL,207,NULL),(2384,454,'I am not aware of this knowledge type','',NULL,207,NULL),(2385,473,'Not available','',NULL,207,NULL),(2386,474,'Not available','',NULL,207,NULL),(2387,481,'Rarely','',NULL,207,NULL),(2388,482,'Rarely','',NULL,207,NULL),(2389,483,'Rarely','',NULL,207,NULL),(2390,487,'','',NULL,207,NULL),(2391,489,'','',NULL,207,NULL),(2392,494,'','',NULL,207,NULL),(2393,516,'The Bank should focus on delivering just-in-time policy guidance notes with sharp analysis of the political economy, sectoral and institutional issues and options. The Bank should start from the challenges the client faces, or questions the clients ask and work backwards to identify the team composition and delivery of solutions. Each request should be dealt with differently with the best team equipped to provide timely response.','',NULL,207,NULL),(2394,555,'Agree','',NULL,207,NULL),(2395,558,'Agree','',NULL,207,NULL),(2396,561,'Agree','',NULL,207,NULL),(2397,662,'','',NULL,207,NULL),(2398,666,'','',NULL,207,NULL),(2399,667,'','',NULL,207,NULL),(2400,406,'','',NULL,208,NULL),(2401,429,'','',NULL,208,NULL),(2402,430,'','',NULL,208,NULL),(2403,432,'','',NULL,208,NULL),(2404,436,'','',NULL,208,NULL),(2405,437,'','',NULL,208,NULL),(2406,438,'','',NULL,208,NULL),(2407,443,'','',NULL,208,NULL),(2408,444,'','',NULL,208,NULL),(2409,445,'','',NULL,208,NULL),(2410,446,'','',NULL,208,NULL),(2411,447,'','',NULL,208,NULL),(2412,450,'','',NULL,208,NULL),(2413,453,'','',NULL,208,NULL),(2414,481,'Rarely','',NULL,208,NULL),(2415,483,'Rarely','',NULL,208,NULL),(2416,486,'Never','',NULL,208,NULL),(2417,488,'','',NULL,208,NULL),(2418,491,'','',NULL,208,NULL),(2419,494,'','',NULL,208,NULL),(2420,517,'Make one product into many different tools: pod-casts, webinars, presentations, papers, etc','',NULL,208,NULL),(2421,554,'Agree','',NULL,208,NULL),(2422,555,'Agree','',NULL,208,NULL),(2423,556,'Agree','',NULL,208,NULL),(2424,559,'Agree','',NULL,208,NULL),(2425,561,'Strongly agree','',NULL,208,NULL),(2426,563,'Never','',NULL,208,NULL),(2427,661,'','',NULL,208,NULL),(2428,403,'','',NULL,209,NULL),(2429,410,'','',NULL,209,NULL),(2430,411,'','',NULL,209,NULL),(2431,428,'','',NULL,209,NULL),(2432,433,'','',NULL,209,NULL),(2433,434,'','',NULL,209,NULL),(2434,435,'','',NULL,209,NULL),(2435,438,'','',NULL,209,NULL),(2436,439,'','',NULL,209,NULL),(2437,447,'','',NULL,209,NULL),(2438,449,'','',NULL,209,NULL),(2439,450,'','',NULL,209,NULL),(2440,452,'','',NULL,209,NULL),(2441,453,'','',NULL,209,NULL),(2442,455,'Not available','',NULL,209,NULL),(2443,456,'Not available','',NULL,209,NULL),(2444,457,'Not available','',NULL,209,NULL),(2445,458,'Not available','',NULL,209,NULL),(2446,462,'Not available','',NULL,209,NULL),(2447,467,'Not available','',NULL,209,NULL),(2448,481,'Rarely','',NULL,209,NULL),(2449,483,'Rarely','',NULL,209,NULL),(2450,486,'Never','',NULL,209,NULL),(2451,487,'','',NULL,209,NULL),(2452,488,'','',NULL,209,NULL),(2453,493,'','',NULL,209,NULL),(2454,555,'Agree','',NULL,209,NULL),(2455,558,'Agree','',NULL,209,NULL),(2456,658,'','',NULL,209,NULL),(2457,665,'','',NULL,209,NULL),(2458,666,'','',NULL,209,NULL),(2459,405,'','',NULL,211,NULL),(2460,407,'','',NULL,211,NULL),(2461,413,'','',NULL,211,NULL),(2462,429,'','',NULL,211,NULL),(2463,430,'','',NULL,211,NULL),(2464,431,'','',NULL,211,NULL),(2465,432,'','',NULL,211,NULL),(2466,433,'','',NULL,211,NULL),(2467,434,'','',NULL,211,NULL),(2468,435,'','',NULL,211,NULL),(2469,438,'','',NULL,211,NULL),(2470,440,'','',NULL,211,NULL),(2471,442,'','',NULL,211,NULL),(2472,443,'','',NULL,211,NULL),(2473,444,'','',NULL,211,NULL),(2474,445,'','',NULL,211,NULL),(2475,447,'','',NULL,211,NULL),(2476,448,'','',NULL,211,NULL),(2477,452,'','',NULL,211,NULL),(2478,462,'Not available','',NULL,211,NULL),(2479,465,'Not available','',NULL,211,NULL),(2480,467,'Not available','',NULL,211,NULL),(2481,476,'Not available','',NULL,211,NULL),(2482,479,'Not available','',NULL,211,NULL),(2483,483,'Rarely','',NULL,211,NULL),(2484,486,'Rarely','',NULL,211,NULL),(2485,487,'','',NULL,211,NULL),(2486,494,'','',NULL,211,NULL),(2487,499,'Participation of client in knowledge products generation needs improvement','',NULL,211,NULL),(2488,518,'Tackling language barriers to allow client participate in knowledge products development','',NULL,211,NULL),(2489,548,'Agree','',NULL,211,NULL),(2490,549,'Agree','',NULL,211,NULL),(2491,555,'Agree','',NULL,211,NULL),(2492,556,'Agree','',NULL,211,NULL),(2493,558,'Agree','',NULL,211,NULL),(2494,559,'Agree','',NULL,211,NULL),(2495,560,'Agree','',NULL,211,NULL),(2496,561,'Agree','',NULL,211,NULL),(2497,661,'','',NULL,211,NULL),(2498,664,'','',NULL,211,NULL),(2499,666,'','',NULL,211,NULL),(2500,402,'','',NULL,212,NULL),(2501,411,'','',NULL,212,NULL),(2502,413,'','',NULL,212,NULL),(2503,429,'','',NULL,212,NULL),(2504,433,'','',NULL,212,NULL),(2505,434,'','',NULL,212,NULL),(2506,435,'','',NULL,212,NULL),(2507,436,'','',NULL,212,NULL),(2508,437,'','',NULL,212,NULL),(2509,438,'','',NULL,212,NULL),(2510,439,'','',NULL,212,NULL),(2511,440,'','',NULL,212,NULL),(2512,441,'','',NULL,212,NULL),(2513,443,'','',NULL,212,NULL),(2514,444,'','',NULL,212,NULL),(2515,445,'','',NULL,212,NULL),(2516,448,'','',NULL,212,NULL),(2517,449,'','',NULL,212,NULL),(2518,451,'','',NULL,212,NULL),(2519,452,'','',NULL,212,NULL),(2520,454,'Not available','',NULL,212,NULL),(2521,456,'Not available','',NULL,212,NULL),(2522,457,'Not available','',NULL,212,NULL),(2523,458,'Not available','',NULL,212,NULL),(2524,468,'Not available','',NULL,212,NULL),(2525,473,'Not available','',NULL,212,NULL),(2526,476,'Not available','',NULL,212,NULL),(2527,479,'Not available','',NULL,212,NULL),(2528,493,'','',NULL,212,NULL),(2529,494,'','',NULL,212,NULL),(2530,495,'','',NULL,212,NULL),(2531,519,'Too many clearances','',NULL,212,NULL),(2532,555,'Strongly agree','',NULL,212,NULL),(2533,556,'Strongly agree','',NULL,212,NULL),(2534,561,'Strongly agree','',NULL,212,NULL),(2535,562,'I prefer to use Scoop','',NULL,212,NULL),(2536,563,'Never','',NULL,212,NULL),(2537,656,'','',NULL,212,NULL),(2538,657,'','',NULL,212,NULL),(2539,668,'','',NULL,212,NULL),(2540,406,'','',NULL,214,NULL),(2541,407,'','',NULL,214,NULL),(2542,413,'','',NULL,214,NULL),(2543,428,'','',NULL,214,NULL),(2544,429,'','',NULL,214,NULL),(2545,430,'','',NULL,214,NULL),(2546,432,'','',NULL,214,NULL),(2547,433,'','',NULL,214,NULL),(2548,434,'','',NULL,214,NULL),(2549,437,'','',NULL,214,NULL),(2550,438,'','',NULL,214,NULL),(2551,440,'','',NULL,214,NULL),(2552,445,'','',NULL,214,NULL),(2553,448,'','',NULL,214,NULL),(2554,449,'','',NULL,214,NULL),(2555,467,'I am not aware of this knowledge type','',NULL,214,NULL),(2556,469,'I am not aware of this knowledge type','',NULL,214,NULL),(2557,476,'I am not aware of this knowledge type','',NULL,214,NULL),(2558,477,'I am not aware of this knowledge type','',NULL,214,NULL),(2559,483,'Rarely','',NULL,214,NULL),(2560,486,'Rarely','',NULL,214,NULL),(2561,488,'','',NULL,214,NULL),(2562,493,'','',NULL,214,NULL),(2563,494,'','',NULL,214,NULL),(2564,520,'Everything should be pulled from the web and NOT pushed via email. We have no culture of going to a spot to check for recent updates. I would do this; however, the time i have for that is consumed by endless emails forced on me that often have nothing to do with my work.','',NULL,214,NULL),(2565,548,'Agree','',NULL,214,NULL),(2566,549,'Agree','',NULL,214,NULL),(2567,550,'Agree','',NULL,214,NULL),(2568,555,'Strongly agree','',NULL,214,NULL),(2569,556,'Agree','',NULL,214,NULL),(2570,558,'Agree','',NULL,214,NULL),(2571,560,'Agree','',NULL,214,NULL),(2572,561,'Agree','',NULL,214,NULL),(2573,562,'I use the page to find people but not to find expertise. It was never presented to me that way. Actually I am not sure anyone has ever gone over the website use and functionality with me.','',NULL,214,NULL),(2574,661,'','',NULL,214,NULL),(2575,662,'','',NULL,214,NULL),(2576,666,'','',NULL,214,NULL),(2577,402,'','',NULL,215,NULL),(2578,403,'','',NULL,215,NULL),(2579,413,'','',NULL,215,NULL),(2580,428,'','',NULL,215,NULL),(2581,433,'','',NULL,215,NULL),(2582,434,'','',NULL,215,NULL),(2583,435,'','',NULL,215,NULL),(2584,436,'','',NULL,215,NULL),(2585,437,'','',NULL,215,NULL),(2586,447,'','',NULL,215,NULL),(2587,450,'','',NULL,215,NULL),(2588,452,'','',NULL,215,NULL),(2589,453,'','',NULL,215,NULL),(2590,455,'I am not aware of this knowledge type','',NULL,215,NULL),(2591,456,'I am not aware of this knowledge type','',NULL,215,NULL),(2592,483,'Rarely','',NULL,215,NULL),(2593,489,'','',NULL,215,NULL),(2594,492,'','',NULL,215,NULL),(2595,494,'','',NULL,215,NULL),(2596,558,'Agree','',NULL,215,NULL),(2597,559,'Agree','',NULL,215,NULL),(2598,657,'','',NULL,215,NULL),(2599,660,'','',NULL,215,NULL),(2600,664,'','',NULL,215,NULL),(2601,403,'','',NULL,216,NULL),(2602,405,'','',NULL,216,NULL),(2603,410,'','',NULL,216,NULL),(2604,429,'','',NULL,216,NULL),(2605,430,'','',NULL,216,NULL),(2606,431,'','',NULL,216,NULL),(2607,432,'','',NULL,216,NULL),(2608,433,'','',NULL,216,NULL),(2609,434,'','',NULL,216,NULL),(2610,435,'','',NULL,216,NULL),(2611,438,'','',NULL,216,NULL),(2612,439,'','',NULL,216,NULL),(2613,447,'','',NULL,216,NULL),(2614,453,'','',NULL,216,NULL),(2615,481,'Rarely','',NULL,216,NULL),(2616,483,'Rarely','',NULL,216,NULL),(2617,487,'','',NULL,216,NULL),(2618,488,'','',NULL,216,NULL),(2619,494,'','',NULL,216,NULL),(2620,495,'','',NULL,216,NULL),(2621,536,'Agree','',NULL,216,NULL),(2622,543,'Agree','',NULL,216,NULL),(2623,555,'Agree','',NULL,216,NULL),(2624,556,'Agree','',NULL,216,NULL),(2625,561,'Strongly agree','',NULL,216,NULL),(2626,564,'CO staff are by definition more isolated and face strong limitations to access learning events, leading to isolating them more.','',NULL,216,NULL),(2627,657,'','',NULL,216,NULL),(2628,662,'','',NULL,216,NULL),(2629,668,'','',NULL,216,NULL),(2630,406,'','',NULL,217,NULL),(2631,408,'','',NULL,217,NULL),(2632,410,'','',NULL,217,NULL),(2633,436,'','',NULL,217,NULL),(2634,437,'','',NULL,217,NULL),(2635,442,'','',NULL,217,NULL),(2636,443,'','',NULL,217,NULL),(2637,444,'','',NULL,217,NULL),(2638,445,'','',NULL,217,NULL),(2639,452,'','',NULL,217,NULL),(2640,453,'','',NULL,217,NULL),(2641,455,'Not available','',NULL,217,NULL),(2642,467,'Not available','',NULL,217,NULL),(2643,473,'Not available','',NULL,217,NULL),(2644,476,'I am not aware of this knowledge type','',NULL,217,NULL),(2645,486,'Rarely','',NULL,217,NULL),(2646,489,'','',NULL,217,NULL),(2647,494,'','',NULL,217,NULL),(2648,495,'','',NULL,217,NULL),(2649,500,'Peer review / quality control / editing services needs improvement','',NULL,217,NULL),(2650,541,'Agree','',NULL,217,NULL),(2651,542,'Agree','',NULL,217,NULL),(2652,551,'Agree','',NULL,217,NULL),(2653,558,'Agree','',NULL,217,NULL),(2654,560,'Agree','',NULL,217,NULL),(2655,657,'','',NULL,217,NULL),(2656,661,'','',NULL,217,NULL),(2657,665,'','',NULL,217,NULL),(2658,408,'','',NULL,218,NULL),(2659,410,'','',NULL,218,NULL),(2660,411,'','',NULL,218,NULL),(2661,430,'','',NULL,218,NULL),(2662,433,'','',NULL,218,NULL),(2663,436,'','',NULL,218,NULL),(2664,437,'','',NULL,218,NULL),(2665,440,'','',NULL,218,NULL),(2666,443,'','',NULL,218,NULL),(2667,444,'','',NULL,218,NULL),(2668,452,'','',NULL,218,NULL),(2669,453,'','',NULL,218,NULL),(2670,455,'Not available','',NULL,218,NULL),(2671,458,'Not available','',NULL,218,NULL),(2672,467,'I am not aware of this knowledge type','',NULL,218,NULL),(2673,474,'I am not aware of this knowledge type','',NULL,218,NULL),(2674,476,'Not available','',NULL,218,NULL),(2675,483,'Never','',NULL,218,NULL),(2676,484,'Rarely','',NULL,218,NULL),(2677,487,'','',NULL,218,NULL),(2678,494,'','',NULL,218,NULL),(2679,495,'','',NULL,218,NULL),(2680,541,'Agree','',NULL,218,NULL),(2681,548,'Agree','',NULL,218,NULL),(2682,549,'Agree','',NULL,218,NULL),(2683,551,'Agree','',NULL,218,NULL),(2684,553,'Strongly agree','',NULL,218,NULL),(2685,555,'Strongly agree','',NULL,218,NULL),(2686,556,'Agree','',NULL,218,NULL),(2687,559,'Strongly agree','',NULL,218,NULL),(2688,662,'','',NULL,218,NULL),(2689,663,'','',NULL,218,NULL),(2690,665,'','',NULL,218,NULL),(2691,402,'','',NULL,219,NULL),(2692,408,'','',NULL,219,NULL),(2693,411,'','',NULL,219,NULL),(2694,429,'','',NULL,219,NULL),(2695,431,'','',NULL,219,NULL),(2696,432,'','',NULL,219,NULL),(2697,436,'','',NULL,219,NULL),(2698,438,'','',NULL,219,NULL),(2699,439,'','',NULL,219,NULL),(2700,446,'','',NULL,219,NULL),(2701,451,'','',NULL,219,NULL),(2702,452,'','',NULL,219,NULL),(2703,456,'Not available','',NULL,219,NULL),(2704,479,'Not available','',NULL,219,NULL),(2705,483,'Rarely','',NULL,219,NULL),(2706,486,'Rarely','',NULL,219,NULL),(2707,487,'','',NULL,219,NULL),(2708,493,'','',NULL,219,NULL),(2709,494,'','',NULL,219,NULL),(2710,543,'Agree','',NULL,219,NULL),(2711,547,'Agree','',NULL,219,NULL),(2712,548,'Agree','',NULL,219,NULL),(2713,549,'Agree','',NULL,219,NULL),(2714,550,'Agree','',NULL,219,NULL),(2715,555,'Agree','',NULL,219,NULL),(2716,556,'Agree','',NULL,219,NULL),(2717,557,'Agree','',NULL,219,NULL),(2718,558,'Agree','',NULL,219,NULL),(2719,563,'Never','',NULL,219,NULL),(2720,660,'','',NULL,219,NULL),(2721,662,'','',NULL,219,NULL),(2722,663,'','',NULL,219,NULL),(2723,403,'','',NULL,220,NULL),(2724,404,'','',NULL,220,NULL),(2725,411,'','',NULL,220,NULL),(2726,428,'','',NULL,220,NULL),(2727,431,'','',NULL,220,NULL),(2728,436,'','',NULL,220,NULL),(2729,439,'','',NULL,220,NULL),(2730,443,'','',NULL,220,NULL),(2731,446,'','',NULL,220,NULL),(2732,447,'','',NULL,220,NULL),(2733,448,'','',NULL,220,NULL),(2734,452,'','',NULL,220,NULL),(2735,467,'Not available','',NULL,220,NULL),(2736,481,'Rarely','',NULL,220,NULL),(2737,483,'Rarely','',NULL,220,NULL),(2738,486,'Never','',NULL,220,NULL),(2739,487,'','',NULL,220,NULL),(2740,489,'','',NULL,220,NULL),(2741,495,'','',NULL,220,NULL),(2742,562,'','',NULL,220,NULL),(2743,563,'Never','',NULL,220,NULL),(2744,401,'','',NULL,221,NULL),(2745,403,'','',NULL,221,NULL),(2746,408,'','',NULL,221,NULL),(2747,418,'Maintaining global thought leadership implies that we have it now, which in some parts of the water sector, we do not. is a challenge today','',NULL,221,NULL),(2748,658,'','',NULL,221,NULL),(2749,661,'','',NULL,221,NULL),(2750,663,'','',NULL,221,NULL),(2751,665,'','',NULL,221,NULL),(2752,403,'','',NULL,222,NULL),(2753,408,'','',NULL,222,NULL),(2754,413,'','',NULL,222,NULL),(2755,428,'','',NULL,222,NULL),(2756,429,'','',NULL,222,NULL),(2757,432,'','',NULL,222,NULL),(2758,433,'','',NULL,222,NULL),(2759,434,'','',NULL,222,NULL),(2760,438,'','',NULL,222,NULL),(2761,439,'','',NULL,222,NULL),(2762,442,'','',NULL,222,NULL),(2763,446,'','',NULL,222,NULL),(2764,448,'','',NULL,222,NULL),(2765,456,'Not available','',NULL,222,NULL),(2766,457,'Not available','',NULL,222,NULL),(2767,461,'Not available','',NULL,222,NULL),(2768,462,'Not available','',NULL,222,NULL),(2769,467,'Not available','',NULL,222,NULL),(2770,469,'Not available','',NULL,222,NULL),(2771,473,'Not available','',NULL,222,NULL),(2772,478,'Not available','',NULL,222,NULL),(2773,479,'Not available','',NULL,222,NULL),(2774,481,'Rarely','',NULL,222,NULL),(2775,483,'Never. I do not know how to do get it','',NULL,222,NULL),(2776,486,'Rarely','',NULL,222,NULL),(2777,488,'','',NULL,222,NULL),(2778,493,'','',NULL,222,NULL),(2779,494,'','',NULL,222,NULL),(2780,553,'Agree','',NULL,222,NULL),(2781,554,'Agree','',NULL,222,NULL),(2782,555,'Agree','',NULL,222,NULL),(2783,556,'Agree','',NULL,222,NULL),(2784,557,'Agree','',NULL,222,NULL),(2785,558,'Agree','',NULL,222,NULL),(2786,559,'Agree','',NULL,222,NULL),(2787,561,'Agree','',NULL,222,NULL),(2788,657,'','',NULL,222,NULL),(2789,663,'','',NULL,222,NULL),(2790,668,'','',NULL,222,NULL),(2791,406,'','',NULL,223,NULL),(2792,411,'','',NULL,223,NULL),(2793,413,'','',NULL,223,NULL),(2794,450,'','',NULL,223,NULL),(2795,456,'Not available','',NULL,223,NULL),(2796,457,'Not available','',NULL,223,NULL),(2797,462,'Not available','',NULL,223,NULL),(2798,479,'Not available','',NULL,223,NULL),(2799,486,'Rarely','',NULL,223,NULL),(2800,487,'','',NULL,223,NULL),(2801,491,'','',NULL,223,NULL),(2802,495,'','',NULL,223,NULL),(2803,528,'Agree','',NULL,223,NULL),(2804,529,'Agree','',NULL,223,NULL),(2805,530,'Agree','',NULL,223,NULL),(2806,531,'Agree','',NULL,223,NULL),(2807,532,'Agree','',NULL,223,NULL),(2808,533,'Agree','',NULL,223,NULL),(2809,534,'Agree','',NULL,223,NULL),(2810,664,'','',NULL,223,NULL),(2811,666,'','',NULL,223,NULL),(2812,668,'','',NULL,223,NULL),(2813,407,'','',NULL,224,NULL),(2814,408,'','',NULL,224,NULL),(2815,410,'','',NULL,224,NULL),(2816,430,'','',NULL,224,NULL),(2817,431,'','',NULL,224,NULL),(2818,432,'','',NULL,224,NULL),(2819,434,'','',NULL,224,NULL),(2820,435,'','',NULL,224,NULL),(2821,436,'','',NULL,224,NULL),(2822,437,'','',NULL,224,NULL),(2823,440,'','',NULL,224,NULL),(2824,441,'','',NULL,224,NULL),(2825,443,'','',NULL,224,NULL),(2826,444,'','',NULL,224,NULL),(2827,447,'','',NULL,224,NULL),(2828,454,'I am not aware of this knowledge type','',NULL,224,NULL),(2829,474,'I am not aware of this knowledge type','',NULL,224,NULL),(2830,476,'I am not aware of this knowledge type','',NULL,224,NULL),(2831,483,'Rarely','',NULL,224,NULL),(2832,486,'Rarely','',NULL,224,NULL),(2833,488,'','',NULL,224,NULL),(2834,494,'','',NULL,224,NULL),(2835,495,'','',NULL,224,NULL),(2836,521,'Create one space (e.g. on ConnectWater) where the complete process is described clearly. Currently, the templates are there, but the process is not 100% clear.','',NULL,224,NULL),(2837,541,'Agree','',NULL,224,NULL),(2838,551,'Agree','',NULL,224,NULL),(2839,553,'Agree','',NULL,224,NULL),(2840,555,'Agree','',NULL,224,NULL),(2841,556,'Agree','',NULL,224,NULL),(2842,563,'1 to 3 years ago','',NULL,224,NULL),(2843,657,'','',NULL,224,NULL),(2844,661,'','',NULL,224,NULL),(2845,662,'','',NULL,224,NULL),(2846,407,'','',NULL,225,NULL),(2847,408,'','',NULL,225,NULL),(2848,409,'','',NULL,225,NULL),(2849,429,'','',NULL,225,NULL),(2850,435,'','',NULL,225,NULL),(2851,436,'','',NULL,225,NULL),(2852,440,'','',NULL,225,NULL),(2853,442,'','',NULL,225,NULL),(2854,443,'','',NULL,225,NULL),(2855,445,'','',NULL,225,NULL),(2856,447,'','',NULL,225,NULL),(2857,456,'Not available','',NULL,225,NULL),(2858,457,'Not available','',NULL,225,NULL),(2859,467,'Not available','',NULL,225,NULL),(2860,476,'Not available','',NULL,225,NULL),(2861,477,'Not available','',NULL,225,NULL),(2862,478,'Not available','',NULL,225,NULL),(2863,479,'Not available','',NULL,225,NULL),(2864,481,'Rarely','',NULL,225,NULL),(2865,483,'Rarely','',NULL,225,NULL),(2866,488,'','',NULL,225,NULL),(2867,492,'','',NULL,225,NULL),(2868,493,'','',NULL,225,NULL),(2869,528,'Agree','',NULL,225,NULL),(2870,533,'Agree','',NULL,225,NULL),(2871,534,'Agree','',NULL,225,NULL),(2872,536,'Agree','',NULL,225,NULL),(2873,540,'Agree','',NULL,225,NULL),(2874,662,'','',NULL,225,NULL),(2875,663,'','',NULL,225,NULL),(2876,664,'','',NULL,225,NULL),(2877,404,'','',NULL,226,NULL),(2878,407,'','',NULL,226,NULL),(2879,411,'','',NULL,226,NULL),(2880,429,'','',NULL,226,NULL),(2881,430,'','',NULL,226,NULL),(2882,432,'','',NULL,226,NULL),(2883,434,'','',NULL,226,NULL),(2884,437,'','',NULL,226,NULL),(2885,441,'','',NULL,226,NULL),(2886,442,'','',NULL,226,NULL),(2887,443,'','',NULL,226,NULL),(2888,444,'','',NULL,226,NULL),(2889,445,'','',NULL,226,NULL),(2890,453,'','',NULL,226,NULL),(2891,454,'Not available','',NULL,226,NULL),(2892,476,'Not available','',NULL,226,NULL),(2893,487,'','',NULL,226,NULL),(2894,488,'','',NULL,226,NULL),(2895,493,'','',NULL,226,NULL),(2896,537,'Agree','',NULL,226,NULL),(2897,562,'Limited access','',NULL,226,NULL),(2898,563,'Never','',NULL,226,NULL),(2899,656,'','',NULL,226,NULL),(2900,658,'','',NULL,226,NULL),(2901,663,'','',NULL,226,NULL),(2902,666,'','',NULL,226,NULL),(2903,411,'','',NULL,227,NULL),(2904,412,'','',NULL,227,NULL),(2905,413,'','',NULL,227,NULL),(2906,430,'','',NULL,227,NULL),(2907,434,'','',NULL,227,NULL),(2908,439,'','',NULL,227,NULL),(2909,457,'Not available','',NULL,227,NULL),(2910,467,'I am not aware of this knowledge type','',NULL,227,NULL),(2911,468,'I am not aware of this knowledge type','',NULL,227,NULL),(2912,476,'I am not aware of this knowledge type','',NULL,227,NULL),(2913,481,'Never','',NULL,227,NULL),(2914,482,'Never','',NULL,227,NULL),(2915,483,'Never','',NULL,227,NULL),(2916,486,'Rarely','',NULL,227,NULL),(2917,487,'','',NULL,227,NULL),(2918,489,'','',NULL,227,NULL),(2919,495,'','',NULL,227,NULL),(2920,543,'Agree','',NULL,227,NULL),(2921,547,'Agree','',NULL,227,NULL),(2922,548,'Agree','',NULL,227,NULL),(2923,549,'Agree','',NULL,227,NULL),(2924,551,'Agree','',NULL,227,NULL),(2925,555,'Agree','',NULL,227,NULL),(2926,556,'Agree','',NULL,227,NULL),(2927,558,'Agree','',NULL,227,NULL),(2928,559,'Strongly agree','',NULL,227,NULL),(2929,560,'Agree','',NULL,227,NULL),(2930,563,'Never','',NULL,227,NULL),(2931,658,'','',NULL,227,NULL),(2932,663,'','',NULL,227,NULL),(2933,668,'','',NULL,227,NULL),(2934,405,'','',NULL,228,NULL),(2935,406,'','',NULL,228,NULL),(2936,419,'Achieving actual service improvements on the ground. is a challenge today','',NULL,228,NULL),(2937,424,'Achieving actual service improvements on the ground. will be a challenge in the next 5 years','',NULL,228,NULL),(2938,430,'','',NULL,228,NULL),(2939,431,'','',NULL,228,NULL),(2940,432,'','',NULL,228,NULL),(2941,436,'','',NULL,228,NULL),(2942,437,'','',NULL,228,NULL),(2943,438,'','',NULL,228,NULL),(2944,443,'','',NULL,228,NULL),(2945,444,'','',NULL,228,NULL),(2946,452,'','',NULL,228,NULL),(2947,467,'I am not aware of this knowledge type','',NULL,228,NULL),(2948,468,'Not available','',NULL,228,NULL),(2949,473,'Not available','',NULL,228,NULL),(2950,476,'I am not aware of this knowledge type','',NULL,228,NULL),(2951,481,'Rarely','',NULL,228,NULL),(2952,483,'Rarely','',NULL,228,NULL),(2953,486,'Rarely','',NULL,228,NULL),(2954,489,'','',NULL,228,NULL),(2955,494,'','',NULL,228,NULL),(2956,501,'Keyword searching for specific knowledge products across the bank is not easy','',NULL,228,NULL),(2957,548,'Agree','',NULL,228,NULL),(2958,549,'Agree','',NULL,228,NULL),(2959,555,'Agree','',NULL,228,NULL),(2960,556,'Agree','',NULL,228,NULL),(2961,558,'Agree','',NULL,228,NULL),(2962,660,'','',NULL,228,NULL),(2963,661,'','',NULL,228,NULL),(2964,406,'','',NULL,229,NULL),(2965,408,'','',NULL,229,NULL),(2966,411,'','',NULL,229,NULL),(2967,429,'','',NULL,229,NULL),(2968,431,'','',NULL,229,NULL),(2969,432,'','',NULL,229,NULL),(2970,433,'','',NULL,229,NULL),(2971,434,'','',NULL,229,NULL),(2972,439,'','',NULL,229,NULL),(2973,443,'','',NULL,229,NULL),(2974,446,'','',NULL,229,NULL),(2975,447,'','',NULL,229,NULL),(2976,452,'','',NULL,229,NULL),(2977,456,'Not available','',NULL,229,NULL),(2978,462,'Not available','',NULL,229,NULL),(2979,467,'Not available','',NULL,229,NULL),(2980,474,'Not available','',NULL,229,NULL),(2981,476,'Not available','',NULL,229,NULL),(2982,479,'Not available','',NULL,229,NULL),(2983,481,'Rarely','',NULL,229,NULL),(2984,483,'Rarely','',NULL,229,NULL),(2985,486,'Rarely','',NULL,229,NULL),(2986,491,'','',NULL,229,NULL),(2987,493,'','',NULL,229,NULL),(2988,502,'There is a detach between the knowledge generated in the field and how it ends up in the document to be published. A stronger effort needs to be made to capture the field knowledge as it contributes globally to WSP. Many times there is pressure from HQ to adapt lessons to preconceived notions, experts opinions.....','',NULL,229,NULL),(2989,522,'A closer contact should be made with the manager proposing certain publication. A brief but thorough interaction to determine main thoughts, objectives, contribution etc. at the initial stages, can be very useful to avoid the situation described in comment above.','',NULL,229,NULL),(2990,547,'Strongly agree','',NULL,229,NULL),(2991,548,'Agree','',NULL,229,NULL),(2992,549,'Agree','',NULL,229,NULL),(2993,550,'Agree','',NULL,229,NULL),(2994,551,'Agree','',NULL,229,NULL),(2995,556,'Agree','',NULL,229,NULL),(2996,557,'Agree','',NULL,229,NULL),(2997,558,'Agree','',NULL,229,NULL),(2998,560,'Agree','',NULL,229,NULL),(2999,563,'1 to 3 years ago','',NULL,229,NULL),(3000,658,'','',NULL,229,NULL),(3001,666,'','',NULL,229,NULL),(3002,668,'','',NULL,229,NULL),(3003,405,'','',NULL,230,NULL),(3004,408,'','',NULL,230,NULL),(3005,410,'','',NULL,230,NULL),(3006,428,'','',NULL,230,NULL),(3007,429,'','',NULL,230,NULL),(3008,430,'','',NULL,230,NULL),(3009,431,'','',NULL,230,NULL),(3010,432,'','',NULL,230,NULL),(3011,433,'','',NULL,230,NULL),(3012,434,'','',NULL,230,NULL),(3013,435,'','',NULL,230,NULL),(3014,436,'','',NULL,230,NULL),(3015,437,'','',NULL,230,NULL),(3016,438,'','',NULL,230,NULL),(3017,439,'','',NULL,230,NULL),(3018,440,'','',NULL,230,NULL),(3019,441,'','',NULL,230,NULL),(3020,442,'','',NULL,230,NULL),(3021,443,'','',NULL,230,NULL),(3022,444,'','',NULL,230,NULL),(3023,445,'','',NULL,230,NULL),(3024,446,'','',NULL,230,NULL),(3025,447,'','',NULL,230,NULL),(3026,448,'','',NULL,230,NULL),(3027,449,'','',NULL,230,NULL),(3028,450,'','',NULL,230,NULL),(3029,451,'','',NULL,230,NULL),(3030,452,'','',NULL,230,NULL),(3031,453,'','',NULL,230,NULL),(3032,481,'Rarely','',NULL,230,NULL),(3033,482,'Rarely','',NULL,230,NULL),(3034,484,'Rarely','',NULL,230,NULL),(3035,486,'Rarely','',NULL,230,NULL),(3036,489,'','',NULL,230,NULL),(3037,493,'','',NULL,230,NULL),(3038,495,'','',NULL,230,NULL),(3039,547,'Agree','',NULL,230,NULL),(3040,548,'Agree','',NULL,230,NULL),(3041,549,'Agree','',NULL,230,NULL),(3042,550,'Agree','',NULL,230,NULL),(3043,551,'Agree','',NULL,230,NULL),(3044,552,'Agree','',NULL,230,NULL),(3045,553,'Agree','',NULL,230,NULL),(3046,554,'Agree','',NULL,230,NULL),(3047,555,'Agree','',NULL,230,NULL),(3048,556,'Agree','',NULL,230,NULL),(3049,557,'Agree','',NULL,230,NULL),(3050,558,'Strongly agree','',NULL,230,NULL),(3051,559,'Strongly agree','',NULL,230,NULL),(3052,560,'Strongly agree','',NULL,230,NULL),(3053,563,'4 to 10 years ago','',NULL,230,NULL),(3054,659,'','',NULL,230,NULL),(3055,662,'','',NULL,230,NULL),(3056,663,'','',NULL,230,NULL),(3057,405,'','',NULL,231,NULL),(3058,406,'','',NULL,231,NULL),(3059,413,'','',NULL,231,NULL),(3060,432,'','',NULL,231,NULL),(3061,433,'','',NULL,231,NULL),(3062,436,'','',NULL,231,NULL),(3063,440,'','',NULL,231,NULL),(3064,441,'','',NULL,231,NULL),(3065,445,'','',NULL,231,NULL),(3066,456,'Not available','',NULL,231,NULL),(3067,457,'Not available','',NULL,231,NULL),(3068,461,'I am not aware of this knowledge type','',NULL,231,NULL),(3069,468,'Not available','',NULL,231,NULL),(3070,469,'Not available','',NULL,231,NULL),(3071,473,'Not available','',NULL,231,NULL),(3072,476,'Not available','',NULL,231,NULL),(3073,481,'Rarely','',NULL,231,NULL),(3074,483,'Rarely','',NULL,231,NULL),(3075,486,'Rarely','',NULL,231,NULL),(3076,492,'','',NULL,231,NULL),(3077,493,'','',NULL,231,NULL),(3078,495,'','',NULL,231,NULL),(3079,534,'Agree','',NULL,231,NULL),(3080,547,'Agree','',NULL,231,NULL),(3081,548,'Agree','',NULL,231,NULL),(3082,549,'Agree','',NULL,231,NULL),(3083,550,'Agree','',NULL,231,NULL),(3084,551,'Agree','',NULL,231,NULL),(3085,552,'Agree','',NULL,231,NULL),(3086,553,'Strongly agree','',NULL,231,NULL),(3087,554,'Agree','',NULL,231,NULL),(3088,555,'Agree','',NULL,231,NULL),(3089,556,'Agree','',NULL,231,NULL),(3090,557,'Agree','',NULL,231,NULL),(3091,561,'Strongly agree','',NULL,231,NULL),(3092,656,'','',NULL,231,NULL),(3093,659,'','',NULL,231,NULL),(3094,661,'','',NULL,231,NULL),(3095,664,'','',NULL,231,NULL),(3096,665,'','',NULL,231,NULL),(3097,403,'','',NULL,232,NULL),(3098,407,'','',NULL,232,NULL),(3099,410,'','',NULL,232,NULL),(3100,429,'','',NULL,232,NULL),(3101,430,'','',NULL,232,NULL),(3102,431,'','',NULL,232,NULL),(3103,432,'','',NULL,232,NULL),(3104,433,'','',NULL,232,NULL),(3105,434,'','',NULL,232,NULL),(3106,436,'','',NULL,232,NULL),(3107,437,'','',NULL,232,NULL),(3108,439,'','',NULL,232,NULL),(3109,440,'','',NULL,232,NULL),(3110,447,'','',NULL,232,NULL),(3111,448,'','',NULL,232,NULL),(3112,450,'','',NULL,232,NULL),(3113,454,'I am not aware of this knowledge type','',NULL,232,NULL),(3114,467,'I am not aware of this knowledge type','',NULL,232,NULL),(3115,468,'I am not aware of this knowledge type','',NULL,232,NULL),(3116,469,'I am not aware of this knowledge type','',NULL,232,NULL),(3117,477,'I am not aware of this knowledge type','',NULL,232,NULL),(3118,478,'I am not aware of this knowledge type','',NULL,232,NULL),(3119,479,'I am not aware of this knowledge type','',NULL,232,NULL),(3120,483,'Rarely','',NULL,232,NULL),(3121,487,'','',NULL,232,NULL),(3122,490,'','',NULL,232,NULL),(3123,494,'','',NULL,232,NULL),(3124,523,'Strengthen the orientation into the WBG programs for new staff','',NULL,232,NULL),(3125,561,'Agree','',NULL,232,NULL),(3126,563,'Never','',NULL,232,NULL),(3127,656,'','',NULL,232,NULL),(3128,660,'','',NULL,232,NULL),(3129,663,'','',NULL,232,NULL),(3130,402,'','',NULL,233,NULL),(3131,403,'','',NULL,233,NULL),(3132,411,'','',NULL,233,NULL),(3133,428,'','',NULL,233,NULL),(3134,429,'','',NULL,233,NULL),(3135,436,'','',NULL,233,NULL),(3136,438,'','',NULL,233,NULL),(3137,439,'','',NULL,233,NULL),(3138,442,'','',NULL,233,NULL),(3139,443,'','',NULL,233,NULL),(3140,444,'','',NULL,233,NULL),(3141,445,'','',NULL,233,NULL),(3142,446,'','',NULL,233,NULL),(3143,447,'','',NULL,233,NULL),(3144,453,'','',NULL,233,NULL),(3145,456,'Not available','',NULL,233,NULL),(3146,457,'Not available','',NULL,233,NULL),(3147,458,'Not available','',NULL,233,NULL),(3148,474,'Not available','',NULL,233,NULL),(3149,476,'Not available','',NULL,233,NULL),(3150,477,'Not available','',NULL,233,NULL),(3151,478,'Not available','',NULL,233,NULL),(3152,481,'Rarely','',NULL,233,NULL),(3153,483,'Never','',NULL,233,NULL),(3154,486,'Never','',NULL,233,NULL),(3155,487,'','',NULL,233,NULL),(3156,488,'','',NULL,233,NULL),(3157,489,'','',NULL,233,NULL),(3158,528,'Strongly agree','',NULL,233,NULL),(3159,529,'Strongly agree','',NULL,233,NULL),(3160,530,'Strongly agree','',NULL,233,NULL),(3161,532,'Strongly agree','',NULL,233,NULL),(3162,533,'Strongly agree','',NULL,233,NULL),(3163,536,'Strongly agree','',NULL,233,NULL),(3164,543,'Strongly agree','',NULL,233,NULL),(3165,546,'I have no intention to write a blog or use Twitter/Facebook Stop thinking about gimmicks and let’s go back to real work!','',NULL,233,NULL),(3166,555,'Agree','',NULL,233,NULL),(3167,562,'','',NULL,233,NULL),(3168,563,'1 to 3 years ago','',NULL,233,NULL),(3169,657,'','',NULL,233,NULL),(3170,658,'','',NULL,233,NULL),(3171,666,'','',NULL,233,NULL),(3172,404,'','',NULL,234,NULL),(3173,406,'','',NULL,234,NULL),(3174,413,'','',NULL,234,NULL),(3175,657,'','',NULL,234,NULL),(3176,659,'','',NULL,234,NULL),(3177,661,'','',NULL,234,NULL),(3178,402,'','',NULL,235,NULL),(3179,406,'','',NULL,235,NULL),(3180,408,'','',NULL,235,NULL),(3181,420,'Maintaining the focus on the poor is a challenge today','',NULL,235,NULL),(3182,425,'Offering timely solutions to client needs will be a challenge in the next 5 years','',NULL,235,NULL),(3183,430,'','',NULL,235,NULL),(3184,439,'','',NULL,235,NULL),(3185,441,'','',NULL,235,NULL),(3186,445,'','',NULL,235,NULL),(3187,448,'','',NULL,235,NULL),(3188,450,'','',NULL,235,NULL),(3189,453,'','',NULL,235,NULL),(3190,462,'I am not aware of this knowledge type','',NULL,235,NULL),(3191,469,'I am not aware of this knowledge type','',NULL,235,NULL),(3192,477,'I am not aware of this knowledge type','',NULL,235,NULL),(3193,483,'Never. WB has a rich repository of information.','',NULL,235,NULL),(3194,486,'Rarely','',NULL,235,NULL),(3195,488,'','',NULL,235,NULL),(3196,491,'','',NULL,235,NULL),(3197,493,'','',NULL,235,NULL),(3198,524,'The knowledge product development process depends on the needs of the clients so we need to provide what the clients need in order to address the gap.','',NULL,235,NULL),(3199,536,'Agree','',NULL,235,NULL),(3200,537,'Agree','',NULL,235,NULL),(3201,538,'Agree','',NULL,235,NULL),(3202,539,'Agree','',NULL,235,NULL),(3203,552,'Agree','',NULL,235,NULL),(3204,559,'Strongly agree','',NULL,235,NULL),(3205,563,'Never','',NULL,235,NULL),(3206,658,'','',NULL,235,NULL),(3207,665,'','',NULL,235,NULL),(3208,668,'','',NULL,235,NULL),(3209,403,'','',NULL,236,NULL),(3210,404,'','',NULL,236,NULL),(3211,410,'','',NULL,236,NULL),(3212,453,'','',NULL,236,NULL),(3213,454,'Not available','',NULL,236,NULL),(3214,460,'I am not aware of this knowledge type','',NULL,236,NULL),(3215,462,'I am not aware of this knowledge type','',NULL,236,NULL),(3216,467,'I am not aware of this knowledge type','',NULL,236,NULL),(3217,476,'I am not aware of this knowledge type','',NULL,236,NULL),(3218,478,'I am not aware of this knowledge type','',NULL,236,NULL),(3219,487,'','',NULL,236,NULL),(3220,493,'','',NULL,236,NULL),(3221,494,'','',NULL,236,NULL),(3222,661,'','',NULL,236,NULL),(3223,664,'','',NULL,236,NULL),(3224,666,'','',NULL,236,NULL),(3225,406,'','',NULL,237,NULL),(3226,407,'','',NULL,237,NULL),(3227,408,'','',NULL,237,NULL),(3228,658,'','',NULL,237,NULL),(3229,665,'','',NULL,237,NULL),(3230,666,'','',NULL,237,NULL),(3231,402,'','',NULL,238,NULL),(3232,411,'','',NULL,238,NULL),(3233,413,'','',NULL,238,NULL),(3234,429,'','',NULL,238,NULL),(3235,431,'','',NULL,238,NULL),(3236,432,'','',NULL,238,NULL),(3237,436,'','',NULL,238,NULL),(3238,437,'','',NULL,238,NULL),(3239,441,'','',NULL,238,NULL),(3240,442,'','',NULL,238,NULL),(3241,445,'','',NULL,238,NULL),(3242,446,'','',NULL,238,NULL),(3243,447,'','',NULL,238,NULL),(3244,448,'','',NULL,238,NULL),(3245,452,'','',NULL,238,NULL),(3246,453,'','',NULL,238,NULL),(3247,456,'I am not aware of this knowledge type','',NULL,238,NULL),(3248,476,'I am not aware of this knowledge type','',NULL,238,NULL),(3249,481,'Rarely','',NULL,238,NULL),(3250,482,'Rarely','',NULL,238,NULL),(3251,483,'Rarely','',NULL,238,NULL),(3252,486,'Rarely','',NULL,238,NULL),(3253,487,'','',NULL,238,NULL),(3254,491,'','',NULL,238,NULL),(3255,495,'','',NULL,238,NULL),(3256,503,'Acknowledgement, reward and incentive are needed.  In my first few years I have produced many KP but with little acknowledgement or feedback on the quality of my KP from my managers, this has provided me little incentive to continue to produce KP or understanding on how I might improve them','',NULL,238,NULL),(3257,525,'It should not just be a peer review process on the actual KP that is being produced but we need a mentoring system to help staff improve the quality of the knowledge process and how to improve the overall quality of their products.  Resources to help staff better use evidence, statistics, even simple guides on the different ways to approach referencing e.g. Harvard or scientific would help speed up the KP process.','',NULL,238,NULL),(3258,543,'Agree','',NULL,238,NULL),(3259,548,'Agree','',NULL,238,NULL),(3260,549,'Agree','',NULL,238,NULL),(3261,550,'Agree','',NULL,238,NULL),(3262,555,'Agree','',NULL,238,NULL),(3263,559,'Agree','',NULL,238,NULL),(3264,560,'Agree','',NULL,238,NULL),(3265,561,'Agree','',NULL,238,NULL),(3266,563,'1 to 3 years ago','',NULL,238,NULL),(3267,663,'','',NULL,238,NULL),(3268,666,'','',NULL,238,NULL),(3269,668,'','',NULL,238,NULL),(3270,404,'','',NULL,239,NULL),(3271,406,'','',NULL,239,NULL),(3272,412,'','',NULL,239,NULL),(3273,428,'','',NULL,239,NULL),(3274,429,'','',NULL,239,NULL),(3275,431,'','',NULL,239,NULL),(3276,432,'','',NULL,239,NULL),(3277,434,'','',NULL,239,NULL),(3278,435,'','',NULL,239,NULL),(3279,436,'','',NULL,239,NULL),(3280,437,'','',NULL,239,NULL),(3281,439,'','',NULL,239,NULL),(3282,442,'','',NULL,239,NULL),(3283,443,'','',NULL,239,NULL),(3284,444,'','',NULL,239,NULL),(3285,445,'','',NULL,239,NULL),(3286,447,'','',NULL,239,NULL),(3287,449,'','',NULL,239,NULL),(3288,452,'','',NULL,239,NULL),(3289,453,'','',NULL,239,NULL),(3290,456,'Not available','',NULL,239,NULL),(3291,476,'I am not aware of this knowledge type','',NULL,239,NULL),(3292,483,'Rarely','',NULL,239,NULL),(3293,486,'Rarely','',NULL,239,NULL),(3294,487,'','',NULL,239,NULL),(3295,493,'','',NULL,239,NULL),(3296,495,'','',NULL,239,NULL),(3297,536,'Agree','',NULL,239,NULL),(3298,548,'Agree','',NULL,239,NULL),(3299,549,'Agree','',NULL,239,NULL),(3300,550,'Agree','',NULL,239,NULL),(3301,551,'Agree','',NULL,239,NULL),(3302,552,'Agree','',NULL,239,NULL),(3303,553,'Strongly agree','',NULL,239,NULL),(3304,554,'Agree','',NULL,239,NULL),(3305,555,'Strongly agree','',NULL,239,NULL),(3306,556,'Agree','',NULL,239,NULL),(3307,559,'Agree','',NULL,239,NULL),(3308,561,'Strongly agree','',NULL,239,NULL),(3309,562,'I didn’t know about people pages and I usually just ask my network of colleagues if I need something','',NULL,239,NULL),(3310,659,'','',NULL,239,NULL),(3311,661,'','',NULL,239,NULL),(3312,667,'','',NULL,239,NULL),(3313,407,'','',NULL,240,NULL),(3314,411,'','',NULL,240,NULL),(3315,412,'','',NULL,240,NULL),(3316,434,'','',NULL,240,NULL),(3317,435,'','',NULL,240,NULL),(3318,436,'','',NULL,240,NULL),(3319,437,'','',NULL,240,NULL),(3320,443,'','',NULL,240,NULL),(3321,444,'','',NULL,240,NULL),(3322,445,'','',NULL,240,NULL),(3323,446,'','',NULL,240,NULL),(3324,447,'','',NULL,240,NULL),(3325,448,'','',NULL,240,NULL),(3326,454,'Not available','',NULL,240,NULL),(3327,455,'Not available','',NULL,240,NULL),(3328,456,'Not available','',NULL,240,NULL),(3329,475,'I am not aware of this knowledge type','',NULL,240,NULL),(3330,476,'I am not aware of this knowledge type','',NULL,240,NULL),(3331,479,'Not available','',NULL,240,NULL),(3332,481,'Never','',NULL,240,NULL),(3333,486,'Rarely','',NULL,240,NULL),(3334,487,'','',NULL,240,NULL),(3335,490,'','',NULL,240,NULL),(3336,492,'','',NULL,240,NULL),(3337,547,'Agree','',NULL,240,NULL),(3338,548,'Agree','',NULL,240,NULL),(3339,549,'Agree','',NULL,240,NULL),(3340,555,'Strongly agree','',NULL,240,NULL),(3341,556,'Strongly agree','',NULL,240,NULL),(3342,557,'Agree','',NULL,240,NULL),(3343,560,'Agree','',NULL,240,NULL),(3344,563,'Never','',NULL,240,NULL),(3345,658,'','',NULL,240,NULL),(3346,662,'','',NULL,240,NULL),(3347,666,'','',NULL,240,NULL),(3348,405,'','',NULL,241,NULL),(3349,408,'','',NULL,241,NULL),(3350,412,'','',NULL,241,NULL),(3351,429,'','',NULL,241,NULL),(3352,431,'','',NULL,241,NULL),(3353,432,'','',NULL,241,NULL),(3354,433,'','',NULL,241,NULL),(3355,434,'','',NULL,241,NULL),(3356,436,'','',NULL,241,NULL),(3357,440,'','',NULL,241,NULL),(3358,441,'','',NULL,241,NULL),(3359,446,'','',NULL,241,NULL),(3360,448,'','',NULL,241,NULL),(3361,451,'','',NULL,241,NULL),(3362,456,'Not available','',NULL,241,NULL),(3363,473,'Not available','',NULL,241,NULL),(3364,478,'I am not aware of this knowledge type','',NULL,241,NULL),(3365,479,'I am not aware of this knowledge type','',NULL,241,NULL),(3366,482,'Rarely','',NULL,241,NULL),(3367,483,'Rarely','',NULL,241,NULL),(3368,486,'Rarely','',NULL,241,NULL),(3369,487,'','',NULL,241,NULL),(3370,489,'','',NULL,241,NULL),(3371,493,'','',NULL,241,NULL),(3372,539,'Agree','',NULL,241,NULL),(3373,547,'Agree','',NULL,241,NULL),(3374,551,'Agree','',NULL,241,NULL),(3375,558,'Agree','',NULL,241,NULL),(3376,559,'Agree','',NULL,241,NULL),(3377,561,'Agree','',NULL,241,NULL),(3378,563,'1 to 3 years ago','',NULL,241,NULL),(3379,659,'','',NULL,241,NULL),(3380,661,'','',NULL,241,NULL),(3381,665,'','',NULL,241,NULL),(3382,408,'','',NULL,242,NULL),(3383,409,'','',NULL,242,NULL),(3384,412,'','',NULL,242,NULL),(3385,429,'','',NULL,242,NULL),(3386,432,'','',NULL,242,NULL),(3387,440,'','',NULL,242,NULL),(3388,444,'','',NULL,242,NULL),(3389,447,'','',NULL,242,NULL),(3390,452,'','',NULL,242,NULL),(3391,453,'','',NULL,242,NULL),(3392,454,'I am not aware of this knowledge type','',NULL,242,NULL),(3393,456,'I am not aware of this knowledge type','',NULL,242,NULL),(3394,459,'I am not aware of this knowledge type','',NULL,242,NULL),(3395,460,'I am not aware of this knowledge type','',NULL,242,NULL),(3396,461,'I am not aware of this knowledge type','',NULL,242,NULL),(3397,462,'I am not aware of this knowledge type','',NULL,242,NULL),(3398,467,'I am not aware of this knowledge type','',NULL,242,NULL),(3399,469,'Not available','',NULL,242,NULL),(3400,472,'I am not aware of this knowledge type','',NULL,242,NULL),(3401,474,'I am not aware of this knowledge type','',NULL,242,NULL),(3402,476,'I am not aware of this knowledge type','',NULL,242,NULL),(3403,481,'Rarely','',NULL,242,NULL),(3404,483,'Rarely','',NULL,242,NULL),(3405,486,'Rarely','',NULL,242,NULL),(3406,487,'','',NULL,242,NULL),(3407,493,'','',NULL,242,NULL),(3408,494,'','',NULL,242,NULL),(3409,536,'Agree','',NULL,242,NULL),(3410,537,'Agree','',NULL,242,NULL),(3411,538,'Agree','',NULL,242,NULL),(3412,541,'Strongly agree','',NULL,242,NULL),(3413,542,'Agree','',NULL,242,NULL),(3414,543,'Agree','',NULL,242,NULL),(3415,548,'Agree','',NULL,242,NULL),(3416,549,'Agree','',NULL,242,NULL),(3417,550,'Agree','',NULL,242,NULL),(3418,553,'Agree','',NULL,242,NULL),(3419,554,'Agree','',NULL,242,NULL),(3420,555,'Agree','',NULL,242,NULL),(3421,558,'Strongly agree','',NULL,242,NULL),(3422,559,'Agree','',NULL,242,NULL),(3423,560,'Agree','',NULL,242,NULL),(3424,562,'Detailed expertise is not available. Too general.','',NULL,242,NULL),(3425,563,'1 to 3 years ago','',NULL,242,NULL),(3426,402,'','',NULL,243,NULL),(3427,404,'','',NULL,243,NULL),(3428,407,'','',NULL,243,NULL),(3429,663,'','',NULL,243,NULL),(3430,665,'','',NULL,243,NULL),(3431,666,'','',NULL,243,NULL),(3432,406,'','',NULL,244,NULL),(3433,407,'','',NULL,244,NULL),(3434,409,'','',NULL,244,NULL),(3435,429,'','',NULL,244,NULL),(3436,430,'','',NULL,244,NULL),(3437,432,'','',NULL,244,NULL),(3438,438,'','',NULL,244,NULL),(3439,440,'','',NULL,244,NULL),(3440,442,'','',NULL,244,NULL),(3441,443,'','',NULL,244,NULL),(3442,444,'','',NULL,244,NULL),(3443,445,'','',NULL,244,NULL),(3444,446,'','',NULL,244,NULL),(3445,447,'','',NULL,244,NULL),(3446,467,'Not available','',NULL,244,NULL),(3447,481,'Rarely','',NULL,244,NULL),(3448,483,'Never. too cumbersome to access, I don’t even try','',NULL,244,NULL),(3449,486,'Never. too cumbersome to access, I don’t even try','',NULL,244,NULL),(3450,487,'','',NULL,244,NULL),(3451,493,'','',NULL,244,NULL),(3452,495,'','',NULL,244,NULL),(3453,526,'The identification of knowledge gaps seems to be up to individual TTLs at the moment; a more concerted approach, like we are trying to establish within WSP on a thematic basis, would be very helpful so that we don’t all run off doing small-scale triple A work that overlaps or isn’t significant enough to be worth sharing across countries and regions.','',NULL,244,NULL),(3454,537,'Agree','',NULL,244,NULL),(3455,556,'Agree','',NULL,244,NULL),(3456,561,'Agree','',NULL,244,NULL),(3457,661,'','',NULL,244,NULL),(3458,664,'','',NULL,244,NULL),(3459,666,'','',NULL,244,NULL),(3460,404,'','',NULL,245,NULL),(3461,405,'','',NULL,245,NULL),(3462,411,'','',NULL,245,NULL),(3463,429,'','',NULL,245,NULL),(3464,434,'','',NULL,245,NULL),(3465,441,'','',NULL,245,NULL),(3466,442,'','',NULL,245,NULL),(3467,452,'','',NULL,245,NULL),(3468,453,'','',NULL,245,NULL),(3469,458,'I am not aware of this knowledge type','',NULL,245,NULL),(3470,469,'I am not aware of this knowledge type','',NULL,245,NULL),(3471,470,'I am not aware of this knowledge type','',NULL,245,NULL),(3472,471,'I am not aware of this knowledge type','',NULL,245,NULL),(3473,481,'Rarely','',NULL,245,NULL),(3474,482,'Rarely','',NULL,245,NULL),(3475,483,'Rarely','',NULL,245,NULL),(3476,486,'Rarely','',NULL,245,NULL),(3477,489,'','',NULL,245,NULL),(3478,491,'','',NULL,245,NULL),(3479,494,'','',NULL,245,NULL),(3480,659,'','',NULL,245,NULL),(3481,660,'','',NULL,245,NULL),(3482,666,'','',NULL,245,NULL),(3483,403,'','',NULL,246,NULL),(3484,405,'','',NULL,246,NULL),(3485,409,'','',NULL,246,NULL),(3486,430,'','',NULL,246,NULL),(3487,433,'','',NULL,246,NULL),(3488,434,'','',NULL,246,NULL),(3489,435,'','',NULL,246,NULL),(3490,436,'','',NULL,246,NULL),(3491,437,'','',NULL,246,NULL),(3492,438,'','',NULL,246,NULL),(3493,447,'','',NULL,246,NULL),(3494,453,'','',NULL,246,NULL),(3495,455,'Not available','',NULL,246,NULL),(3496,458,'Not available','',NULL,246,NULL),(3497,478,'Not available','',NULL,246,NULL),(3498,481,'Never','',NULL,246,NULL),(3499,483,'Rarely','',NULL,246,NULL),(3500,487,'','',NULL,246,NULL),(3501,493,'','',NULL,246,NULL),(3502,495,'','',NULL,246,NULL),(3503,547,'Agree','',NULL,246,NULL),(3504,548,'Agree','',NULL,246,NULL),(3505,549,'Agree','',NULL,246,NULL),(3506,550,'Agree','',NULL,246,NULL),(3507,552,'Agree','',NULL,246,NULL),(3508,553,'Agree','',NULL,246,NULL),(3509,554,'Agree','',NULL,246,NULL),(3510,555,'Agree','',NULL,246,NULL),(3511,556,'Agree','',NULL,246,NULL),(3512,557,'Agree','',NULL,246,NULL),(3513,558,'Agree','',NULL,246,NULL),(3514,560,'Agree','',NULL,246,NULL),(3515,563,'4 to 10 years ago','',NULL,246,NULL),(3516,656,'','',NULL,246,NULL),(3517,658,'','',NULL,246,NULL),(3518,666,'','',NULL,246,NULL),(3519,403,'','',NULL,247,NULL),(3520,405,'','',NULL,247,NULL),(3521,410,'','',NULL,247,NULL),(3522,428,'','',NULL,247,NULL),(3523,430,'','',NULL,247,NULL),(3524,431,'','',NULL,247,NULL),(3525,437,'','',NULL,247,NULL),(3526,438,'','',NULL,247,NULL),(3527,439,'','',NULL,247,NULL),(3528,442,'','',NULL,247,NULL),(3529,443,'','',NULL,247,NULL),(3530,447,'','',NULL,247,NULL),(3531,450,'','',NULL,247,NULL),(3532,451,'','',NULL,247,NULL),(3533,462,'Not available','',NULL,247,NULL),(3534,467,'I am not aware of this knowledge type','',NULL,247,NULL),(3535,472,'I am not aware of this knowledge type','',NULL,247,NULL),(3536,481,'Never. Difficult to search/information not organized','',NULL,247,NULL),(3537,482,'Rarely','',NULL,247,NULL),(3538,486,'Never. Difficult to search/information not organized','',NULL,247,NULL),(3539,487,'','',NULL,247,NULL),(3540,491,'','',NULL,247,NULL),(3541,495,'','',NULL,247,NULL),(3542,543,'Agree','',NULL,247,NULL),(3543,549,'Agree','',NULL,247,NULL),(3544,550,'Agree','',NULL,247,NULL),(3545,556,'Agree','',NULL,247,NULL),(3546,560,'Agree','',NULL,247,NULL),(3547,561,'Agree','',NULL,247,NULL),(3548,660,'','',NULL,247,NULL),(3549,665,'','',NULL,247,NULL),(3550,668,'','',NULL,247,NULL),(3551,404,'','',NULL,248,NULL),(3552,408,'','',NULL,248,NULL),(3553,409,'','',NULL,248,NULL),(3554,428,'','',NULL,248,NULL),(3555,429,'','',NULL,248,NULL),(3556,433,'','',NULL,248,NULL),(3557,438,'','',NULL,248,NULL),(3558,439,'','',NULL,248,NULL),(3559,440,'','',NULL,248,NULL),(3560,441,'','',NULL,248,NULL),(3561,444,'','',NULL,248,NULL),(3562,445,'','',NULL,248,NULL),(3563,446,'','',NULL,248,NULL),(3564,447,'','',NULL,248,NULL),(3565,448,'','',NULL,248,NULL),(3566,449,'','',NULL,248,NULL),(3567,456,'Not available','',NULL,248,NULL),(3568,457,'Not available','',NULL,248,NULL),(3569,458,'Not available','',NULL,248,NULL),(3570,460,'Not available','',NULL,248,NULL),(3571,461,'Not available','',NULL,248,NULL),(3572,462,'Not available','',NULL,248,NULL),(3573,463,'Not available','',NULL,248,NULL),(3574,468,'Not available','',NULL,248,NULL),(3575,469,'Not available','',NULL,248,NULL),(3576,476,'Not available','',NULL,248,NULL),(3577,478,'Not available','',NULL,248,NULL),(3578,479,'Not available','',NULL,248,NULL),(3579,483,'Rarely','',NULL,248,NULL),(3580,491,'','',NULL,248,NULL),(3581,494,'','',NULL,248,NULL),(3582,495,'','',NULL,248,NULL),(3583,529,'Agree','',NULL,248,NULL),(3584,549,'Agree','',NULL,248,NULL),(3585,559,'Agree','',NULL,248,NULL),(3586,563,'1 to 3 years ago','',NULL,248,NULL),(3587,662,'','',NULL,248,NULL),(3588,663,'','',NULL,248,NULL),(3589,664,'','',NULL,248,NULL),(3590,403,'','',NULL,249,NULL),(3591,410,'','',NULL,249,NULL),(3592,413,'','',NULL,249,NULL),(3593,426,'Shrinking Bank budgets will be THE biggest constraint to doing effective business with clients. will be a challenge in the next 5 years','',NULL,249,NULL),(3594,665,'','',NULL,249,NULL),(3595,406,'','',NULL,250,NULL),(3596,411,'','',NULL,250,NULL),(3597,412,'','',NULL,250,NULL),(3598,421,'Supporting clients with solutions that have proven impact (based on rigorous evaluations) is a challenge today','',NULL,250,NULL),(3599,423,'Delivering cost-effective products and interventions that meet complex problems in water and that assist clients to prioritize and integrate will be a challenge in the next 5 years','',NULL,250,NULL),(3600,661,'','',NULL,250,NULL),(3601,666,'','',NULL,250,NULL),(3602,667,'','',NULL,250,NULL),(3603,406,'','',NULL,252,NULL),(3604,661,'','',NULL,252,NULL),(3605,408,'','',NULL,253,NULL),(3606,409,'','',NULL,253,NULL),(3607,410,'','',NULL,253,NULL),(3608,431,'','',NULL,253,NULL),(3609,432,'','',NULL,253,NULL),(3610,437,'','',NULL,253,NULL),(3611,446,'','',NULL,253,NULL),(3612,447,'','',NULL,253,NULL),(3613,448,'','',NULL,253,NULL),(3614,449,'','',NULL,253,NULL),(3615,450,'','',NULL,253,NULL),(3616,486,'Rarely','',NULL,253,NULL),(3617,487,'','',NULL,253,NULL),(3618,488,'','',NULL,253,NULL),(3619,490,'','',NULL,253,NULL),(3620,555,'Agree','',NULL,253,NULL),(3621,556,'Agree','',NULL,253,NULL),(3622,657,'','',NULL,253,NULL),(3623,658,'','',NULL,253,NULL),(3624,664,'','',NULL,253,NULL),(3625,402,'','',NULL,254,NULL),(3626,404,'','',NULL,254,NULL),(3627,409,'','',NULL,254,NULL),(3628,428,'','',NULL,254,NULL),(3629,429,'','',NULL,254,NULL),(3630,430,'','',NULL,254,NULL),(3631,433,'','',NULL,254,NULL),(3632,438,'','',NULL,254,NULL),(3633,439,'','',NULL,254,NULL),(3634,440,'','',NULL,254,NULL),(3635,446,'','',NULL,254,NULL),(3636,448,'','',NULL,254,NULL),(3637,449,'','',NULL,254,NULL),(3638,457,'Not available','',NULL,254,NULL),(3639,458,'Not available','',NULL,254,NULL),(3640,462,'Not available','',NULL,254,NULL),(3641,463,'Not available','',NULL,254,NULL),(3642,467,'Not available','',NULL,254,NULL),(3643,476,'Not available','',NULL,254,NULL),(3644,481,'Rarely','',NULL,254,NULL),(3645,483,'Rarely','',NULL,254,NULL),(3646,484,'Rarely','',NULL,254,NULL),(3647,486,'Never. Have no clue on how files are put in order, and the list of documents do not describe systematically the contents of each.','',NULL,254,NULL),(3648,487,'','',NULL,254,NULL),(3649,488,'','',NULL,254,NULL),(3650,493,'','',NULL,254,NULL),(3651,527,'Classify each document with a systematic identification of its contents, thus one could search by content.','',NULL,254,NULL),(3652,548,'Agree','',NULL,254,NULL),(3653,549,'Agree','',NULL,254,NULL),(3654,555,'Strongly agree','',NULL,254,NULL),(3655,556,'Agree','',NULL,254,NULL),(3656,560,'Agree','',NULL,254,NULL),(3657,563,'1 to 3 years ago','',NULL,254,NULL),(3658,659,'','',NULL,254,NULL),(3659,664,'','',NULL,254,NULL),(3660,668,'','',NULL,254,NULL),(3661,403,'','',NULL,255,NULL),(3662,411,'','',NULL,255,NULL),(3663,413,'','',NULL,255,NULL),(3664,429,'','',NULL,255,NULL),(3665,430,'','',NULL,255,NULL),(3666,432,'','',NULL,255,NULL),(3667,433,'','',NULL,255,NULL),(3668,434,'','',NULL,255,NULL),(3669,435,'','',NULL,255,NULL),(3670,437,'','',NULL,255,NULL),(3671,439,'','',NULL,255,NULL),(3672,442,'','',NULL,255,NULL),(3673,443,'','',NULL,255,NULL),(3674,444,'','',NULL,255,NULL),(3675,447,'','',NULL,255,NULL),(3676,448,'','',NULL,255,NULL),(3677,454,'Not available','',NULL,255,NULL),(3678,457,'Not available','',NULL,255,NULL),(3679,462,'Not available','',NULL,255,NULL),(3680,464,'Not available','',NULL,255,NULL),(3681,467,'Not available','',NULL,255,NULL),(3682,476,'Not available','',NULL,255,NULL),(3683,478,'Not available','',NULL,255,NULL),(3684,479,'Not available','',NULL,255,NULL),(3685,481,'Never','',NULL,255,NULL),(3686,483,'Never','',NULL,255,NULL),(3687,486,'Rarely','',NULL,255,NULL),(3688,487,'','',NULL,255,NULL),(3689,488,'','',NULL,255,NULL),(3690,494,'','',NULL,255,NULL),(3691,536,'Agree','',NULL,255,NULL),(3692,537,'Agree','',NULL,255,NULL),(3693,541,'Agree','',NULL,255,NULL),(3694,558,'Agree','',NULL,255,NULL),(3695,559,'Agree','',NULL,255,NULL),(3696,560,'Agree','',NULL,255,NULL),(3697,562,'Not complete','',NULL,255,NULL),(3698,563,'1 to 3 years ago','',NULL,255,NULL),(3699,658,'','',NULL,255,NULL),(3700,665,'','',NULL,255,NULL),(3701,668,'','',NULL,255,NULL),(3702,402,'','',NULL,256,NULL),(3703,406,'','',NULL,256,NULL),(3704,430,'','',NULL,256,NULL),(3705,431,'','',NULL,256,NULL),(3706,437,'','',NULL,256,NULL),(3707,438,'','',NULL,256,NULL),(3708,439,'','',NULL,256,NULL),(3709,440,'','',NULL,256,NULL),(3710,441,'','',NULL,256,NULL),(3711,442,'','',NULL,256,NULL),(3712,443,'','',NULL,256,NULL),(3713,444,'','',NULL,256,NULL),(3714,445,'','',NULL,256,NULL),(3715,446,'','',NULL,256,NULL),(3716,447,'','',NULL,256,NULL),(3717,450,'','',NULL,256,NULL),(3718,458,'Not available','',NULL,256,NULL),(3719,462,'Not available','',NULL,256,NULL),(3720,478,'Not available','',NULL,256,NULL),(3721,479,'Not available','',NULL,256,NULL),(3722,487,'','',NULL,256,NULL),(3723,488,'','',NULL,256,NULL),(3724,495,'','',NULL,256,NULL),(3725,563,'1 to 3 years ago','',NULL,256,NULL),(3726,657,'','',NULL,256,NULL),(3727,663,'','',NULL,256,NULL),(3728,664,'','',NULL,256,NULL),(3729,405,'','',NULL,257,NULL),(3730,410,'','',NULL,257,NULL),(3731,411,'','',NULL,257,NULL),(3732,431,'','',NULL,257,NULL),(3733,432,'','',NULL,257,NULL),(3734,433,'','',NULL,257,NULL),(3735,436,'','',NULL,257,NULL),(3736,438,'','',NULL,257,NULL),(3737,439,'','',NULL,257,NULL),(3738,442,'','',NULL,257,NULL),(3739,443,'','',NULL,257,NULL),(3740,444,'','',NULL,257,NULL),(3741,446,'','',NULL,257,NULL),(3742,447,'','',NULL,257,NULL),(3743,450,'','',NULL,257,NULL),(3744,452,'','',NULL,257,NULL),(3745,453,'','',NULL,257,NULL),(3746,467,'Not available','',NULL,257,NULL),(3747,481,'Rarely','',NULL,257,NULL),(3748,483,'Rarely','',NULL,257,NULL),(3749,486,'Never','',NULL,257,NULL),(3750,489,'','',NULL,257,NULL),(3751,492,'','',NULL,257,NULL),(3752,493,'','',NULL,257,NULL),(3753,541,'Agree','',NULL,257,NULL),(3754,558,'Agree','',NULL,257,NULL),(3755,563,'4 to 10 years ago','',NULL,257,NULL),(3756,659,'','',NULL,257,NULL),(3757,662,'','',NULL,257,NULL),(3758,666,'','',NULL,257,NULL),(3759,403,'','',NULL,258,NULL),(3760,407,'','',NULL,258,NULL),(3761,413,'','',NULL,258,NULL),(3762,422,'Retaining operational staff with even basic experience in water utility planning and management is rare these days in the world bank is a challenge today','',NULL,258,NULL),(3763,657,'','',NULL,258,NULL),(3764,662,'','',NULL,258,NULL),(3765,665,'','',NULL,258,NULL);
/*!40000 ALTER TABLE `issue_comment` ENABLE KEYS */;
UNLOCK TABLES;

--
-- Table structure for table `issue_comment_flows`
--

DROP TABLE IF EXISTS `issue_comment_flows`;
/*!40101 SET @saved_cs_client     = @@character_set_client */;
/*!40101 SET character_set_client = utf8 */;
CREATE TABLE `issue_comment_flows` (
  `issues` bigint(20) NOT NULL,
  `flows` bigint(20) NOT NULL,
  PRIMARY KEY (`issues`,`flows`),
  KEY `FKFE9A7E3FAC8448C9` (`issues`),
  KEY `FKFE9A7E3F3F35EDFC` (`flows`),
  CONSTRAINT `FKFE9A7E3F3F35EDFC` FOREIGN KEY (`flows`) REFERENCES `flow` (`id`) ON DELETE CASCADE,
  CONSTRAINT `FKFE9A7E3FAC8448C9` FOREIGN KEY (`issues`) REFERENCES `issue_comment` (`id`) ON DELETE CASCADE
) ENGINE=InnoDB DEFAULT CHARSET=latin1;
/*!40101 SET character_set_client = @saved_cs_client */;

--
-- Dumping data for table `issue_comment_flows`
--

LOCK TABLES `issue_comment_flows` WRITE;
/*!40000 ALTER TABLE `issue_comment_flows` DISABLE KEYS */;
INSERT INTO `issue_comment_flows` VALUES (1,273),(1,274),(1,275),(1,277),(1,278),(1,279),(1,285),(1,286),(1,287),(2,292),(2,293),(2,295),(2,296),(3,225),(3,226),(4,1),(4,3),(4,4),(5,2),(6,188),(7,189),(8,33),(9,220),(9,260),(10,242),(10,243),(10,244),(11,213),(12,32),(12,87),(13,44),(13,45),(13,227),(13,228),(14,122),(14,123),(15,10),(16,18),(17,302),(18,301),(19,254),(19,261),(20,99),(21,284),(22,291),(23,300),(24,36),(25,252),(26,35),(27,276),(28,238),(28,239),(29,39),(29,40),(29,170),(29,171),(30,155),(31,236),(32,281),(33,184),(33,185),(33,186),(33,187),(33,195),(33,196),(33,205),(33,206),(34,148),(34,149),(34,150),(34,156),(34,157),(34,158),(34,193),(34,194),(34,195),(34,201),(34,203),(34,205),(35,76),(35,78),(35,79),(36,154),(37,70),(38,214),(39,198),(39,200),(40,197),(41,177),(42,176),(42,178),(43,108),(44,253),(45,320),(46,174),(47,167),(47,168),(48,168),(49,100),(49,126),(49,263),(49,265),(50,37),(50,38),(50,41),(50,42),(51,60),(51,61),(52,58),(52,61),(53,267),(53,268),(53,269),(54,100),(55,95),(55,96),(55,97),(55,114),(55,115),(55,117),(55,134),(55,135),(55,136),(55,140),(55,141),(55,142),(55,151),(55,152),(55,153),(55,159),(55,160),(55,161),(56,46),(56,48),(56,49),(56,50),(56,51),(56,53),(56,54),(56,55),(56,56),(56,57),(56,65),(56,66),(56,67),(56,68),(56,69),(57,59),(57,60),(57,61),(57,62),(58,183),(59,175),(59,178),(60,107),(61,63),(61,64),(62,100),(62,104),(63,23),(64,80),(64,257),(65,237),(66,309),(67,22),(67,23),(68,98),(68,101),(68,103),(69,9),(70,32),(70,34),(71,232),(71,233),(72,8),(73,240),(74,282),(74,283),(75,52),(76,112),(76,241),(77,15),(77,16),(77,21),(77,24),(77,105),(77,106),(77,118),(77,121),(78,247),(79,25),(80,130),(81,272),(82,26),(82,27),(83,5),(83,6),(83,7),(83,288),(83,289),(83,290),(84,106),(85,44),(85,45),(85,138),(85,139),(85,162),(85,163),(86,43),(86,44),(86,45),(87,299),(88,12),(88,13),(88,14),(89,234),(89,235),(89,245),(89,246),(90,215),(90,219),(91,255),(91,258),(92,256),(93,216),(93,217),(93,218),(94,90),(94,91),(95,46),(95,47),(95,48),(95,143),(95,144),(95,145),(95,164),(95,165),(95,166),(95,229),(95,230),(95,231),(96,98),(97,28),(97,29),(97,30),(97,31),(98,137),(99,297),(99,298),(100,259),(101,124),(101,125),(102,100),(102,104),(102,126),(102,127),(102,263),(102,264),(102,265),(102,266),(103,77),(103,81),(104,74),(104,82),(105,180),(105,182),(105,292),(105,294),(106,146),(106,147),(107,111),(108,181),(109,255),(110,307),(110,308),(111,88),(111,89),(112,71),(112,72),(112,73),(112,75),(112,248),(112,249),(112,250),(112,251),(113,254),(114,280),(115,270),(115,271),(116,202),(116,204),(117,259),(118,169),(119,319),(120,172),(120,173),(121,209),(121,210),(122,128),(122,129),(122,211),(122,212),(123,207),(123,208),(124,11),(125,262),(126,255),(126,261),(127,17),(127,18),(127,19),(127,20),(128,316),(128,317),(129,318),(130,131),(130,132),(130,133),(131,304),(131,305),(131,306),(132,92),(132,93),(132,94),(132,119),(132,120),(132,121),(133,179),(133,303),(134,109),(134,110),(135,83),(135,84),(135,85),(135,86),(135,221),(135,222),(135,223),(135,224),(136,100),(136,102),(136,104),(136,113),(136,115),(136,116),(136,190),(136,191),(136,192),(136,198),(136,199),(136,200),(137,310),(137,311),(137,312),(137,313),(137,314),(137,315),(352,172);
/*!40000 ALTER TABLE `issue_comment_flows` ENABLE KEYS */;
UNLOCK TABLES;

--
-- Table structure for table `issue_issue_category`
--

DROP TABLE IF EXISTS `issue_issue_category`;
/*!40101 SET @saved_cs_client     = @@character_set_client */;
/*!40101 SET character_set_client = utf8 */;
CREATE TABLE `issue_issue_category` (
  `issue_id` bigint(20) NOT NULL,
  `issue_category_id` bigint(20) NOT NULL,
  PRIMARY KEY (`issue_id`,`issue_category_id`),
  KEY `fk_issue_has_issue_category_issue_category1` (`issue_category_id`),
  KEY `fk_issue_has_issue_category_issue1` (`issue_id`),
  CONSTRAINT `fk_issue_has_issue_category_issue1` FOREIGN KEY (`issue_id`) REFERENCES `issue` (`id`) ON DELETE CASCADE ON UPDATE NO ACTION,
  CONSTRAINT `fk_issue_has_issue_category_issue_category1` FOREIGN KEY (`issue_category_id`) REFERENCES `issue_category` (`id`) ON DELETE CASCADE ON UPDATE NO ACTION
) ENGINE=InnoDB DEFAULT CHARSET=latin1;
/*!40101 SET character_set_client = @saved_cs_client */;

--
-- Dumping data for table `issue_issue_category`
--

LOCK TABLES `issue_issue_category` WRITE;
/*!40000 ALTER TABLE `issue_issue_category` DISABLE KEYS */;
INSERT INTO `issue_issue_category` VALUES (8,1),(13,1),(23,1),(30,1),(31,1),(32,1),(42,1),(49,1),(57,1),(61,1),(63,1),(68,1),(69,1),(71,1),(77,1),(91,1),(97,1),(102,1),(107,1),(110,1),(112,1),(113,1),(117,1),(4,2),(6,2),(26,2),(34,2),(39,2),(51,2),(53,2),(54,2),(55,2),(64,2),(72,2),(78,2),(79,2),(80,2),(82,2),(84,2),(85,2),(86,2),(89,2),(92,2),(93,2),(96,2),(98,2),(99,2),(104,2),(105,2),(111,2),(116,2),(122,2),(2,3),(3,3),(10,3),(12,3),(14,3),(17,3),(25,3),(29,3),(33,3),(38,3),(39,3),(41,3),(55,3),(56,3),(58,3),(59,3),(60,3),(61,3),(72,3),(73,3),(83,3),(92,3),(95,3),(96,3),(98,3),(99,3),(101,3),(111,3),(112,3),(114,3),(116,3),(118,3),(121,3),(123,3),(130,3),(131,3),(136,3),(6,4),(17,4),(23,4),(24,4),(25,4),(29,4),(45,4),(54,4),(91,4),(96,4),(97,4),(98,4),(101,4),(105,4),(106,4),(108,4),(109,4),(115,4),(121,4),(122,4),(123,4),(126,4),(130,4),(131,4),(134,4),(137,4),(26,5),(82,5),(86,5),(89,5),(92,5),(99,5),(104,5),(140,5),(27,6),(81,6),(88,6),(124,6),(125,6),(127,6),(140,6),(30,7),(113,7),(7,8),(16,8),(28,8),(34,8),(40,8),(42,8),(51,8),(63,8),(128,8),(132,8),(133,8),(134,8),(135,8),(5,9),(18,9),(62,9),(65,9),(66,9),(94,9),(103,9),(129,9),(1,10),(2,10),(6,10),(12,10),(15,10),(19,10),(20,10),(22,10),(35,10),(41,10),(46,10),(47,10),(74,10),(76,10),(120,10),(9,11),(11,11),(14,11),(31,11),(32,11),(43,11),(44,11),(48,11),(67,11),(70,11),(76,11),(79,11),(80,11),(84,11),(87,11),(90,11),(112,11),(137,11),(1,12),(12,12),(21,12),(24,12),(50,12),(52,12),(75,12),(106,12),(108,12),(109,12),(119,12),(141,13);
/*!40000 ALTER TABLE `issue_issue_category` ENABLE KEYS */;
UNLOCK TABLES;

--
-- Table structure for table `project`
--

DROP TABLE IF EXISTS `project`;
/*!40101 SET @saved_cs_client     = @@character_set_client */;
/*!40101 SET character_set_client = utf8 */;
CREATE TABLE `project` (
  `id` bigint(20) NOT NULL AUTO_INCREMENT,
  `name` varchar(30) NOT NULL,
  `description` text,
  `version` int(11) DEFAULT NULL,
  `tenant_id` int(11) NOT NULL DEFAULT '3',
  PRIMARY KEY (`id`),
  UNIQUE KEY `name` (`name`)
) ENGINE=InnoDB AUTO_INCREMENT=180 DEFAULT CHARSET=latin1;
/*!40101 SET character_set_client = @saved_cs_client */;

--
-- Dumping data for table `project`
--

LOCK TABLES `project` WRITE;
/*!40000 ALTER TABLE `project` DISABLE KEYS */;
INSERT INTO `project` VALUES (1,'Phase 1','As Is state of KM',NULL,2),(177,'Water Practice','',NULL,3),(178,'Mind Alliance Testing ','These are the Mind Alliance testing grounds.  Input any data. Try out new ideas.',NULL,1),(179,'Needs Assessment Survey','Data extracted from the SurveyMonkey results.',NULL,3);
/*!40000 ALTER TABLE `project` ENABLE KEYS */;
UNLOCK TABLES;

--
-- Table structure for table `resource`
--

DROP TABLE IF EXISTS `resource`;
/*!40101 SET @saved_cs_client     = @@character_set_client */;
/*!40101 SET character_set_client = utf8 */;
CREATE TABLE `resource` (
  `id` bigint(20) NOT NULL AUTO_INCREMENT,
  `name` varchar(127) NOT NULL,
  `description` text,
  `project` bigint(20) NOT NULL,
  `version` int(11) DEFAULT NULL,
  PRIMARY KEY (`id`),
  KEY `FKEBABC40E749CCDC9` (`project`),
  CONSTRAINT `FKEBABC40E749CCDC9` FOREIGN KEY (`project`) REFERENCES `project` (`id`) ON DELETE CASCADE
) ENGINE=InnoDB AUTO_INCREMENT=366 DEFAULT CHARSET=latin1;
/*!40101 SET character_set_client = @saved_cs_client */;

--
-- Dumping data for table `resource`
--

LOCK TABLES `resource` WRITE;
/*!40000 ALTER TABLE `resource` DISABLE KEYS */;
INSERT INTO `resource` VALUES (1,'Andrea Ace',NULL,1,NULL),(2,'Ashvin Dayal',NULL,1,NULL),(3,'Benjamin de la Peña',NULL,1,NULL),(4,'Brinda Ganguly',NULL,1,NULL),(5,'Carolyn Wendrowski',NULL,1,NULL),(6,'Charlanne Burke',NULL,1,NULL),(7,'Christopher Grygo',NULL,1,NULL),(8,'Claudia Juech',NULL,1,NULL),(9,'Edwin Torres',NULL,1,NULL),(10,'Ellen Taus',NULL,1,NULL),(11,'Evan Michelson',NULL,1,NULL),(12,'Gary Toenniessen',NULL,1,NULL),(13,'Heather Grady',NULL,1,NULL),(14,'Irena DiMario',NULL,1,NULL),(15,'Jeanette Vega',NULL,1,NULL),(16,'John Irons',NULL,1,NULL),(17,'Dr. Judith Rodin',NULL,1,NULL),(18,'Karl Brown',NULL,1,NULL),(19,'Keisha Senter',NULL,1,NULL),(20,'Laura Gordon',NULL,1,NULL),(22,'Margot Brandenburg ',NULL,1,NULL),(23,'Michael Myers',NULL,1,NULL),(24,'Nancy Kete',NULL,1,NULL),(25,'Nancy MacPherson',NULL,1,NULL),(26,'Neill McG. Coleman',NULL,1,NULL),(27,'Nicholas Turner',NULL,1,NULL),(28,'Pamela Foster',NULL,1,NULL),(29,'Paul Szeto',NULL,1,NULL),(30,'Peter Madonia',NULL,1,NULL),(31,'Robert Bykofsky',NULL,1,NULL),(32,'Robert Garris',NULL,1,NULL),(33,'Samantha Gilbert',NULL,1,NULL),(34,'Sarah Troup',NULL,1,NULL),(35,'Scott Ceniza-Levine',NULL,1,NULL),(36,'Shari Patrick',NULL,1,NULL),(37,'Zia Khan',NULL,1,NULL),(39,'KMPO',NULL,1,NULL),(108,'Janice',NULL,177,NULL),(109,'Mike Kelly',NULL,178,NULL),(110,'Resource 001',NULL,179,NULL),(111,'Resource 002',NULL,179,NULL),(112,'Resource 003',NULL,179,NULL),(113,'Resource 004',NULL,179,NULL),(114,'Resource 005',NULL,179,NULL),(115,'Resource 006',NULL,179,NULL),(116,'Resource 007',NULL,179,NULL),(117,'Resource 008',NULL,179,NULL),(118,'Resource 009',NULL,179,NULL),(119,'Resource 010',NULL,179,NULL),(120,'Resource 011',NULL,179,NULL),(121,'Resource 012',NULL,179,NULL),(122,'Resource 013',NULL,179,NULL),(123,'Resource 014',NULL,179,NULL),(124,'Resource 015',NULL,179,NULL),(125,'Resource 016',NULL,179,NULL),(126,'Resource 017',NULL,179,NULL),(127,'Resource 018',NULL,179,NULL),(128,'Resource 019',NULL,179,NULL),(129,'Resource 020',NULL,179,NULL),(130,'Resource 021',NULL,179,NULL),(131,'Resource 022',NULL,179,NULL),(132,'Resource 023',NULL,179,NULL),(133,'Resource 024',NULL,179,NULL),(134,'Resource 025',NULL,179,NULL),(135,'Resource 026',NULL,179,NULL),(136,'Resource 027',NULL,179,NULL),(137,'Resource 028',NULL,179,NULL),(138,'Resource 029',NULL,179,NULL),(139,'Resource 030',NULL,179,NULL),(140,'Resource 031',NULL,179,NULL),(141,'Resource 032',NULL,179,NULL),(142,'Resource 033',NULL,179,NULL),(143,'Resource 034',NULL,179,NULL),(144,'Resource 035',NULL,179,NULL),(145,'Resource 036',NULL,179,NULL),(146,'Resource 037',NULL,179,NULL),(147,'Resource 038',NULL,179,NULL),(148,'Resource 039',NULL,179,NULL),(149,'Resource 040',NULL,179,NULL),(150,'Resource 041',NULL,179,NULL),(151,'Resource 042',NULL,179,NULL),(152,'Resource 043',NULL,179,NULL),(153,'Resource 044',NULL,179,NULL),(154,'Resource 045',NULL,179,NULL),(155,'Resource 046',NULL,179,NULL),(156,'Resource 047',NULL,179,NULL),(157,'Resource 048',NULL,179,NULL),(158,'Resource 049',NULL,179,NULL),(159,'Resource 050',NULL,179,NULL),(160,'Resource 051',NULL,179,NULL),(161,'Resource 052',NULL,179,NULL),(162,'Resource 053',NULL,179,NULL),(163,'Resource 054',NULL,179,NULL),(164,'Resource 055',NULL,179,NULL),(165,'Resource 056',NULL,179,NULL),(166,'Resource 057',NULL,179,NULL),(167,'Resource 058',NULL,179,NULL),(168,'Resource 059',NULL,179,NULL),(169,'Resource 060',NULL,179,NULL),(170,'Resource 061',NULL,179,NULL),(171,'Resource 062',NULL,179,NULL),(172,'Resource 063',NULL,179,NULL),(173,'Resource 064',NULL,179,NULL),(174,'Resource 065',NULL,179,NULL),(175,'Resource 066',NULL,179,NULL),(176,'Resource 067',NULL,179,NULL),(177,'Resource 068',NULL,179,NULL),(178,'Resource 069',NULL,179,NULL),(179,'Resource 070',NULL,179,NULL),(180,'Resource 071',NULL,179,NULL),(181,'Resource 072',NULL,179,NULL),(182,'Resource 073',NULL,179,NULL),(183,'Resource 074',NULL,179,NULL),(184,'Resource 075',NULL,179,NULL),(185,'Resource 076',NULL,179,NULL),(186,'Resource 077',NULL,179,NULL),(187,'Resource 078',NULL,179,NULL),(188,'Resource 079',NULL,179,NULL),(189,'Resource 080',NULL,179,NULL),(190,'Resource 081',NULL,179,NULL),(191,'Resource 082',NULL,179,NULL),(192,'Resource 083',NULL,179,NULL),(193,'Resource 084',NULL,179,NULL),(194,'Resource 085',NULL,179,NULL),(195,'Resource 086',NULL,179,NULL),(196,'Resource 087',NULL,179,NULL),(197,'Resource 088',NULL,179,NULL),(198,'Resource 089',NULL,179,NULL),(199,'Resource 090',NULL,179,NULL),(200,'Resource 091',NULL,179,NULL),(201,'Resource 092',NULL,179,NULL),(202,'Resource 093',NULL,179,NULL),(203,'Resource 094',NULL,179,NULL),(204,'Resource 095',NULL,179,NULL),(205,'Resource 096',NULL,179,NULL),(206,'Resource 097',NULL,179,NULL),(207,'Resource 098',NULL,179,NULL),(208,'Resource 099',NULL,179,NULL),(209,'Resource 100',NULL,179,NULL),(210,'Resource 101',NULL,179,NULL),(211,'Resource 102',NULL,179,NULL),(212,'Resource 103',NULL,179,NULL),(213,'Resource 104',NULL,179,NULL),(214,'Resource 105',NULL,179,NULL),(215,'Resource 106',NULL,179,NULL),(216,'Resource 107',NULL,179,NULL),(217,'Resource 108',NULL,179,NULL),(218,'Resource 109',NULL,179,NULL),(219,'Resource 110',NULL,179,NULL),(220,'Resource 111',NULL,179,NULL),(221,'Resource 112',NULL,179,NULL),(222,'Resource 113',NULL,179,NULL),(223,'Resource 114',NULL,179,NULL),(224,'Resource 115',NULL,179,NULL),(225,'Resource 116',NULL,179,NULL),(226,'Resource 117',NULL,179,NULL),(227,'Resource 118',NULL,179,NULL),(228,'Resource 119',NULL,179,NULL),(229,'Resource 120',NULL,179,NULL),(230,'Resource 121',NULL,179,NULL),(231,'Resource 122',NULL,179,NULL),(232,'Resource 123',NULL,179,NULL),(233,'Resource 124',NULL,179,NULL),(234,'Resource 125',NULL,179,NULL),(235,'Resource 126',NULL,179,NULL),(236,'Resource 127',NULL,179,NULL),(237,'Resource 128',NULL,179,NULL),(238,'Resource 129',NULL,179,NULL),(239,'Resource 130',NULL,179,NULL),(365,'Questionnaire',NULL,179,NULL);
/*!40000 ALTER TABLE `resource` ENABLE KEYS */;
UNLOCK TABLES;

--
-- Table structure for table `resource_attribute`
--

DROP TABLE IF EXISTS `resource_attribute`;
/*!40101 SET @saved_cs_client     = @@character_set_client */;
/*!40101 SET character_set_client = utf8 */;
CREATE TABLE `resource_attribute` (
  `id` int(11) NOT NULL AUTO_INCREMENT,
  `name` varchar(127) NOT NULL,
  `val` varchar(255) NOT NULL,
  `resource` bigint(20) NOT NULL,
  `version` int(11) DEFAULT NULL,
  PRIMARY KEY (`id`),
  KEY `FK77512FAB6D624365` (`resource`),
  CONSTRAINT `FK77512FAB6D624365` FOREIGN KEY (`resource`) REFERENCES `resource` (`id`) ON DELETE CASCADE
) ENGINE=InnoDB AUTO_INCREMENT=1228 DEFAULT CHARSET=latin1;
/*!40101 SET character_set_client = @saved_cs_client */;

--
-- Dumping data for table `resource_attribute`
--

LOCK TABLES `resource_attribute` WRITE;
/*!40000 ALTER TABLE `resource_attribute` DISABLE KEYS */;
INSERT INTO `resource_attribute` VALUES (72,'Title','Project Manager',1,NULL),(73,'Title','Managing Director',2,NULL),(74,'Title','Associate Director',3,NULL),(75,'Title','Associate Director',4,NULL),(76,'Title','Associate Director',5,NULL),(77,'Title','Senior Associate',6,NULL),(78,'Title','Learning & Development Officer',7,NULL),(79,'Title','Managing Director',8,NULL),(80,'Title','Associate Director',9,NULL),(81,'Title','Treasurer & Chief Financial Officer',10,NULL),(82,'Title','Associate Director',11,NULL),(83,'Title','Managing Director',12,NULL),(84,'Title','VP',13,NULL),(85,'Title','Manager of Financial Accounting',14,NULL),(86,'Title','Managing Director',15,NULL),(87,'Title','Managing Director',16,NULL),(88,'Title','President',17,NULL),(89,'Title','Associate Director',18,NULL),(90,'Title','Associate Director, Briefing/Advance',19,NULL),(91,'Title','Associate Director',20,NULL),(93,'Title','Associate Director',22,NULL),(94,'Title','Senior Policy Officer & Director of Centennial Programming',23,NULL),(95,'Title','Managing Director',24,NULL),(96,'Title','Managing Director',25,NULL),(97,'Title','VP, Global Communications',26,NULL),(98,'Title','Managing Director',27,NULL),(99,'Title','Managing Director, Grants Management & Associate General Counsel',28,NULL),(101,'Title','COO',30,NULL),(102,'Title','Manager, Records & Information Management',31,NULL),(103,'Title','Managing Director, Bellagio in New York',32,NULL),(104,'Title','Chief Human Resources Officer',33,NULL),(105,'Title','Strategy Associate',34,NULL),(106,'Title','CTO',35,NULL),(107,'Title','General Counsel and Corporate Secretary',36,NULL),(108,'Title','VP, Strategy and Evaluation',37,NULL),(109,'Department','Office of Grants Management',1,NULL),(110,'Department','Asia Regional Office',2,NULL),(111,'Department','Foundation Initiatives',3,NULL),(112,'Department','Foundation Initiatives',4,NULL),(113,'Department','Information Technology',5,NULL),(114,'Department','Foundation Initiatives',6,NULL),(115,'Department','Human Resources',7,NULL),(116,'Department','Research',8,NULL),(117,'Department','Foundation Initiatives',9,NULL),(118,'Department','Office of Financial Resources',10,NULL),(119,'Department','Research',11,NULL),(120,'Department','Foundation Initiatives',12,NULL),(121,'Department','Foundation Initiatives',13,NULL),(122,'Department','Office of Financial Resources',14,NULL),(123,'Department','Foundation Initiatives',15,NULL),(124,'Department','Foundation Initiatives',16,NULL),(125,'Department','President\'s Office',17,NULL),(126,'Department','Foundation Initiatives',18,NULL),(127,'Department','President\'s Office',19,NULL),(128,'Department','Communications',20,NULL),(130,'Department','Foundation Initiatives',22,NULL),(131,'Department','Centennial Program',23,NULL),(132,'Department','Foundation Initiatives',24,NULL),(133,'Department','Evaluation',25,NULL),(134,'Department','Communications',26,NULL),(135,'Department','Foundation Initiatives',27,NULL),(136,'Department','Office of Grants Management',28,NULL),(138,'Department','Operations',30,NULL),(139,'Department','Communications',31,NULL),(140,'Department','Bellagio Center',32,NULL),(141,'Department','Human Resources',33,NULL),(142,'Department','Operations',34,NULL),(143,'Department','Information Technology',35,NULL),(144,'Department','Office of General Counsel',36,NULL),(145,'Department','Strategy',37,NULL),(200,'Department','',108,NULL),(201,'Title','Consultant',109,NULL),(202,'Phone','3035478472',109,NULL),(203,'Email','mike@mind-alliance.com',109,NULL),(204,'Grade level / contractual status','GF',110,NULL),(205,'Location','Country Office in Sub-Saharan Africa',110,NULL),(206,'Mapped years','4 to 10 years',110,NULL),(207,'Primary focus area','communications',110,NULL),(208,'VPU','Africa',110,NULL),(209,'Grade level / contractual status','GA-GD',111,NULL),(210,'Location','Country Office in Sub-Saharan Africa',111,NULL),(211,'Mapped years','More than 15 years',111,NULL),(212,'Primary focus area','Water Supply and Sanitation',111,NULL),(213,'VPU','Africa',111,NULL),(214,'Grade level / contractual status','GA-GD',112,NULL),(215,'Location','Country Office in Sub-Saharan Africa',112,NULL),(216,'Mapped years','4 to 10 years',112,NULL),(217,'Primary focus area','Water Supply and Sanitation',112,NULL),(218,'VPU','Africa',112,NULL),(219,'Grade level / contractual status','GA-GD',113,NULL),(220,'Location','Country Office in Sub-Saharan Africa',113,NULL),(221,'Mapped years','4 to 10 years',113,NULL),(222,'Primary focus area','Water Supply and Sanitation',113,NULL),(223,'VPU','Africa',113,NULL),(224,'Grade level / contractual status','STT/ ETT',114,NULL),(225,'Location','Country Office in Sub-Saharan Africa',114,NULL),(226,'Mapped years','1 to 3 years',114,NULL),(227,'Primary focus area','Water Supply and Sanitation',114,NULL),(228,'VPU','Africa',114,NULL),(229,'Grade level / contractual status','GE',115,NULL),(230,'Location','Country Office in Sub-Saharan Africa',115,NULL),(231,'Mapped years','4 to 10 years',115,NULL),(232,'Primary focus area','Water Supply and Sanitation',115,NULL),(233,'VPU','Africa',115,NULL),(234,'Grade level / contractual status','GG',116,NULL),(235,'Location','Country Office in Sub-Saharan Africa',116,NULL),(236,'Mapped years','4 to 10 years',116,NULL),(237,'Primary focus area','Water Supply and Sanitation',116,NULL),(238,'VPU','Sustainable Development Network Anchor (Water Anchor, WSP and WPP)',116,NULL),(239,'Grade level / contractual status','GF',117,NULL),(240,'Location','Country Office in Sub-Saharan Africa',117,NULL),(241,'Mapped years','4 to 10 years',117,NULL),(242,'Primary focus area','Water Supply and Sanitation',117,NULL),(243,'VPU','Africa',117,NULL),(244,'Grade level / contractual status','GE',118,NULL),(245,'Location','Country Office in Sub-Saharan Africa',118,NULL),(246,'Mapped years','1 to 3 years',118,NULL),(247,'Primary focus area','Water Supply and Sanitation',118,NULL),(248,'VPU','Africa',118,NULL),(249,'Grade level / contractual status','GF',119,NULL),(250,'Location','Country Office in South Asia',119,NULL),(251,'Mapped years','4 to 10 years',119,NULL),(252,'Primary focus area','Water Supply and Sanitation',119,NULL),(253,'VPU','South Asia',119,NULL),(254,'Grade level / contractual status','GF',120,NULL),(255,'Location','Country Office in East Asia and Pacific',120,NULL),(256,'Mapped years','1 to 3 years',120,NULL),(257,'Primary focus area','Water Supply and Sanitation',120,NULL),(258,'VPU','East Asia and Pacific',120,NULL),(259,'Grade level / contractual status','GF',121,NULL),(260,'Location','Country Office in East Asia and Pacific',121,NULL),(261,'Mapped years','4 to 10 years',121,NULL),(262,'Primary focus area','Water Supply and Sanitation',121,NULL),(263,'VPU','East Asia and Pacific',121,NULL),(264,'Grade level / contractual status','GG',122,NULL),(265,'Location','Country Office in Sub-Saharan Africa',122,NULL),(266,'Mapped years','1 to 3 years',122,NULL),(267,'Primary focus area','Water Supply and Sanitation',122,NULL),(268,'VPU','Africa',122,NULL),(269,'Grade level / contractual status','GG',123,NULL),(270,'Location','Country Office in Europe and Central Asia',123,NULL),(271,'Mapped years','4 to 10 years',123,NULL),(272,'Primary focus area','Water Supply and Sanitation',123,NULL),(273,'VPU','Europe and Central Asia',123,NULL),(274,'Grade level / contractual status','GG',124,NULL),(275,'Location','Country Office in East Asia and Pacific',124,NULL),(276,'Mapped years','4 to 10 years',124,NULL),(277,'Primary focus area','Water Supply and Sanitation',124,NULL),(278,'VPU','Sustainable Development Network Anchor (Water Anchor, WSP and WPP)',124,NULL),(279,'Grade level / contractual status','GG',125,NULL),(280,'Location','Headquarters (HQ)',125,NULL),(281,'Mapped years','1 to 3 years',125,NULL),(282,'Primary focus area','Water Supply and Sanitation',125,NULL),(283,'VPU','Sustainable Development Network Anchor (Water Anchor, WSP and WPP)',125,NULL),(284,'Grade level / contractual status','GF',126,NULL),(285,'Location','Country Office in Sub-Saharan Africa',126,NULL),(286,'Mapped years','1 to 3 years',126,NULL),(287,'Primary focus area','Water Supply and Sanitation',126,NULL),(288,'VPU','Africa',126,NULL),(289,'Grade level / contractual status','STC',127,NULL),(290,'Location','Country Office in Sub-Saharan Africa',127,NULL),(291,'Mapped years','1 to 3 years',127,NULL),(292,'Primary focus area','Water Supply and Sanitation',127,NULL),(293,'VPU','Africa',127,NULL),(294,'Grade level / contractual status','GG',128,NULL),(295,'Location','Country Office in South Asia',128,NULL),(296,'Mapped years','11 to 15 years',128,NULL),(297,'Primary focus area','Water Resources Management',128,NULL),(298,'VPU','South Asia',128,NULL),(299,'Grade level / contractual status','GE',129,NULL),(300,'Location','Country Office in Sub-Saharan Africa',129,NULL),(301,'Mapped years','4 to 10 years',129,NULL),(302,'Primary focus area','Water Supply and Sanitation',129,NULL),(303,'VPU','Africa',129,NULL),(304,'Grade level / contractual status','GG',130,NULL),(305,'Location','Country Office in Sub-Saharan Africa',130,NULL),(306,'Mapped years','1 to 3 years',130,NULL),(307,'Primary focus area','Water Supply and Sanitation',130,NULL),(308,'VPU','Sustainable Development Network Anchor (Water Anchor, WSP and WPP)',130,NULL),(309,'Grade level / contractual status','STC',131,NULL),(310,'Location','Headquarters (HQ)',131,NULL),(311,'Mapped years','1 to 3 years',131,NULL),(312,'Primary focus area','None',131,NULL),(313,'VPU','Sustainable Development Network Anchor (Water Anchor, WSP and WPP)',131,NULL),(314,'Grade level / contractual status','GG',132,NULL),(315,'Location','Headquarters (HQ)',132,NULL),(316,'Mapped years','4 to 10 years',132,NULL),(317,'Primary focus area','Agricultural Water Management',132,NULL),(318,'VPU','Europe and Central Asia',132,NULL),(319,'Grade level / contractual status','GA-GD',133,NULL),(320,'Location','Country Office in Latin Americas and the Caribbean',133,NULL),(321,'Mapped years','More than 15 years',133,NULL),(322,'Primary focus area','RM',133,NULL),(323,'VPU','Sustainable Development Network Anchor (Water Anchor, WSP and WPP)',133,NULL),(324,'Grade level / contractual status','STC',134,NULL),(325,'Location','Country Office in South Asia',134,NULL),(326,'Mapped years','Less than 1 year',134,NULL),(327,'VPU','Sustainable Development Network Anchor (Water Anchor, WSP and WPP)',134,NULL),(328,'Grade level / contractual status','GF',135,NULL),(329,'Location','Country Office in Sub-Saharan Africa',135,NULL),(330,'Mapped years','4 to 10 years',135,NULL),(331,'Primary focus area','Water Supply and Sanitation',135,NULL),(332,'VPU','Africa',135,NULL),(333,'Grade level / contractual status','GG',136,NULL),(334,'Location','Country Office in East Asia and Pacific',136,NULL),(335,'Mapped years','4 to 10 years',136,NULL),(336,'Primary focus area','Water Supply and Sanitation',136,NULL),(337,'VPU','Sustainable Development Network Anchor (Water Anchor, WSP and WPP)',136,NULL),(338,'Grade level / contractual status','GH+',137,NULL),(339,'Location','Headquarters (HQ)',137,NULL),(340,'Mapped years','4 to 10 years',137,NULL),(341,'Primary focus area','INF',137,NULL),(342,'VPU','South Asia',137,NULL),(343,'Grade level / contractual status','ETC',138,NULL),(344,'Location','Headquarters (HQ)',138,NULL),(345,'Mapped years','4 to 10 years',138,NULL),(346,'Primary focus area','Water Resources Management',138,NULL),(347,'VPU','South Asia',138,NULL),(348,'Grade level / contractual status','GG',139,NULL),(349,'Location','Country Office in Sub-Saharan Africa',139,NULL),(350,'Mapped years','4 to 10 years',139,NULL),(351,'Primary focus area','Water Supply and Sanitation',139,NULL),(352,'VPU','Africa',139,NULL),(353,'Grade level / contractual status','GF',140,NULL),(354,'Location','Country Office in Latin Americas and the Caribbean',140,NULL),(355,'Mapped years','11 to 15 years',140,NULL),(356,'Primary focus area','Water Resources Management',140,NULL),(357,'VPU','Latin Americas and the Caribbean',140,NULL),(358,'Grade level / contractual status','GF',141,NULL),(359,'Location','Country Office in Sub-Saharan Africa',141,NULL),(360,'Mapped years','4 to 10 years',141,NULL),(361,'Primary focus area','Water Supply and Sanitation',141,NULL),(362,'VPU','Sustainable Development Network Anchor (Water Anchor, WSP and WPP)',141,NULL),(363,'Grade level / contractual status','GF',142,NULL),(364,'Location','Headquarters (HQ)',142,NULL),(365,'Mapped years','4 to 10 years',142,NULL),(366,'Primary focus area','Water Supply and Sanitation',142,NULL),(367,'VPU','Sustainable Development Network Anchor (Water Anchor, WSP and WPP)',142,NULL),(368,'Grade level / contractual status','GH+',143,NULL),(369,'Location','Country Office in Sub-Saharan Africa',143,NULL),(370,'Mapped years','11 to 15 years',143,NULL),(371,'Primary focus area','Water Supply and Sanitation',143,NULL),(372,'VPU','Africa',143,NULL),(373,'Grade level / contractual status','GH+',144,NULL),(374,'Location','Headquarters (HQ)',144,NULL),(375,'Mapped years','11 to 15 years',144,NULL),(376,'Primary focus area','Urban Development and Disaster Risk Management',144,NULL),(377,'VPU','Sustainable Development Network Anchor (Water Anchor, WSP and WPP)',144,NULL),(378,'Grade level / contractual status','GF',145,NULL),(379,'Location','Country Office in East Asia and Pacific',145,NULL),(380,'Mapped years','4 to 10 years',145,NULL),(381,'Primary focus area','Water Supply and Sanitation',145,NULL),(382,'VPU','Sustainable Development Network Anchor (Water Anchor, WSP and WPP)',145,NULL),(383,'Grade level / contractual status','GF',146,NULL),(384,'Location','Country Office in South Asia',146,NULL),(385,'Mapped years','4 to 10 years',146,NULL),(386,'Primary focus area','Water Supply and Sanitation',146,NULL),(387,'VPU','Sustainable Development Network Anchor (Water Anchor, WSP and WPP)',146,NULL),(388,'Grade level / contractual status','GE',147,NULL),(389,'Location','Country Office in Sub-Saharan Africa',147,NULL),(390,'Mapped years','4 to 10 years',147,NULL),(391,'Primary focus area','Water Supply and Sanitation',147,NULL),(392,'VPU','Sustainable Development Network Anchor (Water Anchor, WSP and WPP)',147,NULL),(393,'Grade level / contractual status','STC',148,NULL),(394,'Location','Headquarters (HQ)',148,NULL),(395,'Mapped years','Less than 1 year',148,NULL),(396,'Primary focus area','Water Supply and Sanitation',148,NULL),(397,'VPU','Sustainable Development Network Anchor (Water Anchor, WSP and WPP)',148,NULL),(398,'Grade level / contractual status','GF',149,NULL),(399,'Location','Country Office in East Asia and Pacific',149,NULL),(400,'Mapped years','4 to 10 years',149,NULL),(401,'Primary focus area','Water Supply and Sanitation',149,NULL),(402,'VPU','East Asia and Pacific',149,NULL),(403,'Grade level / contractual status','GH+',150,NULL),(404,'Location','Headquarters (HQ)',150,NULL),(405,'Mapped years','More than 15 years',150,NULL),(406,'Primary focus area','all',150,NULL),(407,'VPU','Sustainable Development Network Anchor (Water Anchor, WSP and WPP)',150,NULL),(408,'Grade level / contractual status','GF',151,NULL),(409,'Location','Headquarters (HQ)',151,NULL),(410,'Mapped years','Less than 1 year',151,NULL),(411,'Primary focus area','Water Supply and Sanitation',151,NULL),(412,'VPU','Sustainable Development Network Anchor (Water Anchor, WSP and WPP)',151,NULL),(413,'Grade level / contractual status','STC',152,NULL),(414,'Location','Headquarters (HQ)',152,NULL),(415,'Mapped years','Less than 1 year',152,NULL),(416,'Primary focus area','Impact Evaluation',152,NULL),(417,'VPU','Sustainable Development Network Anchor (Water Anchor, WSP and WPP)',152,NULL),(418,'Grade level / contractual status','GG',153,NULL),(419,'Location','Headquarters (HQ)',153,NULL),(420,'Mapped years','4 to 10 years',153,NULL),(421,'Primary focus area','Water Supply and Sanitation',153,NULL),(422,'VPU','Sustainable Development Network Anchor (Water Anchor, WSP and WPP)',153,NULL),(423,'Grade level / contractual status','GH+',154,NULL),(424,'Location','Headquarters (HQ)',154,NULL),(425,'Mapped years','Less than 1 year',154,NULL),(426,'Primary focus area','Agricultural Water Management',154,NULL),(427,'VPU','Sustainable Development Network Anchor (Water Anchor, WSP and WPP)',154,NULL),(428,'Grade level / contractual status','GG',155,NULL),(429,'Location','Country Office in East Asia and Pacific',155,NULL),(430,'Mapped years','1 to 3 years',155,NULL),(431,'Primary focus area','Water Supply and Sanitation',155,NULL),(432,'VPU','Sustainable Development Network Anchor (Water Anchor, WSP and WPP)',155,NULL),(433,'Grade level / contractual status','GF',156,NULL),(434,'Location','Country Office in East Asia and Pacific',156,NULL),(435,'Mapped years','4 to 10 years',156,NULL),(436,'Primary focus area','Water Supply and Sanitation',156,NULL),(437,'VPU','Sustainable Development Network Anchor (Water Anchor, WSP and WPP)',156,NULL),(438,'Grade level / contractual status','STC',157,NULL),(439,'Location','Headquarters (HQ)',157,NULL),(440,'Mapped years','1 to 3 years',157,NULL),(441,'Primary focus area','Water Resources Management',157,NULL),(442,'VPU','Sustainable Development Network Anchor (Water Anchor, WSP and WPP)',157,NULL),(443,'Grade level / contractual status','GF',158,NULL),(444,'Location','Country Office in South Asia',158,NULL),(445,'Mapped years','1 to 3 years',158,NULL),(446,'Primary focus area','Water Supply and Sanitation',158,NULL),(447,'VPU','South Asia',158,NULL),(448,'Grade level / contractual status','GF',159,NULL),(449,'Location','Country Office in South Asia',159,NULL),(450,'Mapped years','4 to 10 years',159,NULL),(451,'Primary focus area','Water Supply and Sanitation',159,NULL),(452,'VPU','Sustainable Development Network Anchor (Water Anchor, WSP and WPP)',159,NULL),(453,'Grade level / contractual status','GG',160,NULL),(454,'Location','Country Office in South Asia',160,NULL),(455,'Mapped years','4 to 10 years',160,NULL),(456,'Primary focus area','Water Supply and Sanitation',160,NULL),(457,'VPU','Sustainable Development Network Anchor (Water Anchor, WSP and WPP)',160,NULL),(458,'Grade level / contractual status','ETC',161,NULL),(459,'Location','Country Office in South Asia',161,NULL),(460,'Mapped years','Less than 1 year',161,NULL),(461,'Primary focus area','Water Supply and Sanitation',161,NULL),(462,'VPU','Sustainable Development Network Anchor (Water Anchor, WSP and WPP)',161,NULL),(463,'Grade level / contractual status','GH+',162,NULL),(464,'Location','Country Office in East Asia and Pacific',162,NULL),(465,'Mapped years','4 to 10 years',162,NULL),(466,'Primary focus area','Water Supply and Sanitation',162,NULL),(467,'VPU','Sustainable Development Network Anchor (Water Anchor, WSP and WPP)',162,NULL),(468,'Grade level / contractual status','GG',163,NULL),(469,'Location','Headquarters (HQ)',163,NULL),(470,'Mapped years','More than 15 years',163,NULL),(471,'Primary focus area','Water Supply and Sanitation',163,NULL),(472,'VPU','Latin Americas and the Caribbean',163,NULL),(473,'Grade level / contractual status','GG',164,NULL),(474,'Location','Country Office in East Asia and Pacific',164,NULL),(475,'Mapped years','4 to 10 years',164,NULL),(476,'Primary focus area','Water Supply and Sanitation',164,NULL),(477,'VPU','Sustainable Development Network Anchor (Water Anchor, WSP and WPP)',164,NULL),(478,'Grade level / contractual status','GE',165,NULL),(479,'Location','Headquarters (HQ)',165,NULL),(480,'Mapped years','Less than 1 year',165,NULL),(481,'Primary focus area','Water Supply and Sanitation',165,NULL),(482,'VPU','Sustainable Development Network Anchor (Water Anchor, WSP and WPP)',165,NULL),(483,'Grade level / contractual status','GA-GD',166,NULL),(484,'Location','Country Office in Latin Americas and the Caribbean',166,NULL),(485,'Mapped years','4 to 10 years',166,NULL),(486,'Primary focus area','Water Supply and Sanitation',166,NULL),(487,'VPU','Latin Americas and the Caribbean',166,NULL),(488,'Grade level / contractual status','GF',167,NULL),(489,'Location','Country Office in Sub-Saharan Africa',167,NULL),(490,'Mapped years','4 to 10 years',167,NULL),(491,'Primary focus area','Communications',167,NULL),(492,'VPU','Africa',167,NULL),(493,'Grade level / contractual status','STC',168,NULL),(494,'Location','Headquarters (HQ)',168,NULL),(495,'Mapped years','Less than 1 year',168,NULL),(496,'Primary focus area','Water Supply and Sanitation',168,NULL),(497,'VPU','Sustainable Development Network Anchor (Water Anchor, WSP and WPP)',168,NULL),(498,'Grade level / contractual status','GF',169,NULL),(499,'Location','Headquarters (HQ)',169,NULL),(500,'Mapped years','1 to 3 years',169,NULL),(501,'Primary focus area','Water Supply and Sanitation',169,NULL),(502,'VPU','Sustainable Development Network Anchor (Water Anchor, WSP and WPP)',169,NULL),(503,'Grade level / contractual status','GH+',170,NULL),(504,'Location','Headquarters (HQ)',170,NULL),(505,'Mapped years','Less than 1 year',170,NULL),(506,'Primary focus area','Agricultural Water Management',170,NULL),(507,'VPU','Sustainable Development Network Anchor (Water Anchor, WSP and WPP)',170,NULL),(508,'Grade level / contractual status','GG',171,NULL),(509,'Location','Headquarters (HQ)',171,NULL),(510,'Mapped years','4 to 10 years',171,NULL),(511,'Primary focus area','Water Supply and Sanitation',171,NULL),(512,'VPU','Sustainable Development Network Anchor (Water Anchor, WSP and WPP)',171,NULL),(513,'Grade level / contractual status','GF',172,NULL),(514,'Location','Country Office in Sub-Saharan Africa',172,NULL),(515,'Mapped years','4 to 10 years',172,NULL),(516,'Primary focus area','Water Supply and Sanitation',172,NULL),(517,'VPU','Africa',172,NULL),(518,'Grade level / contractual status','GH+',173,NULL),(519,'Location','Headquarters (HQ)',173,NULL),(520,'Mapped years','More than 15 years',173,NULL),(521,'VPU','Sustainable Development Network Anchor (Water Anchor, WSP and WPP)',173,NULL),(522,'Grade level / contractual status','GG',174,NULL),(523,'Location','Country Office in Latin Americas and the Caribbean',174,NULL),(524,'Mapped years','4 to 10 years',174,NULL),(525,'Primary focus area','Water Supply and Sanitation',174,NULL),(526,'VPU','Latin Americas and the Caribbean',174,NULL),(527,'Grade level / contractual status','GG',175,NULL),(528,'Location','Headquarters (HQ)',175,NULL),(529,'Mapped years','4 to 10 years',175,NULL),(530,'Primary focus area','Water Supply and Sanitation',175,NULL),(531,'VPU','Sustainable Development Network Anchor (Water Anchor, WSP and WPP)',175,NULL),(532,'Grade level / contractual status','ETC',176,NULL),(533,'Location','Country Office in East Asia and Pacific',176,NULL),(534,'Mapped years','1 to 3 years',176,NULL),(535,'Primary focus area','Water Supply and Sanitation',176,NULL),(536,'VPU','Sustainable Development Network Anchor (Water Anchor, WSP and WPP)',176,NULL),(537,'Grade level / contractual status','GG',177,NULL),(538,'Location','Country Office in Sub-Saharan Africa',177,NULL),(539,'Mapped years','4 to 10 years',177,NULL),(540,'Primary focus area','Water Supply and Sanitation',177,NULL),(541,'VPU','Sustainable Development Network Anchor (Water Anchor, WSP and WPP)',177,NULL),(542,'Grade level / contractual status','GF',178,NULL),(543,'Location','Country Office in South Asia',178,NULL),(544,'Mapped years','4 to 10 years',178,NULL),(545,'Primary focus area','Water Supply and Sanitation',178,NULL),(546,'VPU','Sustainable Development Network Anchor (Water Anchor, WSP and WPP)',178,NULL),(547,'Grade level / contractual status','GG',179,NULL),(548,'Location','Headquarters (HQ)',179,NULL),(549,'Mapped years','Less than 1 year',179,NULL),(550,'Primary focus area','Agricultural Water Management',179,NULL),(551,'VPU','Africa',179,NULL),(552,'Grade level / contractual status','GG',180,NULL),(553,'Location','Headquarters (HQ)',180,NULL),(554,'Mapped years','4 to 10 years',180,NULL),(555,'Primary focus area','Water Supply and Sanitation',180,NULL),(556,'VPU','Middle East and North Africa',180,NULL),(557,'Grade level / contractual status','GH+',181,NULL),(558,'Location','Headquarters (HQ)',181,NULL),(559,'Mapped years','4 to 10 years',181,NULL),(560,'Primary focus area','Water Supply and Sanitation',181,NULL),(561,'VPU','Europe and Central Asia',181,NULL),(562,'Grade level / contractual status','GA-GD',182,NULL),(563,'Location','Country Office in Latin Americas and the Caribbean',182,NULL),(564,'Mapped years','4 to 10 years',182,NULL),(565,'Primary focus area','Water Supply and Sanitation',182,NULL),(566,'VPU','Sustainable Development Network Anchor (Water Anchor, WSP and WPP)',182,NULL),(567,'Grade level / contractual status','GF',183,NULL),(568,'Location','Headquarters (HQ)',183,NULL),(569,'Mapped years','Less than 1 year',183,NULL),(570,'Primary focus area','Water Supply and Sanitation',183,NULL),(571,'VPU','Africa',183,NULL),(572,'Grade level / contractual status','STC',184,NULL),(573,'Location','Country Office in Latin Americas and the Caribbean',184,NULL),(574,'Mapped years','1 to 3 years',184,NULL),(575,'Primary focus area','Water Supply and Sanitation',184,NULL),(576,'VPU','Latin Americas and the Caribbean',184,NULL),(577,'Grade level / contractual status','GF',185,NULL),(578,'Location','Country Office in Sub-Saharan Africa',185,NULL),(579,'Mapped years','4 to 10 years',185,NULL),(580,'Primary focus area','Water Supply and Sanitation',185,NULL),(581,'VPU','Sustainable Development Network Anchor (Water Anchor, WSP and WPP)',185,NULL),(582,'Grade level / contractual status','GF',186,NULL),(583,'Location','Country Office in Latin Americas and the Caribbean',186,NULL),(584,'Mapped years','11 to 15 years',186,NULL),(585,'Primary focus area','Water Supply and Sanitation',186,NULL),(586,'VPU','Latin Americas and the Caribbean',186,NULL),(587,'Grade level / contractual status','STT/ ETT',187,NULL),(588,'Location','Country Office in Latin Americas and the Caribbean',187,NULL),(589,'Mapped years','Less than 1 year',187,NULL),(590,'Primary focus area','Water Supply and Sanitation',187,NULL),(591,'VPU','Sustainable Development Network Anchor (Water Anchor, WSP and WPP)',187,NULL),(592,'Grade level / contractual status','GG',188,NULL),(593,'Location','Headquarters (HQ)',188,NULL),(594,'Mapped years','4 to 10 years',188,NULL),(595,'Primary focus area','Water Resources Management',188,NULL),(596,'VPU','Middle East and North Africa',188,NULL),(597,'Grade level / contractual status','STC',189,NULL),(598,'Location','Headquarters (HQ)',189,NULL),(599,'Mapped years','Less than 1 year',189,NULL),(600,'Primary focus area','Water Supply and Sanitation',189,NULL),(601,'VPU','Sustainable Development Network Anchor (Water Anchor, WSP and WPP)',189,NULL),(602,'Grade level / contractual status','ETC',190,NULL),(603,'Location','Country Office in Latin Americas and the Caribbean',190,NULL),(604,'Mapped years','1 to 3 years',190,NULL),(605,'Primary focus area','Water Supply and Sanitation',190,NULL),(606,'VPU','Latin Americas and the Caribbean',190,NULL),(607,'Grade level / contractual status','STT/ ETT',191,NULL),(608,'Location','Country Office in Latin Americas and the Caribbean',191,NULL),(609,'Mapped years','1 to 3 years',191,NULL),(610,'Primary focus area','Water and Sanitation (TA)',191,NULL),(611,'VPU','Sustainable Development Network Anchor (Water Anchor, WSP and WPP)',191,NULL),(612,'Grade level / contractual status','GF',192,NULL),(613,'Location','Country Office in Latin Americas and the Caribbean',192,NULL),(614,'Mapped years','1 to 3 years',192,NULL),(615,'Primary focus area','Water Supply and Sanitation',192,NULL),(616,'VPU','Sustainable Development Network Anchor (Water Anchor, WSP and WPP)',192,NULL),(617,'Grade level / contractual status','GF',193,NULL),(618,'Location','Country Office in Latin Americas and the Caribbean',193,NULL),(619,'Mapped years','4 to 10 years',193,NULL),(620,'Primary focus area','Water Supply and Sanitation',193,NULL),(621,'VPU','Sustainable Development Network Anchor (Water Anchor, WSP and WPP)',193,NULL),(622,'Grade level / contractual status','STT/ ETT',194,NULL),(623,'Location','Headquarters (HQ)',194,NULL),(624,'Mapped years','Less than 1 year',194,NULL),(625,'Primary focus area','Water Supply and Sanitation',194,NULL),(626,'VPU','Sustainable Development Network Anchor (Water Anchor, WSP and WPP)',194,NULL),(627,'Grade level / contractual status','GG',195,NULL),(628,'Location','Country Office in Sub-Saharan Africa',195,NULL),(629,'Mapped years','Less than 1 year',195,NULL),(630,'Primary focus area','Water Supply and Sanitation',195,NULL),(631,'VPU','Africa',195,NULL),(632,'Grade level / contractual status','ETC',196,NULL),(633,'Location','Headquarters (HQ)',196,NULL),(634,'Mapped years','1 to 3 years',196,NULL),(635,'Primary focus area','Water Resources Management',196,NULL),(636,'VPU','South Asia',196,NULL),(637,'Grade level / contractual status','GG',197,NULL),(638,'Location','Country Office in Middle East and North Africa',197,NULL),(639,'Mapped years','4 to 10 years',197,NULL),(640,'Primary focus area','Water Supply and Sanitation',197,NULL),(641,'VPU','Middle East and North Africa',197,NULL),(642,'Grade level / contractual status','GF',198,NULL),(643,'Location','Headquarters (HQ)',198,NULL),(644,'Mapped years','4 to 10 years',198,NULL),(645,'Primary focus area','Water Supply and Sanitation',198,NULL),(646,'VPU','Sustainable Development Network Anchor (Water Anchor, WSP and WPP)',198,NULL),(647,'Grade level / contractual status','JPA/JPO',199,NULL),(648,'Location','Headquarters (HQ)',199,NULL),(649,'Mapped years','Less than 1 year',199,NULL),(650,'Primary focus area','Hydropower',199,NULL),(651,'VPU','Sustainable Development Network Anchor (Water Anchor, WSP and WPP)',199,NULL),(652,'Grade level / contractual status','STC',200,NULL),(653,'Location','Headquarters (HQ)',200,NULL),(654,'Mapped years','Less than 1 year',200,NULL),(655,'Primary focus area','Enery-water nexus',200,NULL),(656,'VPU','Sustainable Development Network Anchor (Water Anchor, WSP and WPP)',200,NULL),(657,'Grade level / contractual status','STC',201,NULL),(658,'Location','Headquarters (HQ)',201,NULL),(659,'Mapped years','4 to 10 years',201,NULL),(660,'Primary focus area','Water Supply and Sanitation',201,NULL),(661,'VPU','East Asia and Pacific',201,NULL),(662,'Grade level / contractual status','STC',202,NULL),(663,'Location','Headquarters (HQ)',202,NULL),(664,'Mapped years','4 to 10 years',202,NULL),(665,'Primary focus area','Water Supply and Sanitation',202,NULL),(666,'VPU','Sustainable Development Network Anchor (Water Anchor, WSP and WPP)',202,NULL),(667,'Grade level / contractual status','ETC',203,NULL),(668,'Location','Country Office in Latin Americas and the Caribbean',203,NULL),(669,'Mapped years','Less than 1 year',203,NULL),(670,'Primary focus area','Water Supply and Sanitation',203,NULL),(671,'VPU','Sustainable Development Network Anchor (Water Anchor, WSP and WPP)',203,NULL),(672,'Grade level / contractual status','GG',204,NULL),(673,'Location','Country Office in Sub-Saharan Africa',204,NULL),(674,'Mapped years','Less than 1 year',204,NULL),(675,'Primary focus area','Water Supply and Sanitation',204,NULL),(676,'VPU','Africa',204,NULL),(677,'Grade level / contractual status','GF',205,NULL),(678,'Location','Headquarters (HQ)',205,NULL),(679,'Mapped years','1 to 3 years',205,NULL),(680,'Primary focus area','Water Resources Management',205,NULL),(681,'VPU','Sustainable Development Network Anchor (Water Anchor, WSP and WPP)',205,NULL),(682,'Grade level / contractual status','GG',206,NULL),(683,'Location','Headquarters (HQ)',206,NULL),(684,'Mapped years','4 to 10 years',206,NULL),(685,'Primary focus area','Water Resources Management',206,NULL),(686,'VPU','Sustainable Development Network Anchor (Water Anchor, WSP and WPP)',206,NULL),(687,'Grade level / contractual status','STC',207,NULL),(688,'Location','Country Office in Sub-Saharan Africa',207,NULL),(689,'Mapped years','1 to 3 years',207,NULL),(690,'Primary focus area','Hydropower',207,NULL),(691,'VPU','Africa',207,NULL),(692,'Grade level / contractual status','GG',208,NULL),(693,'Location','Country Office in Latin Americas and the Caribbean',208,NULL),(694,'Mapped years','1 to 3 years',208,NULL),(695,'Primary focus area','Water Supply and Sanitation',208,NULL),(696,'VPU','Latin Americas and the Caribbean',208,NULL),(697,'Grade level / contractual status','GF',209,NULL),(698,'Location','Country Office in Sub-Saharan Africa',209,NULL),(699,'Mapped years','1 to 3 years',209,NULL),(700,'Primary focus area','Water Supply and Sanitation',209,NULL),(701,'VPU','Sustainable Development Network Anchor (Water Anchor, WSP and WPP)',209,NULL),(702,'Grade level / contractual status','STC',210,NULL),(703,'Location','Country Office in Latin Americas and the Caribbean',210,NULL),(704,'Mapped years','11 to 15 years',210,NULL),(705,'Primary focus area','Water Supply and Sanitation',210,NULL),(706,'VPU','Latin Americas and the Caribbean',210,NULL),(707,'Grade level / contractual status','GA-GD',211,NULL),(708,'Location','Headquarters (HQ)',211,NULL),(709,'Mapped years','1 to 3 years',211,NULL),(710,'Primary focus area','Water Resources Management',211,NULL),(711,'VPU','Latin Americas and the Caribbean',211,NULL),(712,'Grade level / contractual status','GF',212,NULL),(713,'Location','Country Office in South Asia',212,NULL),(714,'Mapped years','1 to 3 years',212,NULL),(715,'Primary focus area','Water Supply and Sanitation',212,NULL),(716,'VPU','Sustainable Development Network Anchor (Water Anchor, WSP and WPP)',212,NULL),(717,'Grade level / contractual status','ETC',213,NULL),(718,'Location','Country Office in Sub-Saharan Africa',213,NULL),(719,'Mapped years','1 to 3 years',213,NULL),(720,'Primary focus area','Water Supply and Sanitation',213,NULL),(721,'VPU','Africa',213,NULL),(722,'Grade level / contractual status','GG',214,NULL),(723,'Location','Headquarters (HQ)',214,NULL),(724,'Mapped years','11 to 15 years',214,NULL),(725,'Primary focus area','Water Supply and Sanitation',214,NULL),(726,'VPU','Middle East and North Africa',214,NULL),(727,'Grade level / contractual status','GF',215,NULL),(728,'Location','Country Office in Sub-Saharan Africa',215,NULL),(729,'Mapped years','4 to 10 years',215,NULL),(730,'VPU','Sustainable Development Network Anchor (Water Anchor, WSP and WPP)',215,NULL),(731,'Grade level / contractual status','GA-GD',216,NULL),(732,'Location','Country Office in Sub-Saharan Africa',216,NULL),(733,'Mapped years','Less than 1 year',216,NULL),(734,'Primary focus area','Water Supply and Sanitation',216,NULL),(735,'VPU','Sustainable Development Network Anchor (Water Anchor, WSP and WPP)',216,NULL),(736,'Grade level / contractual status','GG',217,NULL),(737,'Location','Country Office in South Asia',217,NULL),(738,'Mapped years','4 to 10 years',217,NULL),(739,'Primary focus area','Water Supply and Sanitation',217,NULL),(740,'VPU','Sustainable Development Network Anchor (Water Anchor, WSP and WPP)',217,NULL),(741,'Grade level / contractual status','STC',218,NULL),(742,'Location','Country Office in East Asia and Pacific',218,NULL),(743,'Mapped years','1 to 3 years',218,NULL),(744,'Primary focus area','Water Supply and Sanitation',218,NULL),(745,'VPU','Sustainable Development Network Anchor (Water Anchor, WSP and WPP)',218,NULL),(746,'Grade level / contractual status','GG',219,NULL),(747,'Location','Country Office in Sub-Saharan Africa',219,NULL),(748,'Mapped years','1 to 3 years',219,NULL),(749,'Primary focus area','Water Supply and Sanitation',219,NULL),(750,'VPU','Sustainable Development Network Anchor (Water Anchor, WSP and WPP)',219,NULL),(751,'Grade level / contractual status','STT/ ETT',220,NULL),(752,'Location','Country Office in South Asia',220,NULL),(753,'Mapped years','1 to 3 years',220,NULL),(754,'Primary focus area','Water Supply and Sanitation',220,NULL),(755,'VPU','South Asia',220,NULL),(756,'Grade level / contractual status','GH+',221,NULL),(757,'Location','Headquarters (HQ)',221,NULL),(758,'Mapped years','11 to 15 years',221,NULL),(759,'Primary focus area','Water Supply and Sanitation',221,NULL),(760,'VPU','Sustainable Development Network Anchor (Water Anchor, WSP and WPP)',221,NULL),(761,'Grade level / contractual status','GG',222,NULL),(762,'Location','Country Office in South Asia',222,NULL),(763,'Mapped years','4 to 10 years',222,NULL),(764,'Primary focus area','Water Supply and Sanitation',222,NULL),(765,'VPU','South Asia',222,NULL),(766,'Grade level / contractual status','GF',223,NULL),(767,'Location','Country Office in South Asia',223,NULL),(768,'Mapped years','1 to 3 years',223,NULL),(769,'Primary focus area','Water Resources Management',223,NULL),(770,'VPU','South Asia',223,NULL),(771,'Grade level / contractual status','GF',224,NULL),(772,'Location','Country Office in East Asia and Pacific',224,NULL),(773,'Mapped years','11 to 15 years',224,NULL),(774,'Primary focus area','Water Supply and Sanitation',224,NULL),(775,'VPU','East Asia and Pacific',224,NULL),(776,'Grade level / contractual status','GH+',225,NULL),(777,'Location','Country Office in East Asia and Pacific',225,NULL),(778,'Mapped years','4 to 10 years',225,NULL),(779,'Primary focus area','Water Supply and Sanitation',225,NULL),(780,'VPU','Sustainable Development Network Anchor (Water Anchor, WSP and WPP)',225,NULL),(781,'Grade level / contractual status','STT/ ETT',226,NULL),(782,'Location','Country Office in Latin Americas and the Caribbean',226,NULL),(783,'Mapped years','1 to 3 years',226,NULL),(784,'Primary focus area','Water Supply and Sanitation',226,NULL),(785,'VPU','Sustainable Development Network Anchor (Water Anchor, WSP and WPP)',226,NULL),(786,'Grade level / contractual status','GF',227,NULL),(787,'Location','Headquarters (HQ)',227,NULL),(788,'Mapped years','4 to 10 years',227,NULL),(789,'Primary focus area','Water Resources Management',227,NULL),(790,'VPU','South Asia',227,NULL),(791,'Grade level / contractual status','GG',228,NULL),(792,'Location','Headquarters (HQ)',228,NULL),(793,'Mapped years','4 to 10 years',228,NULL),(794,'Primary focus area','Water Supply and Sanitation',228,NULL),(795,'VPU','Africa',228,NULL),(796,'Grade level / contractual status','GG',229,NULL),(797,'Location','Headquarters (HQ)',229,NULL),(798,'Mapped years','Less than 1 year',229,NULL),(799,'Primary focus area','Support function',229,NULL),(800,'VPU','Sustainable Development Network Anchor (Water Anchor, WSP and WPP)',229,NULL),(801,'Grade level / contractual status','GG',230,NULL),(802,'Location','Headquarters (HQ)',230,NULL),(803,'Mapped years','4 to 10 years',230,NULL),(804,'Primary focus area','Agricultural Water Management',230,NULL),(805,'VPU','South Asia',230,NULL),(806,'Grade level / contractual status','STC',231,NULL),(807,'Location','Headquarters (HQ)',231,NULL),(808,'Mapped years','Less than 1 year',231,NULL),(809,'Primary focus area','Water Supply and Sanitation',231,NULL),(810,'VPU','Sustainable Development Network Anchor (Water Anchor, WSP and WPP)',231,NULL),(811,'Grade level / contractual status','STC',232,NULL),(812,'Location','Country Office in East Asia and Pacific',232,NULL),(813,'Mapped years','4 to 10 years',232,NULL),(814,'Primary focus area','Water Supply and Sanitation',232,NULL),(815,'VPU','East Asia and Pacific',232,NULL),(816,'Grade level / contractual status','STC',233,NULL),(817,'Location','Country Office in South Asia',233,NULL),(818,'Mapped years','4 to 10 years',233,NULL),(819,'Primary focus area','Water Supply and Sanitation',233,NULL),(820,'VPU','East Asia and Pacific',233,NULL),(821,'Grade level / contractual status','STC',234,NULL),(822,'Location','Headquarters (HQ)',234,NULL),(823,'Mapped years','1 to 3 years',234,NULL),(824,'Primary focus area','Water Resources Management',234,NULL),(825,'VPU','Sustainable Development Network Anchor (Water Anchor, WSP and WPP)',234,NULL),(826,'Grade level / contractual status','GG',235,NULL),(827,'Location','Country Office in Latin Americas and the Caribbean',235,NULL),(828,'Mapped years','1 to 3 years',235,NULL),(829,'Primary focus area','Water Supply and Sanitation',235,NULL),(830,'VPU','Sustainable Development Network Anchor (Water Anchor, WSP and WPP)',235,NULL),(831,'Grade level / contractual status','GG',236,NULL),(832,'Location','Headquarters (HQ)',236,NULL),(833,'Mapped years','4 to 10 years',236,NULL),(834,'Primary focus area','Water Supply and Sanitation',236,NULL),(835,'VPU','Latin Americas and the Caribbean',236,NULL),(836,'Grade level / contractual status','GF',237,NULL),(837,'Location','Headquarters (HQ)',237,NULL),(838,'Mapped years','1 to 3 years',237,NULL),(839,'Primary focus area','Water Supply and Sanitation',237,NULL),(840,'VPU','Sustainable Development Network Anchor (Water Anchor, WSP and WPP)',237,NULL),(841,'Grade level / contractual status','GG',238,NULL),(842,'Location','Headquarters (HQ)',238,NULL),(843,'Mapped years','4 to 10 years',238,NULL),(844,'Primary focus area','Water Resources Management',238,NULL),(845,'VPU','Middle East and North Africa',238,NULL),(846,'Grade level / contractual status','GG',239,NULL),(847,'Location','Headquarters (HQ)',239,NULL),(848,'Mapped years','11 to 15 years',239,NULL),(849,'Primary focus area','Water Supply and Sanitation',239,NULL),(850,'VPU','Latin Americas and the Caribbean',239,NULL),(1227,'Comment','Information extracted from the questionaire itself, not the answers',365,NULL);
/*!40000 ALTER TABLE `resource_attribute` ENABLE KEYS */;
UNLOCK TABLES;

--
-- Table structure for table `tenant`
--

DROP TABLE IF EXISTS `tenant`;
/*!40101 SET @saved_cs_client     = @@character_set_client */;
/*!40101 SET character_set_client = utf8 */;
CREATE TABLE `tenant` (
  `tenant_id` int(11) NOT NULL AUTO_INCREMENT,
  `name` varchar(127) NOT NULL,
  `logo` varchar(255) DEFAULT 'footer.png',
  `disabled` tinyint(1) DEFAULT '0',
  `expires` datetime DEFAULT NULL,
  PRIMARY KEY (`tenant_id`),
  UNIQUE KEY `name_UNIQUE` (`name`)
) ENGINE=InnoDB AUTO_INCREMENT=7 DEFAULT CHARSET=latin1;
/*!40101 SET character_set_client = @saved_cs_client */;

--
-- Dumping data for table `tenant`
--

LOCK TABLES `tenant` WRITE;
/*!40000 ALTER TABLE `tenant` DISABLE KEYS */;
INSERT INTO `tenant` VALUES (1,'Mind-Alliance Systems','footer.png',0,NULL),(2,'Rockefeller Foundation','powered.rc.png',0,NULL),(3,'World Bank','footer-wb.png',0,NULL),(4,'Professor Joao','footer.png',0,NULL),(5,'Mister Joel','footer.png',0,NULL),(6,'NATO ACT','footer.png',0,NULL);
/*!40000 ALTER TABLE `tenant` ENABLE KEYS */;
UNLOCK TABLES;

--
-- Table structure for table `user`
--

DROP TABLE IF EXISTS `user`;
/*!40101 SET @saved_cs_client     = @@character_set_client */;
/*!40101 SET character_set_client = utf8 */;
CREATE TABLE `user` (
  `id` int(11) NOT NULL AUTO_INCREMENT,
  `name` varchar(63) NOT NULL,
  `email` varchar(63) DEFAULT NULL,
  `hash` varchar(255) DEFAULT NULL,
  `lastSeen` timestamp NULL DEFAULT NULL,
  `disabled` tinyint(1) DEFAULT '0',
  `tenant_id` int(11) NOT NULL DEFAULT '1',
  `role` varchar(45) NOT NULL DEFAULT 'USER',
  PRIMARY KEY (`id`),
  UNIQUE KEY `name_UNIQUE` (`name`)
) ENGINE=InnoDB AUTO_INCREMENT=9 DEFAULT CHARSET=latin1;
/*!40101 SET character_set_client = @saved_cs_client */;

--
-- Dumping data for table `user`
--

LOCK TABLES `user` WRITE;
/*!40000 ALTER TABLE `user` DISABLE KEYS */;
INSERT INTO `user` VALUES (1,'scott','','demo',NULL,0,2,'USER'),(2,'test',NULL,'testing',NULL,0,1,'USER'),(4,'jryu',NULL,'wb',NULL,0,3,'USER'),(5,'joao',NULL,'demo',NULL,0,4,'USER'),(6,'joel',NULL,'demo',NULL,0,5,'USER'),(7,'allan',NULL,'debbie',NULL,0,1,'USER'),(8,'ryan',NULL,'vacanti',NULL,0,6,'USER');
/*!40000 ALTER TABLE `user` ENABLE KEYS */;
UNLOCK TABLES;
/*!40103 SET TIME_ZONE=@OLD_TIME_ZONE */;

/*!40101 SET SQL_MODE=@OLD_SQL_MODE */;
/*!40014 SET FOREIGN_KEY_CHECKS=@OLD_FOREIGN_KEY_CHECKS */;
/*!40014 SET UNIQUE_CHECKS=@OLD_UNIQUE_CHECKS */;
/*!40101 SET CHARACTER_SET_CLIENT=@OLD_CHARACTER_SET_CLIENT */;
/*!40101 SET CHARACTER_SET_RESULTS=@OLD_CHARACTER_SET_RESULTS */;
/*!40101 SET COLLATION_CONNECTION=@OLD_COLLATION_CONNECTION */;
/*!40111 SET SQL_NOTES=@OLD_SQL_NOTES */;

-- Dump completed on 2013-04-03 10:43:11
