INSERT INTO `core_capability` (`id`, `name`, `description`) VALUES (1,'Access Control and Identity Verification','Apply a broad range of physical, technological, and cyber measures to control admittance to critical locations and systems, limiting access to authorized individuals to carry out legitimate activities.');
INSERT INTO `core_capability` (`id`, `name`, `description`) VALUES (2,'Community Resilience','Lead the integrated effort to recognize, understand, communicate, plan, and address risks so that the community can develop a set of actions to accomplish Mitigation and improve resilience.');
INSERT INTO `core_capability` (`id`, `name`, `description`) VALUES (3,'Critical Transportation','Provide transportation (including infrastructure access and accessible transportation services) for response priority objectives, including the evacuation of people and animals, and the delivery of vital response personnel, equipment, and services into the affected areas.');
INSERT INTO `core_capability` (`id`, `name`, `description`) VALUES (4,'Cybersecurity','Protect against damage to, the unauthorized use of, and/or the exploitation of (and, if needed, the restoration of) electronic communications systems and services (and the information contained therein).');
INSERT INTO `core_capability` (`id`, `name`, `description`) VALUES (5,'Economic Recovery','Return economic and business activities (including food and agriculture) to a healthy state and develop new business and employment opportunities that result in a sustainable and economically viable community.');
INSERT INTO `core_capability` (`id`, `name`, `description`) VALUES (6,'Environmental Response/Health and Safety','Ensure the availability of guidance and resources to address all hazards including hazardous materials, acts of terrorism, and natural disasters in support of the responder operations and the affected communities.');
INSERT INTO `core_capability` (`id`, `name`, `description`) VALUES (7,'Fatality Management Services','Provide fatality management services, including body recovery and victim identification, working with state and local authorities to provide temporary mortuary solutions, sharing information with mass care services for the purpose of reunifying family members and caregivers with missing persons/remains, and providing counseling to the bereaved.');
INSERT INTO `core_capability` (`id`, `name`, `description`) VALUES (8,'Forensics and Attribution','Conduct forensic analysis and attribute terrorist acts (including the means and methods of terrorism) to their source, to include forensic analysis as well as attribution for an attack and for the preparation for an attack in an effort to prevent initial or follow-on acts and/or swiftly develop counter-options.');
INSERT INTO `core_capability` (`id`, `name`, `description`) VALUES (9,'Health and Social Services','Restore and improve health and social services networks to promote the resilience, independence, health (including behavioral health), and well-being of the whole community.');
INSERT INTO `core_capability` (`id`, `name`, `description`) VALUES (10,'Housing','Implement housing solutions that effectively support the needs of the whole community and contribute to its sustainability and resilience.');
INSERT INTO `core_capability` (`id`, `name`, `description`) VALUES (11,'Infrastructure Systems','Stabilize critical infrastructure functions, minimize health and safety threats, and efficiently restore and revitalize systems and services to support a viable, resilient community.');
INSERT INTO `core_capability` (`id`, `name`, `description`) VALUES (12,'Intelligence and Information Sharing','Provide timely, accurate, and actionable information resulting from the planning, direction, collection, exploitation, processing, analysis, production, dissemination, evaluation, and feedback of available information concerning threats to the United States, its people, property, or interests; the development, proliferation, or use of WMDs; or any other matter bearing on U.S. national or homeland security by Federal, state, local, and other stakeholders. Information sharing is the ability to exchange intelligence, information, data, or knowledge among Federal, state, local, or private sector entities, as appropriate.');
INSERT INTO `core_capability` (`id`, `name`, `description`) VALUES (13,'Interdiction and Disruption','Delay, divert, intercept, halt, apprehend, or secure threats and/or hazards.');
INSERT INTO `core_capability` (`id`, `name`, `description`) VALUES (14,'Long-term Vulnerability Reduction','Build and sustain resilient systems, communities, and critical infrastructure and key resources lifelines so as to reduce their vulnerability to natural, technological, and human-caused incidents by lessening the likelihood, severity, and duration of the adverse consequences related to these incidents.');
INSERT INTO `core_capability` (`id`, `name`, `description`) VALUES (15,'Mass Care Services','Provide life-sustaining services to the affected population with a focus on hydration, feeding, and sheltering to those who have the most need, as well as support for reunifying families.');
INSERT INTO `core_capability` (`id`, `name`, `description`) VALUES (16,'Mass Search and Rescue Operations','Deliver traditional and atypical search and rescue capabilities, including personnel, services, animals, and assets to survivors in need, with the goal of saving the greatest number of endangered lives in the shortest time possible.');
INSERT INTO `core_capability` (`id`, `name`, `description`) VALUES (17,'Natural and Cultural Resources','Protect natural and cultural resources and historic properties through appropriate planning, mitigation, response, and recovery actions to preserve, conserve, rehabilitate, and restore them consistent with post-disaster community priorities and best practices and in compliance with appropriate environmental and historical preservation laws and executive orders.');
INSERT INTO `core_capability` (`id`, `name`, `description`) VALUES (18,'On-scene Security and Protection','Ensure a safe and secure environment through law enforcement and related security and protection operations for people and communities located within affected areas and also for all traditional and atypical response personnel engaged in lifesaving and life-sustaining operations.');
INSERT INTO `core_capability` (`id`, `name`, `description`) VALUES (19,'Operational Communications','Ensure the capacity for timely communications in support of security, situational awareness, and operations by any and all means available, among and between affected communities in the impact area and all response forces.');
INSERT INTO `core_capability` (`id`, `name`, `description`) VALUES (20,'Operational Coordination','Establish and maintain a unified and coordinated operational structure and process that appropriately integrates all critical stakeholders and supports the execution of core capabilities.');
INSERT INTO `core_capability` (`id`, `name`, `description`) VALUES (21,'Physical Protective Measures','Reduce or mitigate risks, including actions targeted at threats, vulnerabilities, and/or consequences, by controlling movement and protecting borders, critical infrastructure, and the homeland.');
INSERT INTO `core_capability` (`id`, `name`, `description`) VALUES (22,'Planning','Conduct a systematic process engaging the whole community as appropriate in the development of executable strategic, operational, and/or community-based approaches to meet defined objectives.');
INSERT INTO `core_capability` (`id`, `name`, `description`) VALUES (23,'Public and Private Services and Resources','Provide essential public and private services and resources to the affected population and surrounding communities, to include emergency power to critical facilities, fuel support for emergency responders, and access to community staples (e.g., grocery stores, pharmacies, and banks) and fire and other first response services.');
INSERT INTO `core_capability` (`id`, `name`, `description`) VALUES (24,'Public Health and Medical Services','Provide lifesaving medical treatment via emergency medical services and related operations and avoid additional disease and injury by providing targeted public health and medical support and products to all people in need within the affected area.');
INSERT INTO `core_capability` (`id`, `name`, `description`) VALUES (25,'Public Information and Warning','Deliver coordinated, prompt, reliable, and actionable information to the whole community through the use of clear, consistent, accessible, and culturally and linguistically appropriate methods to effectively relay information regarding any threat or hazard, as well as the actions being taken and the assistance being made available, as appropriate.');
INSERT INTO `core_capability` (`id`, `name`, `description`) VALUES (26,'Risk and Disaster Resilience Assessment','Assess risk and disaster resilience so that decision makers, responders, and community members can take informed action to reduce their entity''s risk and increase their resilience.');
INSERT INTO `core_capability` (`id`, `name`, `description`) VALUES (27,'Risk Management for Protection Programs and Activities','Identify, assess, and prioritize risks to inform Protection activities and investments.');
INSERT INTO `core_capability` (`id`, `name`, `description`) VALUES (28,'Screening, Search, and Detection','Identify, discover, or locate threats and/or hazards through active and passive surveillance and search procedures. This may include the use of systematic examinations and assessments, sensor technologies, or physical investigation and intelligence.');
INSERT INTO `core_capability` (`id`, `name`, `description`) VALUES (29,'Situational Assessment','Provide all decision makers with decision-relevant information regarding the nature and extent of the hazard, any cascading effects, and the status of the response.');
INSERT INTO `core_capability` (`id`, `name`, `description`) VALUES (30,'Supply Chain Integrity and Security','Strengthen the security and resilience of the supply chain.');
INSERT INTO `core_capability` (`id`, `name`, `description`) VALUES (31,'Threats and Hazard Identification','Identify the threats and hazards that occur in the geographic area; determine the frequency and magnitude; and incorporate this into analysis and planning processes so as to clearly understand the needs of a community or entity.');
INSERT INTO `critical_task` (`id`, `type`, `description`, `core_capability`, `parent`) VALUES (1,'Planning and Direction','Establish the intelligence and information requirements of the consumer.',12,NULL);
INSERT INTO `critical_task` (`id`, `type`, `description`, `core_capability`, `parent`) VALUES (2,'Planning and Direction','Rapidly reprioritize law enforcement and intelligence assets as necessary and appropriate.',12,1);
INSERT INTO `critical_task` (`id`, `type`, `description`, `core_capability`, `parent`) VALUES (3,'Planning and Direction','Engage with public and private sector partners in order to determine what intelligence and information assets may be available for reprioritization.',12,1);
INSERT INTO `critical_task` (`id`, `type`, `description`, `core_capability`, `parent`) VALUES (4,'Planning and Direction','Obtain additional information through avenues such as law enforcement deployment, questioning of witnesses and suspects, increased surveillance activity, and community policing and outreach.',12,1);
INSERT INTO `critical_task` (`id`, `type`, `description`, `core_capability`, `parent`) VALUES (5,'Collection','Gather the required raw data to produce the desired finished intelligence and information products.',12,NULL);
INSERT INTO `critical_task` (`id`, `type`, `description`, `core_capability`, `parent`) VALUES (6,'Collection','Gather/collect information via law enforcement operations, suspicious activity reporting, surveillance, community engagement, and other activities and sources as necessary.',12,5);
INSERT INTO `critical_task` (`id`, `type`, `description`, `core_capability`, `parent`) VALUES (7,'Exploitation and Processing','Convert raw data into comprehensible information.',12,NULL);
INSERT INTO `critical_task` (`id`, `type`, `description`, `core_capability`, `parent`) VALUES (8,'Analysis and Production','Integrate, evaluate, analyze, and prepare the processed information for inclusion in the finished product.',12,NULL);
INSERT INTO `critical_task` (`id`, `type`, `description`, `core_capability`, `parent`) VALUES (9,'Dissemination','Deliver finished intelligence and information products to the consumer and others as applicable.',12,NULL);
INSERT INTO `critical_task` (`id`, `type`, `description`, `core_capability`, `parent`) VALUES (10,'Dissemination','Develop appropriately classified/unclassified products to disseminate threat information to local, state, tribal, territorial, Federal, international, private sector, nonprofit sector, faith-based organizations, and public partners.',12,9);
INSERT INTO `critical_task` (`id`, `type`, `description`, `core_capability`, `parent`) VALUES (11,'Feedback and Evaluation','Acquire continual feedback during the intelligence cycle that aids in refining each individual stage and the cycle as a whole.',12,NULL);
INSERT INTO `critical_task` (`id`, `type`, `description`, `core_capability`, `parent`) VALUES (12,'Assessment','Continually assess threat information to inform continued prevention operations and ongoing response activities.',12,NULL);
INSERT INTO `critical_task` (`id`, `type`, `description`, `core_capability`, `parent`) VALUES (13,'','Locate persons and networks associated with imminent terrorist threats.',28,NULL);
INSERT INTO `critical_task` (`id`, `type`, `description`, `core_capability`, `parent`) VALUES (14,'','Develop and engage an observant Nation (i.e., individuals and families; communities; NGOs; private sector entities; and local, state, tribal, and territorial partners).',28,NULL);
INSERT INTO `critical_task` (`id`, `type`, `description`, `core_capability`, `parent`) VALUES (15,'','Screen and/or scan inbound and outbound persons, baggage, mail, cargo, and conveyances using technical, non-technical, intrusive, and non-intrusive means without unduly hampering commerce.',28,NULL);
INSERT INTO `critical_task` (`id`, `type`, `description`, `core_capability`, `parent`) VALUES (16,'','Apply additional measures for high risk persons, conveyances, or items.',28,15);
INSERT INTO `critical_task` (`id`, `type`, `description`, `core_capability`, `parent`) VALUES (17,'','Conduct physical searches.',28,NULL);
INSERT INTO `critical_task` (`id`, `type`, `description`, `core_capability`, `parent`) VALUES (18,'','Conduct chemical, biological, radiological, nuclear, and explosive (CBRNE) surveillance search and detection operations.',28,NULL);
INSERT INTO `critical_task` (`id`, `type`, `description`, `core_capability`, `parent`) VALUES (19,'','Conduct ambient and active detection of CBRNE.',28,18);
INSERT INTO `critical_task` (`id`, `type`, `description`, `core_capability`, `parent`) VALUES (20,'','Operate in a hazardous environment.',28,18);
INSERT INTO `critical_task` (`id`, `type`, `description`, `core_capability`, `parent`) VALUES (21,'','Conduct technical search/detection operations.',28,18);
INSERT INTO `critical_task` (`id`, `type`, `description`, `core_capability`, `parent`) VALUES (22,'','Conduct non-technical search/detection operations.',28,18);
INSERT INTO `critical_task` (`id`, `type`, `description`, `core_capability`, `parent`) VALUES (23,'','Conduct biosurveillance. Biosurveillance includes medical, public health, animal health, and the environment.',28,NULL);
INSERT INTO `critical_task` (`id`, `type`, `description`, `core_capability`, `parent`) VALUES (24,'','Search databases and other information and intelligence sources.',28,NULL);
INSERT INTO `critical_task` (`id`, `type`, `description`, `core_capability`, `parent`) VALUES (25,'','Employ wide-area search and detection assets in targeted region in concert with state and local personnel or other Federal agencies (depending on the threat).',28,NULL);
INSERT INTO `critical_task` (`id`, `type`, `description`, `core_capability`, `parent`) VALUES (26,'','Interdict conveyances, cargo, and persons associated with an imminent terrorist threat or act.',13,NULL);
INSERT INTO `critical_task` (`id`, `type`, `description`, `core_capability`, `parent`) VALUES (27,'','Prevent terrorist entry into the United States and its territories.',13,NULL);
INSERT INTO `critical_task` (`id`, `type`, `description`, `core_capability`, `parent`) VALUES (28,'','Prevent movement and operation of terrorists within the United States.',13,NULL);
INSERT INTO `critical_task` (`id`, `type`, `description`, `core_capability`, `parent`) VALUES (29,'','Render safe and dispose of CBRNE hazards in multiple locations and in all environments consistent with established protocols.',13,NULL);
INSERT INTO `critical_task` (`id`, `type`, `description`, `core_capability`, `parent`) VALUES (30,'','Disrupt terrorist financing or prevent other material support from reaching its target.',13,NULL);
INSERT INTO `critical_task` (`id`, `type`, `description`, `core_capability`, `parent`) VALUES (31,'','Prevent terrorist acquisition and transfer of CBRNE materials, precursors, and related technology.',13,NULL);
INSERT INTO `critical_task` (`id`, `type`, `description`, `core_capability`, `parent`) VALUES (32,'','Conduct anti-terrorism operations in the United States.',13,NULL);
INSERT INTO `critical_task` (`id`, `type`, `description`, `core_capability`, `parent`) VALUES (33,'','Conduct tactical counterterrorism operations in the United States, potentially in multiple locations and in all environments.',13,NULL);
INSERT INTO `critical_task` (`id`, `type`, `description`, `core_capability`, `parent`) VALUES (34,'','Strategically deploy assets to interdict, deter, or disrupt threats from reaching potential target(s).',13,NULL);
INSERT INTO `critical_task` (`id`, `type`, `description`, `core_capability`, `parent`) VALUES (35,'','Preserve the crime scene and conduct site exploitation for intelligence collection.',8,NULL);
INSERT INTO `critical_task` (`id`, `type`, `description`, `core_capability`, `parent`) VALUES (36,'','Conduct crime scene investigation.',8,NULL);
INSERT INTO `critical_task` (`id`, `type`, `description`, `core_capability`, `parent`) VALUES (37,'','Conduct forensic evidence examination, including biometric and DNA analysis.',8,NULL);
INSERT INTO `critical_task` (`id`, `type`, `description`, `core_capability`, `parent`) VALUES (38,'','Conduct CBRNE material analysis.',8,NULL);
INSERT INTO `critical_task` (`id`, `type`, `description`, `core_capability`, `parent`) VALUES (39,'','Conduct digital media and network exploitation.',8,NULL);
INSERT INTO `critical_task` (`id`, `type`, `description`, `core_capability`, `parent`) VALUES (40,'','Assess capabilities of perpetrating terrorists with known terrorist capabilities and methods of operation.',8,NULL);
INSERT INTO `critical_task` (`id`, `type`, `description`, `core_capability`, `parent`) VALUES (41,'','Conduct investigations to identify the perpetrator(s), conspirator(s), and sponsorship.',8,NULL);
INSERT INTO `critical_task` (`id`, `type`, `description`, `core_capability`, `parent`) VALUES (42,'','Interview witnesses, potential associates, and/or perpetrators.',8,NULL);
INSERT INTO `critical_task` (`id`, `type`, `description`, `core_capability`, `parent`) VALUES (43,'','Analyze intelligence and forensics results to refine/confirm investigative leads.',8,NULL);
INSERT INTO `critical_task` (`id`, `type`, `description`, `core_capability`, `parent`) VALUES (44,'','Fuse intelligence, law enforcement information, and technical forensic conclusions to develop attribution assessments.',8,NULL);
INSERT INTO `critical_task` (`id`, `type`, `description`, `core_capability`, `parent`) VALUES (45,'','Interpret and communicate attribution results, confidence levels, and their significance to national decision makers.',8,NULL);
INSERT INTO `critical_task` (`id`, `type`, `description`, `core_capability`, `parent`) VALUES (46,'','Initiate a time-sensitive, flexible planning process that builds on existing plans and incorporates real-time intelligence.',22,NULL);
INSERT INTO `critical_task` (`id`, `type`, `description`, `core_capability`, `parent`) VALUES (47,'','Make appropriate assumptions to inform decision makers and counterterrorism professionals’ actions to prevent imminent attacks on the homeland.',22,NULL);
INSERT INTO `critical_task` (`id`, `type`, `description`, `core_capability`, `parent`) VALUES (48,'','Evaluate current intelligence and coordinate the development of options as appropriate.',22,NULL);
INSERT INTO `critical_task` (`id`, `type`, `description`, `core_capability`, `parent`) VALUES (49,'','Identify possible terrorism targets and vulnerabilities.',22,NULL);
INSERT INTO `critical_task` (`id`, `type`, `description`, `core_capability`, `parent`) VALUES (50,'','Identify law enforcement, intelligence, diplomatic, private sector, economic, and/or military options designed to prevent, deter, or disrupt imminent terrorist attacks in the homeland.',22,NULL);
INSERT INTO `critical_task` (`id`, `type`, `description`, `core_capability`, `parent`) VALUES (51,'','Present courses of action to decision makers to locate, interdict, deter, or disrupt or prevent imminent attacks in the homeland.',22,NULL);
INSERT INTO `critical_task` (`id`, `type`, `description`, `core_capability`, `parent`) VALUES (52,'','Increase public awareness of indicators of terrorism and terrorism-related crime; for example, through the “If You See Something, Say Something”™ public awareness program.',25,NULL);
INSERT INTO `critical_task` (`id`, `type`, `description`, `core_capability`, `parent`) VALUES (53,'','Refine and consider options to release pre-event information publicly, and take action accordingly.',25,NULL);
INSERT INTO `critical_task` (`id`, `type`, `description`, `core_capability`, `parent`) VALUES (54,'','Protect information so as not to compromise ongoing prevention operations (e.g., intelligence activities and investigation).',25,NULL);
INSERT INTO `critical_task` (`id`, `type`, `description`, `core_capability`, `parent`) VALUES (55,'','Share prompt and actionable messages, to include NTAS alerts, with the public and other stakeholders, as appropriate, to aid in the prevention of imminent or follow-on terrorist attacks.',25,NULL);
INSERT INTO `critical_task` (`id`, `type`, `description`, `core_capability`, `parent`) VALUES (56,'','Use all appropriate communication means, such as the Integrated Public Alert and Warning System (IPAWS)14 and social media.',25,NULL);
INSERT INTO `critical_task` (`id`, `type`, `description`, `core_capability`, `parent`) VALUES (57,'','Collaborate with all relevant stakeholders.',20,NULL);
INSERT INTO `critical_task` (`id`, `type`, `description`, `core_capability`, `parent`) VALUES (58,'','Ensure clear lines and modes of communication among participating organizations and jurisdictions, both horizontally and vertically.',20,NULL);
INSERT INTO `critical_task` (`id`, `type`, `description`, `core_capability`, `parent`) VALUES (59,'','Facilitate effective intelligence and information sharing.',20,NULL);
INSERT INTO `critical_task` (`id`, `type`, `description`, `core_capability`, `parent`) VALUES (60,'','Define and communicate clear roles and responsibilities relative to courses of action.',20,NULL);
INSERT INTO `critical_task` (`id`, `type`, `description`, `core_capability`, `parent`) VALUES (61,'','Integrate and synchronize actions of participating organizations and jurisdictions to ensure unity of effort.',20,NULL);
INSERT INTO `critical_task` (`id`, `type`, `description`, `core_capability`, `parent`) VALUES (62,'','Determine priorities, objectives, strategies, and resource allocations.',20,NULL);
INSERT INTO `critical_task` (`id`, `type`, `description`, `core_capability`, `parent`) VALUES (63,'','Coordinate activities across and among all levels of government and with critical nonprofit and private sector partners to prevent imminent terrorist threats and/or conduct law enforcement investigative and response activities after an act of terrorism.',20,NULL);
INSERT INTO `critical_task` (`id`, `type`, `description`, `core_capability`, `parent`) VALUES (64,'','Identify data requirements across stakeholders.',31,NULL);
INSERT INTO `critical_task` (`id`, `type`, `description`, `core_capability`, `parent`) VALUES (65,'','Gather required data in a timely and accurate manner in order to effectively identify threats and hazards.',31,NULL);
INSERT INTO `critical_task` (`id`, `type`, `description`, `core_capability`, `parent`) VALUES (66,'','Ensure that the right data are received by the right people at the right time.',31,NULL);
INSERT INTO `critical_task` (`id`, `type`, `description`, `core_capability`, `parent`) VALUES (67,'','Share appropriate data on natural and manmade hazards in a transparent and usable manner.',31,NULL);
INSERT INTO `critical_task` (`id`, `type`, `description`, `core_capability`, `parent`) VALUES (68,'','Strike a proper balance between dissemination and classification of national security and intelligence information.',31,NULL);
INSERT INTO `critical_task` (`id`, `type`, `description`, `core_capability`, `parent`) VALUES (69,'','Build cooperation among private and public sectors by protecting internal interests but sharing threats and hazard identification resources and benefits.',31,NULL);
INSERT INTO `critical_task` (`id`, `type`, `description`, `core_capability`, `parent`) VALUES (70,'','Leverage available third-party data, tools, and information; social media; and open-source technology.',31,NULL);
INSERT INTO `critical_task` (`id`, `type`, `description`, `core_capability`, `parent`) VALUES (71,'','Translate data into meaningful and actionable information through appropriate analysis and collection tools to aid in preparing the public.',31,NULL);
INSERT INTO `critical_task` (`id`, `type`, `description`, `core_capability`, `parent`) VALUES (72,'','Data',26,NULL);
INSERT INTO `critical_task` (`id`, `type`, `description`, `core_capability`, `parent`) VALUES (73,'Data','Share risk assessment data, both new and existing, to establish common operations across mission areas and standardized data requirements and guidance. Secure sensitive data as appropriate.',26,72);
INSERT INTO `critical_task` (`id`, `type`, `description`, `core_capability`, `parent`) VALUES (74,'Data','Establish standard data formats to enable sharing of vulnerability data and risk assessment outputs.',26,72);
INSERT INTO `critical_task` (`id`, `type`, `description`, `core_capability`, `parent`) VALUES (75,'Data','Provide the right data to the right people at the right time.',26,72);
INSERT INTO `critical_task` (`id`, `type`, `description`, `core_capability`, `parent`) VALUES (76,'Data','Incorporate vulnerability data sets, such as population, demographic, infrastructure inventory and condition assessment information; climatological, geological, and environmental factors; critical infrastructure, lifelines, and key resources; building stock; and economic data to calculate the risk from the threats and hazards identified.',26,72);
INSERT INTO `critical_task` (`id`, `type`, `description`, `core_capability`, `parent`) VALUES (77,'Data','Incorporate data from lessons learned and statistical information to target consideration of populations (such as for individuals with disabilities or access and functional needs, LEP populations, and racially and ethnically diverse communities).',26,72);
INSERT INTO `critical_task` (`id`, `type`, `description`, `core_capability`, `parent`) VALUES (78,'Data','Update risk assessments to include changes to the risks and the physical environment. This includes aging infrastructure, new development, new mitigation projects and initiatives, post-event verification/validation, new technologies or improved methodologies, and better or more current data.',26,72);
INSERT INTO `critical_task` (`id`, `type`, `description`, `core_capability`, `parent`) VALUES (79,'Data','Create and maintain redundant systems for storing information.',26,72);
INSERT INTO `critical_task` (`id`, `type`, `description`, `core_capability`, `parent`) VALUES (80,'','Analysis',26,NULL);
INSERT INTO `critical_task` (`id`, `type`, `description`, `core_capability`, `parent`) VALUES (81,'Analysis','Perform credible risk assessments using scientifically valid and widely used risk assessment techniques.',26,80);
INSERT INTO `critical_task` (`id`, `type`, `description`, `core_capability`, `parent`) VALUES (82,'Analysis','Understand social and structural vulnerabilities.',26,80);
INSERT INTO `critical_task` (`id`, `type`, `description`, `core_capability`, `parent`) VALUES (83,'Analysis','Incorporate knowledge gained by those who have experienced incidents to help understand all the interdependencies, cascading impacts, and vulnerabilities associated with threats and hazards.',26,80);
INSERT INTO `critical_task` (`id`, `type`, `description`, `core_capability`, `parent`) VALUES (84,'Analysis','Validate, calibrate, and enhance risk assessments by relying on experience and knowledge beyond raw data or models.',26,80);
INSERT INTO `critical_task` (`id`, `type`, `description`, `core_capability`, `parent`) VALUES (85,'Analysis','Develop analysis tools to provide information more quickly to those who need it and make use of tools and technologies, such as geographic information systems (GIS).',26,80);
INSERT INTO `critical_task` (`id`, `type`, `description`, `core_capability`, `parent`) VALUES (86,'Analysis','Consolidate analysis efforts to remove useless duplication and provide a more uniform picture of the risks.',26,80);
INSERT INTO `critical_task` (`id`, `type`, `description`, `core_capability`, `parent`) VALUES (87,'','Education and Training',26,NULL);
INSERT INTO `critical_task` (`id`, `type`, `description`, `core_capability`, `parent`) VALUES (88,'Education and Training','Build the capability within communities to assess, analyze, and apply the knowledge of risk and resilience.',26,87);
INSERT INTO `critical_task` (`id`, `type`, `description`, `core_capability`, `parent`) VALUES (89,'Education and Training','Ensure that data users and assessment stakeholders get the best available data and understand the assumptions/estimations made in the methodology.',26,87);
INSERT INTO `critical_task` (`id`, `type`, `description`, `core_capability`, `parent`) VALUES (90,'Education and Training','Train stakeholders to develop risk assessments and have the same accurate and comprehensive standards of assessment outputs.',26,87);
INSERT INTO `critical_task` (`id`, `type`, `description`, `core_capability`, `parent`) VALUES (91,'Education and Training','Use risk assessments to design exercises for response activities and to determine the feasibility of mitigation projects and initiatives.',26,87);
INSERT INTO `critical_task` (`id`, `type`, `description`, `core_capability`, `parent`) VALUES (92,'','Embed risk-based decision making into the planning processes.',22,NULL);
INSERT INTO `critical_task` (`id`, `type`, `description`, `core_capability`, `parent`) VALUES (93,'','Collaborate, cooperate, and build consensus across other disciplines that impact plans.',22,NULL);
INSERT INTO `critical_task` (`id`, `type`, `description`, `core_capability`, `parent`) VALUES (94,'','Understand the demographics and systems that make up the community and their vulnerabilities and interdependencies with each other.',22,NULL);
INSERT INTO `critical_task` (`id`, `type`, `description`, `core_capability`, `parent`) VALUES (95,'','Include disability and other access and functional needs subject matter experts in mitigation planning to address considerations, such as architectural accessibility through compliance with the Americans with Disabilities Act architectural standards; disability and other access and functional needs advocacy organizations, such as independent living centers; and providers of disability- and other access and functional needs-related assistance/functional needs support services (FNSS).',22,NULL);
INSERT INTO `critical_task` (`id`, `type`, `description`, `core_capability`, `parent`) VALUES (96,'','Understand the full range of animal issues in the community. This will ensure that the jurisdiction is equipped to comprehensively address human and animal issues and take steps to mitigate vulnerabilities in this area during or after a disaster. Understand the unique differences between animals generally, as well as service animals, and the civil rights of their users, such as not being separated from their service animals and being able to use all parts of facilities the public uses.',22,NULL);
INSERT INTO `critical_task` (`id`, `type`, `description`, `core_capability`, `parent`) VALUES (97,'','Incorporate the findings from the assessment of risk and disaster resilience into the planning process.',22,NULL);
INSERT INTO `critical_task` (`id`, `type`, `description`, `core_capability`, `parent`) VALUES (98,'','Seek out and incorporate the whole community in planning efforts.',22,NULL);
INSERT INTO `critical_task` (`id`, `type`, `description`, `core_capability`, `parent`) VALUES (99,'','Build on the expertise, knowledge, and systems in place within the community.',22,NULL);
INSERT INTO `critical_task` (`id`, `type`, `description`, `core_capability`, `parent`) VALUES (100,'','Share success stories where resilience-based planning has demonstrated measureable effectiveness in creating economic vitality within communities.',22,NULL);
INSERT INTO `critical_task` (`id`, `type`, `description`, `core_capability`, `parent`) VALUES (101,'','Engage in a peer-to-peer and regional partnership (coalitions) mentoring structure that promotes best practices, particularly when the planning capability is not present in a community.',22,NULL);
INSERT INTO `critical_task` (`id`, `type`, `description`, `core_capability`, `parent`) VALUES (102,'','Foster public-private partnerships to promote resilience and maximize the use of available resources.',22,NULL);
INSERT INTO `critical_task` (`id`, `type`, `description`, `core_capability`, `parent`) VALUES (103,'','Promote planning initiatives through multiple media sources.',22,NULL);
INSERT INTO `critical_task` (`id`, `type`, `description`, `core_capability`, `parent`) VALUES (104,'','Know the community’s systems—who makes up the community and how to build constructive partnerships.',2,NULL);
INSERT INTO `critical_task` (`id`, `type`, `description`, `core_capability`, `parent`) VALUES (105,'','Understand the risks facing a community, including physical, social, economic, and environmental vulnerabilities to all threats and hazards.',2,NULL);
INSERT INTO `critical_task` (`id`, `type`, `description`, `core_capability`, `parent`) VALUES (106,'','Recognize and communicate the reinforcing relationships between environmental stewardship and natural hazard risk reduction (e.g., enhancement of flood storage through wetland protection/restoration and holistic floodplain management).',2,NULL);
INSERT INTO `critical_task` (`id`, `type`, `description`, `core_capability`, `parent`) VALUES (107,'','Communicate and utilize the best available localized climate projections so that the public and private sectors can make informed decisions.',2,NULL);
INSERT INTO `critical_task` (`id`, `type`, `description`, `core_capability`, `parent`) VALUES (108,'','Know the community’s permanent and transient population demographics and use that information to plan ahead to address resilience for the whole community, including individuals with disabilities and others with access and functional needs.',2,NULL);
INSERT INTO `critical_task` (`id`, `type`, `description`, `core_capability`, `parent`) VALUES (109,'','Foster sustained communication, civic engagement, and the development and implementation of proactive planning, response, and long-term risk reduction actions in the whole community.',2,NULL);
INSERT INTO `critical_task` (`id`, `type`, `description`, `core_capability`, `parent`) VALUES (110,'','Convince community members of the value of mitigation for reducing the impact of disasters and the scale of response and recovery efforts.',2,NULL);
INSERT INTO `critical_task` (`id`, `type`, `description`, `core_capability`, `parent`) VALUES (111,'','Identify and promote sound choices and discourage choices that increase vulnerabilities and risks.',2,NULL);
INSERT INTO `critical_task` (`id`, `type`, `description`, `core_capability`, `parent`) VALUES (112,'','Inspire transparency in risk management decision making so that individuals, communities, private organizations, and all levels of government demonstrate how resilience is considered.',2,NULL);
INSERT INTO `critical_task` (`id`, `type`, `description`, `core_capability`, `parent`) VALUES (113,'','Recognize the interdependent nature of the economy, health and social services, housing infrastructure, and natural and cultural resources within a community.',2,NULL);
INSERT INTO `critical_task` (`id`, `type`, `description`, `core_capability`, `parent`) VALUES (114,'','Acknowledge and seek out naturally occurring relationships within communities and build partnerships and coalitions before disasters or incidents occur.',2,NULL);
INSERT INTO `critical_task` (`id`, `type`, `description`, `core_capability`, `parent`) VALUES (115,'','Educate the next generation of community leaders and resilience professionals; learn from the past and from what is working in the present.',2,NULL);
INSERT INTO `critical_task` (`id`, `type`, `description`, `core_capability`, `parent`) VALUES (116,'','Steady-state/Ongoing Operations',25,NULL);
INSERT INTO `critical_task` (`id`, `type`, `description`, `core_capability`, `parent`) VALUES (117,'Steady-state/Ongoing Operations','Persuade the public that it is worthwhile to build a resilient community. Encourage private and public sector partners to work together to communicate the benefits of mitigation action and arrive at solutions.',25,116);
INSERT INTO `critical_task` (`id`, `type`, `description`, `core_capability`, `parent`) VALUES (118,'Steady-state/Ongoing Operations','Warn people of the risks in their community and the actions they can take to mitigate those risks.',25,116);
INSERT INTO `critical_task` (`id`, `type`, `description`, `core_capability`, `parent`) VALUES (119,'Steady-state/Ongoing Operations','Communicate priorities and actions identified through risk analysis and plans to stakeholders and those expected to take action to reduce risk.',25,116);
INSERT INTO `critical_task` (`id`, `type`, `description`, `core_capability`, `parent`) VALUES (120,'Steady-state/Ongoing Operations','Refine and consider options to publicly release potentially sensitive risk information.',25,116);
INSERT INTO `critical_task` (`id`, `type`, `description`, `core_capability`, `parent`) VALUES (121,'Steady-state/Ongoing Operations','Use social media, Web sites (e.g., Ready.gov), and smartphone applications, as well as more traditional mechanisms, such as community meetings or ethnic media outlets, to inform the public of actions to take to connect preparedness to resilience. Information and messaging should ensure effective communication with individuals who have disabilities or access and functional needs, including those who are deaf, hard of hearing, blind, or have low vision, through the use of appropriate auxiliary aids and services, such as sign language and other interpreters and the captioning of audio and video materials.',25,116);
INSERT INTO `critical_task` (`id`, `type`, `description`, `core_capability`, `parent`) VALUES (122,'Steady-state/Ongoing Operations','Promote mitigation and resilience to the public through a national preparedness campaign to increase public awareness and motivate individuals to build societal resilience prior to an event.',25,116);
INSERT INTO `critical_task` (`id`, `type`, `description`, `core_capability`, `parent`) VALUES (123,'Steady-state/Ongoing Operations','Target messages to reach organizations representing children, individuals with disabilities or access and functional needs, diverse communities, and people with LEP.',25,116);
INSERT INTO `critical_task` (`id`, `type`, `description`, `core_capability`, `parent`) VALUES (124,'Steady-state/Ongoing Operations','Support and increase the number of communities that develop and share risk reduction products (e.g., building codes, design standards, floodplain management principles and practices, and architectural accessibility standards).',25,116);
INSERT INTO `critical_task` (`id`, `type`, `description`, `core_capability`, `parent`) VALUES (125,'','Incident-driven Operations',25,NULL);
INSERT INTO `critical_task` (`id`, `type`, `description`, `core_capability`, `parent`) VALUES (126,'Incident-driven Operations','Provide the tools necessary to make decisions quickly, such as a synchronization matrix that allows multiple leaders to make independent decisions.',25,125);
INSERT INTO `critical_task` (`id`, `type`, `description`, `core_capability`, `parent`) VALUES (127,'Incident-driven Operations','Share information obtained through coordinating activities to inform response and recovery decision making by effectively communicating threat and hazard risk analysis.',25,125);
INSERT INTO `critical_task` (`id`, `type`, `description`, `core_capability`, `parent`) VALUES (128,'Incident-driven Operations','Conduct outreach with atypical partners. Coordinate common messaging and verified source communications through local community leaders.',25,125);
INSERT INTO `critical_task` (`id`, `type`, `description`, `core_capability`, `parent`) VALUES (129,'Incident-driven Operations','Capitalize on the critical post-disaster window of opportunity and the media information cycle to influence public opinion to take steps toward future mitigation.',25,125);
INSERT INTO `critical_task` (`id`, `type`, `description`, `core_capability`, `parent`) VALUES (130,'','Change Management',25,NULL);
INSERT INTO `critical_task` (`id`, `type`, `description`, `core_capability`, `parent`) VALUES (131,'Change Management','Address evolving risk perception and risk communication within a community.',25,130);
INSERT INTO `critical_task` (`id`, `type`, `description`, `core_capability`, `parent`) VALUES (132,'Change Management','Practice science-based methods, such as community-based social marketing, to create behavior change.',25,130);
INSERT INTO `critical_task` (`id`, `type`, `description`, `core_capability`, `parent`) VALUES (133,'','Individual and Local Community',14,NULL);
INSERT INTO `critical_task` (`id`, `type`, `description`, `core_capability`, `parent`) VALUES (134,'Individual and Local Community','Broaden the use of natural hazards and catastrophic insurance.',14,133);
INSERT INTO `critical_task` (`id`, `type`, `description`, `core_capability`, `parent`) VALUES (135,'Individual and Local Community','Develop plans and recognize that a prepared individual or family is the foundation of a resilient community.',14,133);
INSERT INTO `critical_task` (`id`, `type`, `description`, `core_capability`, `parent`) VALUES (136,'Individual and Local Community','Promote neighborhood activities and encourage volunteerism that advances preparedness awareness campaigns.',14,133);
INSERT INTO `critical_task` (`id`, `type`, `description`, `core_capability`, `parent`) VALUES (137,'Individual and Local Community','Adopt and enforce a suitable building code to ensure resilient construction.',14,133);
INSERT INTO `critical_task` (`id`, `type`, `description`, `core_capability`, `parent`) VALUES (138,'Individual and Local Community','Incorporate mitigation measures into construction and development projects that take into account future conditions.',14,133);
INSERT INTO `critical_task` (`id`, `type`, `description`, `core_capability`, `parent`) VALUES (139,'Individual and Local Community','Capitalize on opportunities during the recovery building process to further reduce vulnerability.',14,133);
INSERT INTO `critical_task` (`id`, `type`, `description`, `core_capability`, `parent`) VALUES (140,'','Private Sector',14,NULL);
INSERT INTO `critical_task` (`id`, `type`, `description`, `core_capability`, `parent`) VALUES (141,'Private Sector','Determine the level of appropriate risk reduction to incorporate in operational and capital improvement projects.',14,140);
INSERT INTO `critical_task` (`id`, `type`, `description`, `core_capability`, `parent`) VALUES (142,'Private Sector','Advance projects and activities that do not increase the residual risk in nearby neighborhoods and communities.',14,140);
INSERT INTO `critical_task` (`id`, `type`, `description`, `core_capability`, `parent`) VALUES (143,'Private Sector','Coordinate with government and community organizations to reduce duplication of effort and encourage complementary efforts.',14,140);
INSERT INTO `critical_task` (`id`, `type`, `description`, `core_capability`, `parent`) VALUES (144,'','Government',14,NULL);
INSERT INTO `critical_task` (`id`, `type`, `description`, `core_capability`, `parent`) VALUES (145,'Government','Put community plans to work.',14,144);
INSERT INTO `critical_task` (`id`, `type`, `description`, `core_capability`, `parent`) VALUES (146,'Government','Execute identified risk management actions and projects resulting from analysis and planning processes in the community.',14,144);
INSERT INTO `critical_task` (`id`, `type`, `description`, `core_capability`, `parent`) VALUES (147,'Government','Make risk reduction a priority in capital improvement projects.',14,144);
INSERT INTO `critical_task` (`id`, `type`, `description`, `core_capability`, `parent`) VALUES (148,'Government','Employ a variety of incentives, statutory and regulatory requirements, and voluntary initiatives to implement successful practices throughout communities.',14,144);
INSERT INTO `critical_task` (`id`, `type`, `description`, `core_capability`, `parent`) VALUES (149,'Government','Be transparent and explicit about mitigation efforts in order to increase and sustain whole community investment, reduce duplication of effort, and encourage complementary efforts by partners.',14,144);
INSERT INTO `critical_task` (`id`, `type`, `description`, `core_capability`, `parent`) VALUES (150,'Government','Establish standards and practices to reduce long-term vulnerability.',14,144);
INSERT INTO `critical_task` (`id`, `type`, `description`, `core_capability`, `parent`) VALUES (151,'Government','Capitalize on opportunities during the recovery building process to further reduce vulnerability.',14,144);
INSERT INTO `critical_task` (`id`, `type`, `description`, `core_capability`, `parent`) VALUES (152,'','Steady-state/Ongoing Operations',20,NULL);
INSERT INTO `critical_task` (`id`, `type`, `description`, `core_capability`, `parent`) VALUES (153,'Steady-state/Ongoing Operations','Establish procedures and build partnerships and coalitions that support mitigation capabilities across the whole community and emphasize a coordinated delivery of mitigation capabilities.',20,152);
INSERT INTO `critical_task` (`id`, `type`, `description`, `core_capability`, `parent`) VALUES (154,'Steady-state/Ongoing Operations','Identify mitigation roles and responsibilities and engage stakeholders across the whole community to support the information sharing process.',20,152);
INSERT INTO `critical_task` (`id`, `type`, `description`, `core_capability`, `parent`) VALUES (155,'Steady-state/Ongoing Operations','Recognize the complexity of various interest groups and integrate organizations across communities, including public-private partnerships.',20,152);
INSERT INTO `critical_task` (`id`, `type`, `description`, `core_capability`, `parent`) VALUES (156,'','Incident-driven Operations',20,NULL);
INSERT INTO `critical_task` (`id`, `type`, `description`, `core_capability`, `parent`) VALUES (157,'Incident-driven Operations','Emphasize mitigation technique integration into Incident Command System (ICS)11 planning cycles by command and general staff representatives and educate whole community partners.',20,156);
INSERT INTO `critical_task` (`id`, `type`, `description`, `core_capability`, `parent`) VALUES (158,'Incident-driven Operations','Use and leverage mitigation products and capabilities, such as the identification of threats and the assessment of risk, to support incident operations.',20,156);
INSERT INTO `critical_task` (`id`, `type`, `description`, `core_capability`, `parent`) VALUES (159,'Incident-driven Operations','Contribute to the situational awareness and a common operating picture for the entire Federal Government and for local, state, tribal, and territorial governments, as appropriate, in the event of a natural disaster, act of terrorism, or other manmade disaster.',20,156);
INSERT INTO `critical_task` (`id`, `type`, `description`, `core_capability`, `parent`) VALUES (160,'Incident-driven Operations','Capitalize on opportunities for mitigation actions following disasters and incidents.',20,156);
INSERT INTO `critical_task` (`id`, `type`, `description`, `core_capability`, `parent`) VALUES (161,'','Change Management',20,NULL);
INSERT INTO `critical_task` (`id`, `type`, `description`, `core_capability`, `parent`) VALUES (162,'Incident-driven Operations','Adapt to evolving risks and changing conditions.',20,161);
INSERT INTO `critical_task` (`id`, `type`, `description`, `core_capability`, `parent`) VALUES (163,'Incident-driven Operations','Look for ways to include new stakeholders in mitigation capabilities.',20,161);
INSERT INTO `expertise` (`id`, `name`) VALUES (1,'Communication systems');
INSERT INTO `expertise` (`id`, `name`) VALUES (2,'Emergency Management');
INSERT INTO `expertise` (`id`, `name`) VALUES (3,'Environment');
INSERT INTO `expertise` (`id`, `name`) VALUES (4,'Information systems');
INSERT INTO `expertise` (`id`, `name`) VALUES (5,'Intelligence/Analysis');
INSERT INTO `expertise` (`id`, `name`) VALUES (6,'Law Enforcement');
INSERT INTO `expertise` (`id`, `name`) VALUES (7,'Legal');
INSERT INTO `expertise` (`id`, `name`) VALUES (8,'Logistics');
INSERT INTO `expertise` (`id`, `name`) VALUES (9,'Planning');
INSERT INTO `expertise` (`id`, `name`) VALUES (10,'Public Health');
INSERT INTO `expertise` (`id`, `name`) VALUES (11,'Public Relations');
INSERT INTO `expertise` (`id`, `name`) VALUES (12,'Sales and Marketing');
INSERT INTO `mission_area` (`id`, `name`, `description`) VALUES (1,'Prevention','The capabilities necessary to avoid, prevent or stop a threatened or actual act of terrorism. It is focused on ensuring we are optimally prepared to prevent an imminent terrorist attack within the United States.');
INSERT INTO `mission_area` (`id`, `name`, `description`) VALUES (2,'Protection','The capabilities necessary to secure the homeland against acts of terrorism and manmade or natural disasters.');
INSERT INTO `mission_area` (`id`, `name`, `description`) VALUES (3,'Mitigation','The capabilities necessary to reduce the loss of life and property by lessening the impact of disasters.');
INSERT INTO `mission_area` (`id`, `name`, `description`) VALUES (4,'Response','The capabilities necessary to save lives, protect property and the environment, and meet basic human needs after an incident has occurred.');
INSERT INTO `mission_area` (`id`, `name`, `description`) VALUES (5,'Recovery','The core capabilities necessary to assist communities affected by an incident to recover effectively.');
INSERT INTO `mission_area_core_capability` (`mission_area`, `core_capability`) VALUES (2,1);
INSERT INTO `mission_area_core_capability` (`mission_area`, `core_capability`) VALUES (3,2);
INSERT INTO `mission_area_core_capability` (`mission_area`, `core_capability`) VALUES (4,3);
INSERT INTO `mission_area_core_capability` (`mission_area`, `core_capability`) VALUES (2,4);
INSERT INTO `mission_area_core_capability` (`mission_area`, `core_capability`) VALUES (3,5);
INSERT INTO `mission_area_core_capability` (`mission_area`, `core_capability`) VALUES (4,6);
INSERT INTO `mission_area_core_capability` (`mission_area`, `core_capability`) VALUES (4,7);
INSERT INTO `mission_area_core_capability` (`mission_area`, `core_capability`) VALUES (1,8);
INSERT INTO `mission_area_core_capability` (`mission_area`, `core_capability`) VALUES (3,9);
INSERT INTO `mission_area_core_capability` (`mission_area`, `core_capability`) VALUES (3,10);
INSERT INTO `mission_area_core_capability` (`mission_area`, `core_capability`) VALUES (3,11);
INSERT INTO `mission_area_core_capability` (`mission_area`, `core_capability`) VALUES (4,11);
INSERT INTO `mission_area_core_capability` (`mission_area`, `core_capability`) VALUES (1,12);
INSERT INTO `mission_area_core_capability` (`mission_area`, `core_capability`) VALUES (2,12);
INSERT INTO `mission_area_core_capability` (`mission_area`, `core_capability`) VALUES (1,13);
INSERT INTO `mission_area_core_capability` (`mission_area`, `core_capability`) VALUES (2,13);
INSERT INTO `mission_area_core_capability` (`mission_area`, `core_capability`) VALUES (3,14);
INSERT INTO `mission_area_core_capability` (`mission_area`, `core_capability`) VALUES (4,15);
INSERT INTO `mission_area_core_capability` (`mission_area`, `core_capability`) VALUES (4,16);
INSERT INTO `mission_area_core_capability` (`mission_area`, `core_capability`) VALUES (3,17);
INSERT INTO `mission_area_core_capability` (`mission_area`, `core_capability`) VALUES (4,18);
INSERT INTO `mission_area_core_capability` (`mission_area`, `core_capability`) VALUES (4,19);
INSERT INTO `mission_area_core_capability` (`mission_area`, `core_capability`) VALUES (1,20);
INSERT INTO `mission_area_core_capability` (`mission_area`, `core_capability`) VALUES (2,20);
INSERT INTO `mission_area_core_capability` (`mission_area`, `core_capability`) VALUES (3,20);
INSERT INTO `mission_area_core_capability` (`mission_area`, `core_capability`) VALUES (4,20);
INSERT INTO `mission_area_core_capability` (`mission_area`, `core_capability`) VALUES (2,21);
INSERT INTO `mission_area_core_capability` (`mission_area`, `core_capability`) VALUES (1,22);
INSERT INTO `mission_area_core_capability` (`mission_area`, `core_capability`) VALUES (2,22);
INSERT INTO `mission_area_core_capability` (`mission_area`, `core_capability`) VALUES (3,22);
INSERT INTO `mission_area_core_capability` (`mission_area`, `core_capability`) VALUES (4,22);
INSERT INTO `mission_area_core_capability` (`mission_area`, `core_capability`) VALUES (4,23);
INSERT INTO `mission_area_core_capability` (`mission_area`, `core_capability`) VALUES (4,24);
INSERT INTO `mission_area_core_capability` (`mission_area`, `core_capability`) VALUES (1,25);
INSERT INTO `mission_area_core_capability` (`mission_area`, `core_capability`) VALUES (2,25);
INSERT INTO `mission_area_core_capability` (`mission_area`, `core_capability`) VALUES (3,25);
INSERT INTO `mission_area_core_capability` (`mission_area`, `core_capability`) VALUES (4,25);
INSERT INTO `mission_area_core_capability` (`mission_area`, `core_capability`) VALUES (3,26);
INSERT INTO `mission_area_core_capability` (`mission_area`, `core_capability`) VALUES (2,27);
INSERT INTO `mission_area_core_capability` (`mission_area`, `core_capability`) VALUES (1,28);
INSERT INTO `mission_area_core_capability` (`mission_area`, `core_capability`) VALUES (2,28);
INSERT INTO `mission_area_core_capability` (`mission_area`, `core_capability`) VALUES (4,29);
INSERT INTO `mission_area_core_capability` (`mission_area`, `core_capability`) VALUES (2,30);
INSERT INTO `mission_area_core_capability` (`mission_area`, `core_capability`) VALUES (3,31);
INSERT INTO `org_type` (`id`, `name`) VALUES (6,'Community');
INSERT INTO `org_type` (`id`, `name`) VALUES (1,'Federal Government');
INSERT INTO `org_type` (`id`, `name`) VALUES (3,'Local Government');
INSERT INTO `org_type` (`id`, `name`) VALUES (5,'Private Sector/Non-Governmental');
INSERT INTO `org_type` (`id`, `name`) VALUES (2,'State Government');
INSERT INTO `org_type` (`id`, `name`) VALUES (4,'Tribal Government');
INSERT INTO `subcommittee` (`id`, `name`) VALUES (1,'Civil Disturbance');
INSERT INTO `subcommittee` (`id`, `name`) VALUES (2,'Credentialing');
INSERT INTO `subcommittee` (`id`, `name`) VALUES (3,'Criminal Enterprise');
INSERT INTO `subcommittee` (`id`, `name`) VALUES (4,'Crisis Management');
INSERT INTO `subcommittee` (`id`, `name`) VALUES (5,'Critical Infrastructure');
INSERT INTO `subcommittee` (`id`, `name`) VALUES (6,'Dignitary/VIP');
INSERT INTO `subcommittee` (`id`, `name`) VALUES (7,'Explosive Device Response');
INSERT INTO `subcommittee` (`id`, `name`) VALUES (8,'Fire/Life Safety');
INSERT INTO `subcommittee` (`id`, `name`) VALUES (9,'Health/Medical');
INSERT INTO `subcommittee` (`id`, `name`) VALUES (10,'Intelligence');
INSERT INTO `subcommittee` (`id`, `name`) VALUES (11,'Interagency Communication');
INSERT INTO `subcommittee` (`id`, `name`) VALUES (12,'Legal');
INSERT INTO `subcommittee` (`id`, `name`) VALUES (13,'Marine Services');
INSERT INTO `subcommittee` (`id`, `name`) VALUES (14,'MetLife Stadium');
INSERT INTO `subcommittee` (`id`, `name`) VALUES (15,'NFL Experience');
INSERT INTO `subcommittee` (`id`, `name`) VALUES (16,'Public Affairs');
INSERT INTO `subcommittee` (`id`, `name`) VALUES (17,'Recovery Management');
INSERT INTO `subcommittee` (`id`, `name`) VALUES (18,'Tactical');
INSERT INTO `subcommittee` (`id`, `name`) VALUES (19,'Traffic/Transportation');
INSERT INTO `subcommittee` (`id`, `name`) VALUES (20,'Training');
